# pixel-12px - bitmap data from Fusion Pixel Font 12px proportional zh_hans (Ark Pixel base) (c) TakWolf, SIL OFL 1.1, see OFL-fusion-pixel-font.txt
# format: codepoint(hex) advance x_offset top_row width height rows(hex, top first)
@ px=12 ascent=13 descent=3
20 6 0 0 0 0 -
21 4 1 8 1 9 888888808
22 6 1 8 3 3 aaa
23 7 0 8 6 9 4848fc484848fc4848
24 6 0 9 5 11 2070a8a0a0702828a87020
25 8 0 8 7 9 44a448081020244a44
26 7 0 8 6 9 304848306494888874
27 4 1 8 1 3 888
28 6 1 9 3 11 24488888442
29 6 1 9 3 11 84422222448
2a 6 0 5 5 5 20a870a820
2b 6 0 5 5 5 2020f82020
2c 4 0 0 2 3 448
2d 6 0 3 5 1 f8
2e 4 1 0 1 1 8
2f 6 0 9 5 11 0808101020202040408080
30 6 0 8 5 9 70888898a8c8888870
31 6 1 8 3 9 4c444444e
32 6 0 8 5 9 7088080810204080f8
33 6 0 8 5 9 708808083008088870
34 6 0 8 5 9 103030505090f81010
35 6 0 8 5 9 f8808080f008088870
36 6 0 8 5 9 70888080f088888870
37 6 0 8 5 9 f80808101020202020
38 6 0 8 5 9 708888887088888870
39 6 0 8 5 9 708888887808088870
3a 4 1 5 1 6 800008
3b 4 0 5 2 8 40000448
3c 5 0 6 4 7 1248421
3d 6 0 4 5 3 f800f8
3e 5 0 6 4 7 8421248
3f 6 0 8 5 9 708808081020200020
40 8 0 8 7 10 38449aaaaaaaaab6403c
41 8 0 8 7 9 10102828447c448282
42 7 0 8 6 9 f8848484f8848484f8
43 7 0 8 6 9 384480808080804438
44 7 0 8 6 9 f088848484848488f0
45 7 0 8 6 9 fc808080f8808080fc
46 7 0 8 6 9 fc808080f880808080
47 7 0 8 6 9 38448080808c84443c
48 7 0 8 6 9 84848484fc84848484
49 4 0 8 3 9 e4444444e
4a 6 0 8 5 9 080808080808888870
4b 7 0 8 6 9 848890a0c0a0908884
4c 6 0 8 5 9 8080808080808080f8
4d 8 0 8 7 9 8282c6c6aaaa929292
4e 7 0 8 6 9 84c4a4a494948c8c84
4f 8 0 8 7 9 384482828282824438
50 7 0 8 6 9 f8848484f880808080
51 8 0 8 7 9 3844828282828a443a
52 7 0 8 6 9 f8848484f890888884
53 7 0 8 6 9 788480403008048478
54 8 0 8 7 9 fe1010101010101010
55 7 0 8 6 9 848484848484848478
56 8 0 8 7 9 828244444428281010
57 10 0 8 9 9 888888888550550550220220220
58 8 0 8 7 9 824444281028444482
59 8 0 8 7 9 824444282810101010
5a 7 0 8 6 9 fc04081020204080fc
5b 6 1 9 3 11 e888888888e
5c 6 0 9 5 11 8080404020202010100808
5d 6 1 9 3 11 e222222222e
5e 6 0 8 5 3 205088
5f 6 0 -2 5 1 f8
60 5 1 8 2 2 84
61 6 0 5 5 6 700878888878
62 6 0 8 5 9 808080f088888888f0
63 6 0 5 5 6 708880808870
64 6 0 8 5 9 080808788888888878
65 6 0 5 5 6 7088f8808870
66 5 0 8 4 9 344f44444
67 6 0 5 5 8 7888888888780870
68 6 0 8 5 9 808080b0c888888888
69 4 0 8 3 9 400c4444e
6a 4 0 8 3 11 200e222222c
6b 6 0 8 5 9 80808088b0c0a09088
6c 4 0 8 3 9 c44444446
6d 8 0 5 7 6 ec9292929292
6e 6 0 5 5 6 b0c888888888
6f 6 0 5 5 6 708888888870
70 6 0 5 5 8 f088888888f08080
71 6 0 5 5 8 7888888888780808
72 5 0 5 4 6 bc8888
73 6 0 5 5 6 708860108870
74 5 0 8 4 9 444f44443
75 6 0 5 5 6 888888889868
76 6 0 5 5 6 888850502020
77 8 0 5 7 6 9292aaaa4444
78 6 0 5 5 6 885020205088
79 6 0 5 5 8 88888850502020c0
7a 6 0 5 5 6 f810204080f8
7b 7 1 9 4 11 34444844443
7c 4 1 9 1 11 88888888888
7d 7 1 9 4 11 c222212222c
7e 6 0 5 5 3 40a810
b0 5 0 9 4 4 6996
b1 6 0 5 5 6 2020f82020f8
b7 12 5 4 2 2 cc
d7 6 0 5 5 5 8850205088
f7 6 0 5 5 5 2000f80020
2013 6 0 4 6 1 fc
2014 12 0 4 11 1 ffe
2018 12 8 9 2 4 48cc
2019 12 1 9 2 4 cc48
201c 12 5 9 5 4 4890d8d8
201d 12 1 9 5 4 d8d84890
2022 12 4 6 4 4 6ff6
2026 12 1 4 10 2 cccccc
2190 12 0 6 11 5 200400ffe400200
2191 12 3 9 5 11 2070a82020202020202020
2192 12 0 6 11 5 008004ffe004008
2193 12 3 9 5 11 2020202020202020a87020
2460 12 0 9 11 11 0e03184444c48428428424444e43180e0
2461 12 0 9 11 11 0e03184e45148128628825045f43180e0
2462 12 0 9 11 11 0e03184e45148128628125144e43180e0
2463 12 0 9 11 11 0e03184644a48a29229225f44243180e0
2464 12 0 9 11 11 0e03185f45049029e28124145e43180e0
2465 12 0 9 11 11 0e03184e45149029e29125144e43180e0
2466 12 0 9 11 11 0e03185f44148228228424444443180e0
2467 12 0 9 11 11 0e03184e45149128e29125144e43180e0
2468 12 0 9 11 11 0e03184e45149128f28125144e43180e0
2469 12 0 9 11 11 0e031853474c94a94a94a54c5343180e0
25a0 12 0 9 11 11 ffeffeffeffeffeffeffeffeffeffeffe
25a1 12 0 9 11 11 ffe802802802802802802802802802ffe
25aa 12 3 6 5 5 f8f8f8f8f8
25ab 12 3 6 5 5 f8888888f8
25b2 12 1 8 9 9 0801c01c03e03e07f07f0ff8ff8
25b6 12 1 8 9 9 c00f00fc0ff0ff8ff0fc0f00c00
25bc 12 1 8 9 9 ff8ff87f07f03e03e01c01c0080
25c0 12 1 8 9 9 0180781f87f8ff87f81f8078018
25c6 12 0 9 11 11 0400e01f03f87fcffe7fc3f81f00e0040
25c7 12 0 9 11 11 0400a01102084048024042081100a0040
25cb 12 0 9 11 11 0e03184044048028028024044043180e0
25cf 12 0 9 11 11 0e03f87fc7fcffeffeffe7fc7fc3f80e0
2605 12 0 9 11 11 0400400e00e0ffe3f81f01f03b8318404
2606 12 0 9 11 11 0400400a00a0f1e2081101502a8318404
2665 12 0 9 11 11 3187bcffeffeffeffe7fc3f81f00e0040
2666 12 0 9 11 11 0400e01f03f87fcffe7fc3f81f00e0040
3001 12 1 1 3 3 862
3002 12 1 2 4 4 6996
3008 12 7 9 3 11 22448884422
3009 12 1 9 3 11 88442224488
300a 12 4 9 6 11 2424484890909048482424
300b 12 1 9 6 11 9090484824242448489090
300c 12 6 9 4 8 f8888888
300d 12 1 6 4 8 1111111f
300e 12 5 9 5 8 f888b8a0a0a0a0e0
300f 12 1 6 5 8 3828282828e888f8
3010 12 5 9 5 11 f8f0e0e0c0c0c0e0e0f0f8
3011 12 1 9 5 11 f8783838181818383878f8
30fb 12 5 4 2 2 cc
4e00 12 0 4 11 1 ffe
4e01 12 0 9 11 11 ffe0400400400400400400400400401c0
4e03 12 0 9 11 11 08008008008e0f0f8008008008208207e
4e07 12 0 9 11 11 ffe0800800800fc084084104104204c18
4e08 12 0 9 11 11 010010ffe0102102101200a00401b0e0e
4e09 12 0 9 11 11 7fc0000000000003f8000000000000ffe
4e0a 12 0 9 11 11 04004004004007c040040040040040ffe
4e0b 12 0 9 11 11 ffe040040040050048044040040040040
4e0c 12 0 9 11 11 ffe108108108108108108208208408808
4e0d 12 0 9 11 11 ffe0200400c0150248c44042040040040
4e0e 12 0 9 11 11 1001fe1002003fe002002ff200200201c
4e10 12 0 9 11 11 ffe04004047c4404407fe00200200201c
4e11 12 0 9 11 11 7f80880880880887f8108108108108ffe
4e13 12 0 9 11 11 0407fc080080ffe1003fc008190060018
4e14 12 0 9 11 11 3f82082083f82082083f8208208208ffe
4e15 12 0 9 11 11 ffe0200400c0158244c42040040000ffe
4e16 12 0 9 11 11 248248248ffe2482482482782002003fe
4e18 12 0 9 11 11 0183e02002003fc210210210210210ffe
4e19 12 0 9 11 11 ffe040040ffe8428a2912a0a80280280e
4e1a 12 0 9 11 11 110110110912912514514110110110ffe
4e1b 12 0 9 11 11 1101101101102a82a8444444882000ffe
4e1c 12 0 9 11 11 080ffe1002404407fc0402484448421c0
4e1d 12 0 9 11 11 104104208208492f3c208410fbe000ffe
4e1e 12 0 9 11 11 3f8010022f541542482484448c2000ffe
4e22 12 0 9 11 11 03c7c00407fc040040ffe0801102087f4
4e24 12 0 9 11 11 ffe110110ffe912912aaac4680280280e
4e25 12 0 9 11 11 7fe0904922940907fe400400400400800
4e27 12 0 9 11 11 0407fc040248150ffe2402222142c8306
4e28 12 5 9 1 11 88888888888
4e2a 12 0 9 11 11 0400a0110208c46040040040040040040
4e2b 12 1 9 9 11 808410220140080080080080080080080
4e2c 12 3 9 4 11 11951135911
4e2d 12 0 9 11 11 040040ffe842842842ffe040040040040
4e30 12 0 9 11 11 040040ffe0400407fc040040ffe040040
4e32 12 0 9 11 11 0407fc4444447fc040ffe842842ffe040
4e34 12 0 9 11 11 220220a3ea50a88a00afea92a922922fe
4e36 12 4 6 4 5 84211
4e38 12 0 9 11 11 100100ff011051031011029025241281e
4e39 12 0 9 11 11 3fc204244224204ffe20420440440481c
4e3a 12 0 9 11 11 440240040ffe04205208a08a102202c0c
4e3b 12 0 9 11 11 080040ffe0400400407fc040040040ffe
4e3d 12 0 9 11 11 ffe000fbe8a28a2cb2aaa8a28a28a29a6
4e3e 12 0 9 11 11 484248ffe110248c463f80407fc040040
4e3f 12 2 9 5 11 0808080808101020204080
4e43 12 0 9 11 11 7f810810811011e10210220220240281c
4e45 12 0 9 11 11 1001001f02104108200400a0110208c06
4e47 12 0 9 11 11 07cf800800800800fef8008008208207e
4e48 12 0 9 11 11 08008011011022042084008410421a7e2
4e49 12 0 9 11 11 0804444442082081100a00400a0318c06
4e4b 12 0 9 11 11 080040ffc0080100200400803004c083e
4e4c 12 0 9 11 11 0803f82082082182003fe002ff200201c
4e4d 12 0 9 11 11 2002003fe4808800fc0800800fc080080
4e4e 12 0 9 11 11 03c7c0040444248040ffe0400400401c0
4e4f 12 0 9 11 11 01cfe0080040ffc0080100601806009fe
4e50 12 0 9 11 11 01c7e0400440840ffe0402484448421c0
4e52 12 0 9 11 11 0183e02003fc210210210ffe000200c00
4e53 12 0 9 11 11 0183e02003fc210210210ffe000008006
4e54 12 0 9 11 11 03c7c0080ffe110208d16110110210410
4e56 12 0 9 11 11 03c7c0040ffe040152f5c150352d4e040
4e58 12 0 9 11 11 03c7c0040ffe154f58152f4e0e0358c46
4e59 12 0 9 11 11 ff80100200400801002004008028027fe
4e5c 12 0 9 11 11 200200218268388e082082382022021fe
4e5d 12 0 9 11 11 100100100ff011011011021021241281e
4e5e 12 0 9 11 11 2003fc4008007f80100601802004023fe
4e5f 12 0 9 11 11 04024024c2743c4e4424c2402022021fe
4e60 12 1 9 10 11 ffc0042041040840040340c4304c04018
4e61 12 0 9 11 11 0400801103e00400823fc008010060f80
4e66 12 0 9 11 11 0880847f8088088ffe08208208208c080
4e69 12 0 9 11 11 2202203a0220220220fa08a08a28a2f9e
4e70 12 0 9 11 11 ffe002224120420220ffe040090308c06
4e71 12 0 9 11 11 0d0710110110fd01101107d04524527ce
4e73 12 0 9 11 11 0d0f10a30550fd00901101d0f1211270e
4e7e 12 0 9 11 11 220fbe220fc08bcf84888f90220fa221e
4e86 12 1 9 9 11 ff80080100200400400400400400401c0
4e88 12 0 9 11 11 7fc008190060ffe0420440480400401c0
4e89 12 0 9 11 11 2003f04107fc044ffe0447fc0400401c0
4e8b 12 0 9 11 11 040ffe2482487fc044ffe0447fc0401c0
4e8c 12 0 8 11 9 7fc000000000000000000000ffe
4e8d 12 0 9 11 11 7fc000000ffe0400400400400400401c0
4e8e 12 0 9 11 11 7fc040040040040ffe0400400400401c0
4e8f 12 0 9 11 11 7fc000000ffe1002003fc004004004038
4e91 12 0 9 11 11 7fc000000000ffe0800801081082347c4
4e92 12 0 9 11 11 ffe1001001fc2042084087f0010010ffe
4e93 12 0 9 11 11 7fc000000ffe110110110110110210c10
4e94 12 0 9 11 11 7fc0800800807f8108108108208208ffe
4e95 12 0 9 11 11 110110ffe110110110ffe110110210c10
4e98 12 0 9 11 11 ffe0007fc4044047fc4044047fc000ffe
4e9a 12 0 9 11 11 ffe110110110912912514514110110ffe
4e9b 12 0 9 11 11 1105125d45185125d2e0e0003f8000ffe
4e9f 12 0 9 11 11 7f8010020f5e94294a944f4a0d2000ffe
4ea0 12 0 9 11 3 080040ffe
4ea1 12 0 9 11 11 080040ffe2002002002002002002003fc
4ea2 12 0 9 11 11 080040ffe0001f0110110110112212c1e
4ea4 12 0 9 11 11 040ffe000110208d160a00400a0318c06
4ea5 12 0 9 11 11 040ffe1002107e0044188e10060198e06
4ea6 12 0 9 11 11 080040ffe110110514512912210210470
4ea7 12 0 9 11 11 0207fe1040887fe400400400400400800
4ea8 12 0 9 11 11 040ffe2082083f80007f80100600401c0
4ea9 12 0 9 11 11 080040ffe0007fc4444447fc4444447fc
4eab 12 0 9 11 11 040ffe2083f80007f8010060ffe0401c0
4eac 12 0 9 11 11 040ffe0007fc4044047fc040248c461c0
4ead 12 0 9 11 11 040ffe2083f8000ffe802bfa0400401c0
4eae 12 0 9 11 11 040ffe2083f8000ffe8021f0110212c1e
4eb2 12 0 9 11 11 0407fc208110ffe040ffe040248c460c0
4eb3 12 0 9 11 11 040ffe2083f8000ffe8327c007cfc207e
4eb5 12 0 9 11 11 040ffe220f7c224f242561a0e142c8306
4eba 12 0 9 11 11 0400400400400a00a0110110208404802
4ebb 12 0 9 4 11 11226a22222
4ebf 12 0 9 11 11 2fc204408410c2042044044048248247e
4ec0 12 0 9 11 11 1101102102106fea10210210210210210
4ec1 12 0 9 11 11 2002fc400400c004004004004005fe400
4ec2 12 0 9 11 11 2202205fe422c2242242244244248250c
4ec3 12 0 9 11 11 2fe208408408c08408408408408408438
4ec4 12 0 9 11 11 7fe420420420420450450488488504a02
4ec5 12 0 9 11 11 2fe282482482c444444444284104284c6
4ec6 12 0 9 11 11 110110210210618a14212210210210210
4ec7 12 0 9 11 11 2402404405f8c4844844844848a48a50e
4ec9 12 0 9 11 11 2f8288488488c8848848848850a50a60e
4eca 12 0 9 11 11 0400a0318c060400207fc008010020040
4ecb 12 0 9 11 11 0400a0110208d16110110110210210410
4ecd 12 0 9 11 11 2fc244444448c4e44244244248248250c
4ece 12 0 9 11 11 1101101101101102a82a82a8444444882
4ed1 12 0 9 11 11 0400a0318c062002082303c02042041fc
4ed3 12 0 9 11 11 0400a0318c063f82082082382002021fe
4ed4 12 0 9 11 11 2fc204408410c104fe410410410410470
4ed5 12 0 9 11 11 210210410410dfe4104104104104104fc
4ed6 12 0 9 11 11 2102904964badd249249649048248247e
4ed7 12 0 9 11 11 2082085fe408c8848845045042045058e
4ed8 12 0 9 11 11 2082084fe408c08488448448408408438
4ed9 12 0 9 11 11 210210410492c924924924924924924fe
4edd 12 0 9 11 11 0400a0318c060007fc040040040040ffe
4ede 12 0 9 11 11 2fe2224224a2ca252242244244248250c
4edf 12 0 9 11 11 10c170210210610afe210210210210210
4ee1 12 0 9 11 11 24027e480500cfc40841042044048247e
4ee3 12 0 9 11 11 22822442043ede042042041041240a406
4ee4 12 0 9 11 11 0400a0318c060400207fc008190060018
4ee5 12 1 9 10 11 010910890890810810920a20c50888304
4ee8 12 0 9 11 11 2002fc400400c004fc4004004005fe400
4eea 12 0 9 11 11 220292492482c444444444284104284c6
4eeb 12 0 9 11 11 220220448448c9051042042444449a5e2
4eec 12 0 9 11 11 29e242402482c8248248248248248248e
4ef0 12 0 9 11 11 24039e512512d12512512552596410410
4ef2 12 0 9 11 11 2102104fe492c924924fe410410410410
4ef3 12 0 9 11 11 28828848848acec48848848848a4aa4ce
4ef5 12 0 9 11 11 2802fc510410c105fe410410410410410
4ef6 12 0 9 11 11 2902904fe510c104105fe410410410410
4ef7 12 0 9 11 11 210228444582c44444444444444444484
4efb 12 0 9 11 11 20c2f0410410c105fe4104104104104fc
4efd 12 0 9 11 11 248248484484d024fc444444484484518
4eff 12 0 9 11 11 2202105fe440c4047c444444484484518
4f01 12 0 9 11 11 0400a0318c0604024027c240240240ffe
4f09 12 0 9 11 11 2202105fe400c7844844844844a48a50e
4f0a 12 0 9 11 11 2fc2244245fec244244fc420420440580
4f0d 12 0 9 11 11 2fc220420420cfc4244244444444445fe
4f0e 12 0 9 11 11 2102105fe410c104fc4844844484305ce
4f0f 12 0 9 11 11 1141122102fe610a28228228244244282
4f10 12 0 9 11 11 22822442043ede042442841041246a586
4f11 12 0 9 11 11 2202205fe420c704704a84a8524622420
4f17 12 0 9 11 11 0400a0318c061101101102a82a8444882
4f18 12 0 9 11 11 2282244205fec2045045045049249251e
4f19 12 0 9 11 11 210210492492d14410410428428444582
4f1a 12 0 9 11 11 0400a0318c063f8000000ffe1002087f4
4f1b 12 0 9 11 11 2fe2804a4494c944884884944a44804fe
4f1e 12 0 9 11 11 0400a0318c46040248150ffe040040040
4f1f 12 0 9 11 11 2202205fe420cfc4205fe42242242c420
4f20 12 0 9 11 11 2102fc420420dfe4404fc404448430408
4f22 12 0 9 11 11 2fe244444484cfe41441442444458440c
4f24 12 0 9 11 11 24027e480520c204fe42242244244248c
4f25 12 0 9 11 11 244244448450c405fe450448448454462
4f26 12 0 9 11 11 210228444582c4044444847044244243e
4f27 12 0 9 11 11 210228444582c7c44444445c44044243e
4f2a 12 0 9 11 11 2902504105fec2243242a44a44248250c
4f2b 12 0 9 11 11 2202104fe482c824004004004004004fe
4f2f 12 0 9 11 11 2102204fe482c824824fe4824824824fe
4f30 12 0 9 11 11 2102105fe410c104104fc4844844844fc
4f32 12 0 9 11 11 2fe2824824fec804a04a64b84a04a251e
4f34 12 0 9 11 11 210292454410cfe4104105fe410410410
4f36 12 0 9 11 11 210228444582c104084fe40444843040c
4f38 12 0 9 11 11 2102104fe492c924fe4924924fe410410
4f3a 12 0 9 11 11 2fe2024fa402cfa48a48a48a4fa40240e
4f3c 12 0 9 11 11 224294494484c844884a84d4494422442
4f3d 12 0 9 11 11 28028e5ea4aacaa4aa4aa4aa4aa4aa56e
4f43 12 0 9 11 11 2fe292492492c924fe4924924924924fe
4f46 12 0 9 11 11 2fc284484484cfc4844844844fc4005fe
4f4d 12 0 9 11 11 2202105fe400c844844444484484105fe
4f4e 12 0 9 11 11 20c2f0490490c904fe49048848a4a64d2
4f4f 12 0 9 11 11 2202105fe410c104104fc4104104105fe
4f50 12 0 9 11 11 2202205fe440c404404be48848850847e
4f51 12 0 9 11 11 2102105fe420c2044047e4c254244247e
4f53 12 0 9 11 11 2202205fe420c704a84a85246fa420420
4f55 12 0 9 11 11 2fe2044044f4c944944944f440440441c
4f57 12 0 9 11 11 2102fe482440c4444847044044244243e
4f58 12 0 9 11 11 0e0110208df60000007fc040248c460c0
4f59 12 0 9 11 11 0e0110208df60400407fc040248c460c0
4f5a 12 0 9 11 11 2902904fc510c104105fe410428444582
4f5b 12 0 9 11 11 2482485fe44adfe5485fe44a44a48e508
4f5c 12 0 9 11 11 24024047e4a0d2043e42042043e420420
4f5d 12 0 9 11 11 24027e482502cfa48a48a48a4fa40240c
4f5e 12 0 9 11 11 2fc2004005fec204205fe4444c84305ce
4f5f 12 0 9 11 11 24027c484548c304485864604184c043c
4f60 12 0 9 11 11 2802fe482512c10454454492512410430
4f63 12 0 9 11 11 2fe2924924fec924924fe492492492516
4f64 12 0 9 11 11 2fe240440478c884c84a849850a56a58e
4f65 12 0 9 11 11 0400a0318c063f8000484248248010ffe
4f67 12 0 9 11 11 22022043c420c205fe420430428424420
4f69 12 0 9 11 11 3fc3045f4544df4554554554574546642
4f6c 12 0 9 11 11 2202fa424428dfe4204c254c47044243e
4f6f 12 0 9 11 11 2442284fe410c1047c4104104fe410410
4f70 12 0 9 11 11 2fe2104204fec824824fe4824824824fe
4f73 12 0 9 11 11 2102fc410410dfe4004104fc4104105fe
4f74 12 0 9 11 11 2fe24447c444c4447c44444445e5e4404
4f76 12 0 9 11 11 2102105fe410c104fc4004fc4844844fc
4f7b 12 0 9 11 11 24824854a4ccc484484cc54a44848a50e
4f7c 12 0 9 11 11 2102fe400444c825444444284104284c6
4f7e 12 0 9 11 11 23c284484502dfe4844fc4844fc48448c
4f7f 12 0 9 11 11 2102fe4104fec924924fe45042045058e
4f83 12 0 9 11 11 2fc2844844fcc004a84a84a84aa52a62e
4f84 12 0 9 11 11 2fe210420444cfa4104104fe4104105fe
4f88 12 0 9 11 11 21023e4c2424c184e043e4c24244184e0
4f89 12 0 9 11 11 2203fe448484d7a4005fe44047c404418
4f8b 12 0 9 11 11 3e228a48a4ead2a52a4aa44a44248250e
4f8d 12 0 9 11 11 21027c410410cfe4044fe44442440441c
4f8f 12 0 9 11 11 2902904fc510c105fe410438454592410
4f91 12 0 9 11 11 2202fe420440cfe54247e44247e442446
4f94 12 0 9 11 11 2202444fa400c904fe5104105fe410410
4f97 12 0 9 11 11 2fe2824ba482cba4aa4aa4aa4ba482486
4f9b 12 0 9 11 11 2482485fe448c484485fe400448484502
4f9d 12 0 9 11 11 2202105fe420c504925944884884a44c2
4fa0 12 0 9 11 11 2102fe410492c544105fe410428444582
4fa3 12 0 9 11 11 2fc284484484cfc4005fe5025025025fe
4fa5 12 0 9 11 11 2202264f8424c1a4e64004fe42844a58e
4fa6 12 0 9 11 11 21021e4104fec82492492492428444482
4fa7 12 0 9 11 11 7e2a2aaaaaaaaaaaaaaaaaaa882942a2e
4fa8 12 0 9 11 11 21c2e04205fec4848454a448448488508
4fa9 12 0 9 11 11 210228444582c7c4004004fe4204444fa
4faa 12 0 9 11 11 2102fe444428c104285c6444444444484
4fac 12 0 9 11 11 2102fe492420c20452494548448454462
4fae 12 0 9 11 11 2802fe5004fcca44945fe4a44944fe404
4faf 12 0 9 11 11 27c2045fe480cfe5104105fe428444582
4fb5 12 0 9 11 11 2fc2044fc404dfe5024fc4844484305ce
4fbf 12 0 9 11 11 2fe2104fe492cfe4924fe45042045058e
4fc3 12 0 9 11 11 2fe282482482cfe41049049e49057050e
4fc4 12 0 9 11 11 22c2ca4485fec4844a46a5c444444a4d2
4fc5 12 0 9 11 11 2142125fe410c92454418434452590430
4fca 12 0 9 11 11 2242445fe428c4a58643c4c44484385c6
4fce 12 0 9 11 11 27c24424457c5448c427c2445445448fe
4fcf 12 0 9 11 11 2922544104fec824fe4824fe482482486
4fd0 12 0 9 11 11 2323c244a44adfa44a4ca4ea55244244e
4fd1 12 0 9 11 11 2fc2284104fec924fe4924fe492492496
4fd7 12 0 9 11 11 248284532448c845024fc4844844844fc
4fd8 12 0 9 11 11 20c2f04a2454cfc4084105fe410410470
4fda 12 0 9 11 11 2fe2924924fec924924fe4104fe4105fe
4fdc 12 0 9 11 11 2102fc4944fcc945fe44047c404404418
4fdd 12 0 9 11 11 2fc2844844fcc104105fe438454592410
4fde 12 0 9 11 11 0400a0318df60007d44547d44547c444c
4fdf 12 0 9 11 11 2402845fa480cfe5104105fe428444582
4fe1 12 0 9 11 11 2202105fe400cfc4004fc4004fc4844fc
4fe3 12 0 9 11 11 2fc2844844fcc004fc4105fe4104285c6
4fe6 12 0 9 11 11 2102fe4104fec205fe4444fe54442440c
4fe8 12 0 9 11 11 2fe2284aa46cc284fe480480480480500
4fe9 12 0 9 11 11 2fe2284284fecaa4aa4aa4d6482482486
4fea 12 0 9 11 11 2fe2004ee4aacaa4aa4ee4aa4aa4aa4aa
4fed 12 0 9 11 11 210228444582c7c4004a24544544085fe
4fee 12 0 9 11 11 24027c4c8530dce5105645185644184e0
4fef 12 0 9 11 11 2103fe500524d2455e5c455454c54464c
4ff1 12 0 9 11 11 2fc2844fc484cfc4844fc4845fe484502
4ff3 12 0 9 11 11 2482485ce448c485ce4484485ce448448
4ff8 12 0 9 11 11 2203fc4405fcc807fe5246fa4205fc420
4ffa 12 0 9 11 11 2203fc488524ffe5245fc5245fc42241e
4ffe 12 0 9 11 11 2202fe4924fec924fe4284485fe408408
500c 12 0 9 11 11 2102fe48247cc4447c44047e44244247e
500d 12 0 9 11 11 2102fc400484c485fe4004fc4844844fc
500f 12 0 9 11 11 22023e5445a4d385d65145fe510468586
5012 12 0 9 11 11 3f224a48a52adda44a44a5f244247258e
5014 12 0 9 11 11 2fe2824fe488caa4aa4be4884aa4aa53e
5018 12 0 9 11 11 2922544104fec824ba4aa4aa4ba482486
5019 12 0 9 11 11 27c2045fe540d7e5905105fe528444482
501a 12 0 9 11 11 2102fe410428c445fe4044f44944f440c
501c 12 0 9 11 11 2fe2924ba492cba4824ba4aa4ba482506
501f 12 0 9 11 11 2482fc448448dfe4004fc4844fc4844fc
5021 12 0 9 11 11 2fc2844fc484cfc4005fe5025fe5025fe
5025 12 0 9 11 11 2103fe502448c845024fc4104104105fe
5026 12 0 9 11 11 2922544fe420dfe4444fa54845844243e
5028 12 0 9 11 11 2fe2824824fec884fe4884be4a24a253e
5029 12 0 9 11 11 2102fc4104fcc105fe4844fc4844fc484
502a 12 0 9 11 11 2202ce4824eec824824fe42842a44a58e
502c 12 0 9 11 11 21021e4104fcc844fc4844fc4105fe410
502d 12 0 9 11 11 20e2f04105fec545924205fe444478586
502e 12 0 9 11 11 2fe2924fe492cfe4105fe438454592410
503a 12 0 9 11 11 2103fe4104fcc105fe4844944944285c6
503c 12 0 9 11 11 2102fe4104fcc844fc4844fc4844845fe
503e 12 0 9 11 11 23e20853e522dea52a52a56a588414422
5043 12 0 9 11 11 2fe2a44bc4a4cbc4904fe4944984a44fe
5047 12 0 9 11 11 2ee2a24a24eec804ee48a48a4e448a492
5048 12 0 9 11 11 2fc2844fc484cfc4404fe5124aa4fa406
504c 12 0 9 11 11 2442fe444420cfe4204404fe54244247e
504e 12 0 9 11 11 2fe2924fe492cfe4005fe49048a4a44c2
504f 12 0 9 11 11 2102fe4824fec804fe4aa4aa4fe4aa52a
5055 12 0 9 11 11 2882ea48c4aacce4104fe4824fe4824fe
505a 12 0 9 11 11 2902905de4a4c944945d45545485545e2
505c 12 0 9 11 11 2203fe4844fcc005fe5024fc410410470
5065 12 0 9 11 11 2083be48a4fed0a5be4884be5884c853e
506c 12 0 9 11 11 2402fe52a4cacb252a404420494682478
5076 12 0 9 11 11 2fe2924fe492cfe4105fe51251657a506
5077 12 0 9 11 11 23024848457ac005ea52a5ea52a5e2526
507b 12 0 9 11 11 2922544fe438c544924205fe444478586
507e 12 0 9 11 11 2102fe4544fec444fe4824924924284c6
507f 12 0 9 11 11 2922544fe482c7c4004fe4204244444fa
5080 12 0 9 11 11 2403fc5245fcd245fc42845445c49251e
5085 12 0 9 11 11 2142fe4104fec924fe4924045fe44442c
5088 12 0 9 11 11 2fe2284fe4aacaa4fe4105fe438454592
508d 12 0 9 11 11 2102fe4444fec824104fe42043e44258c
50a3 12 0 9 11 11 2102fc4204fcc405fe4945524384545b2
50a5 12 0 9 11 11 2922544fe482c7c44444447c42844a58e
50a7 12 0 9 11 11 2102fe48a470c4047c4484485fe444582
50a8 12 0 9 11 11 20833e48a40cc3e58849e4b249e4d249e
50a9 12 0 9 11 11 2143d445e574d5e55449449e55455451e
50ac 12 0 9 11 11 2922924fe448cfe5884fe4884fe4884fe
50b2 12 0 9 11 11 2482e844e5f2c4a5ea48a4ea4a44aa572
50ba 12 0 9 11 11 2882ee56a4aac445ba4005fe410494532
50bb 12 0 9 11 11 2102fe4aa492cfe4444a243c4c44384c6
50cf 12 0 9 11 11 2782885fe492cfe47059a46c59a46a598
50d6 12 0 9 11 11 2103fe4104fcc844fc4485fe4844844fc
50da 12 0 9 11 11 2103fe4aa47ccc657c44447c410494532
50e6 12 0 9 11 11 24a3ea4085fed285285e84545746544e6
50e7 12 0 9 11 11 2443fe512556dfe4004fc4844fc4844fc
50ec 12 0 9 11 11 2482fe5884fec884fe4884fe4004aa4aa
50ed 12 0 9 11 11 3fe2485fe454ca65004fc4844fc4844fc
50ee 12 0 9 11 11 2102fc4485fec944fc4944945fe4105fe
50f3 12 0 9 11 11 2fe2284fe4aacfe4924545fe438454592
50f5 12 0 9 11 11 3fe2944fc494cfc4005fe4944fc4945fe
50fb 12 0 9 11 11 3c834857e554dd453e5c854877e5485c8
5106 12 0 9 11 11 2a83f84ae512dea62a5ea5645e442a4d2
5107 12 0 9 11 11 2fe2aa4fe400dfe4844fc4285ca454462
510b 12 0 9 11 11 2782885fe4a4cc24884fe4804be4a253e
5112 12 0 9 11 11 2fe2104fe492c544004fe4104fe4aa4aa
5121 12 0 9 11 11 2fc2944fc494cfc4005fe54a5fe54a5fe
513f 12 0 9 11 11 11011011011011011011021021241281e
5140 12 0 9 11 11 ffe11011011011011011021021241281e
5141 12 0 9 11 11 0400801102087fc114110110112212c1e
5143 12 0 9 11 11 7fc000000000ffe110110110112212c1e
5144 12 0 9 11 11 7fc4044044044047fc110110112212c1e
5145 12 0 9 11 11 040ffe0801102087fc114110110212c1e
5146 12 0 9 11 11 120924528330120330528924120222c3e
5148 12 0 9 11 11 2402403fc440040ffe110110112212c1e
5149 12 0 9 11 11 040444248150040ffe110110112212c1e
514b 12 0 9 11 11 040ffe0407fc4044047fc110112212c1e
514d 12 0 9 11 11 2003f0410ffc4444447fc0a00a2122e3e
5151 12 0 9 11 11 2081107fc4044044047fc110112212c1e
5154 12 0 9 11 11 2003f0410ffc4444447fc0a00b212ae3e
5155 12 0 9 11 11 7bc4a44a44e44044047fc110112212c1e
5156 12 0 9 11 11 040ffe2084849122087fc110112212c1e
515a 12 0 9 11 11 444248ffe802bfa2082083f8112212c1e
515c 12 0 9 11 11 0405f69129f2912df6000110112212c1e
5162 12 0 9 11 11 208fbe208fbe8a28a2fbe514554594926
5165 12 0 9 11 11 1000800400400a00a0110110208404802
5168 12 0 9 11 11 0400a0318c063f80400407fc040040ffe
516b 12 0 9 11 11 110110110110110208208208404404802
516c 12 0 9 11 11 1101102082084048820801081082347c4
516d 12 0 9 11 11 080040000ffe000000208204404402802
516e 12 0 9 11 11 110208404bfa0801001f8008008008070
5170 12 0 9 11 11 2081107fc0000000003f8000000000ffe
5171 12 0 9 11 11 1101107fc110110110ffe000110208c06
5173 12 0 9 11 11 2081107fc040040040ffe0a0110208c06
5174 12 0 9 11 11 084444248208010000ffe000110208c06
5175 12 0 9 11 11 0183e02003fc210210210ffe000208c06
5176 12 0 9 11 11 208ffe2083f82083f8208ffe000208c06
5177 12 0 9 11 11 3f82083f82083f82083f8208ffe208c06
5178 12 0 9 11 11 0a07fc4a44a47fc4a44a4ffe000208c06
5179 12 0 9 11 11 208110ffe208208492f3c2084929a6eba
517b 12 0 9 11 11 110ffe0407fc080ffe208514912110210
517c 12 0 9 11 11 110ffe0a07fc0a4ffe0a47fc1b02a8ca6
517d 12 0 9 11 11 2081107fc4447fc444ffe0007fc4047fc
5180 12 0 9 11 11 126f38122ffe2483f82487fc110ffe208
5181 12 0 9 11 11 8fe582ffea94ffea94ffe2a8faa2a4332
5182 12 0 9 11 11 ffe80280280280280280280280280280e
5185 12 0 9 11 11 040040ffe8428428a2912a0a80280280e
5188 12 0 9 11 11 ffe802a0a9128a28428a2912a0a80280e
5189 12 0 9 11 11 0407fc4444447fc444444ffe40440441c
518c 12 0 9 11 11 7bc4a44a44a44a4ffe4a44a44a44a49cc
518d 12 0 9 11 11 ffe0407fc4447fc444444ffe40440441c
5192 12 0 9 11 11 ffe802bfa802bfa2083f82083f82083f8
5195 12 0 9 11 11 7fc4045f44045f4210ffc4447fc122e3e
5196 12 0 6 11 3 ffe802802
5197 12 0 9 11 11 ffe8028021f0110110110110112212c1e
5199 12 0 9 11 11 ffe8029021f82003fc004004ff4004038
519b 12 0 9 11 11 ffe8028827fc1002407fc040ffe040040
519c 12 0 9 11 11 040ffe842882140244628a10248284302
51a0 12 0 9 11 11 ffe80270403e004fa451450450c5029fe
51a2 12 0 9 11 11 ffe802bfa0c0320d62194298c74192e60
51a4 12 0 9 11 11 ffea023f0410ffc4444447fc0b012ae3e
51a5 12 0 9 11 11 ffe802bfa2083f82083f8040ffe208c06
51ab 12 1 9 3 11 84200022448
51ac 12 0 9 11 11 1001f8208d100e0318cc60303000c0038
51af 12 0 9 11 11 9f84084880880880fe4024025fa80281c
51b0 12 0 9 11 11 8204204223b40b40a84a8524524a22860
51b1 12 0 9 11 11 9fe42042003e0420444844f84088089fe
51b2 12 0 9 11 11 8104105fe1121121125fe410410810810
51b3 12 0 9 11 11 8204204fc0240240245fe420450888b06
51b5 12 0 9 11 11 8fc4844840840840fc44844844a88a90e
51b6 12 0 9 11 11 8204204480841fa0024fc4844848848fc
51b7 12 0 9 11 11 8104284441820100084fe40444883080c
51bb 12 0 9 11 11 8205fe4400901101fe410494492912830
51bc 12 0 9 11 11 8904904fc1100101fe44844848a88a90e
51bd 12 0 9 11 11 9e248a48a0ea12a12a4aa44a44288290e
51c0 12 0 9 11 11 8804f85081fc0243fe4245fc4208208e0
51c4 12 0 9 11 11 8205fe4241fe0240fc4405fe44887098e
51c6 12 0 9 11 11 8504484fe1880fe0884884fe4888888fe
51c7 12 0 9 11 11 8944945e20a20801905d06944a48aa8b2
51c9 12 0 9 11 11 8105fe4000fc0840844fc410494912830
51cb 12 0 9 11 11 8fe4924ba0920ba0824ba4aa4ba882906
51cc 12 0 9 11 11 8104fc4101fe08414247c4845488309ce
51cf 12 0 9 11 11 80a40a4fe0880ea08a4ea4a44e488a932
51d1 12 0 9 11 11 8204fc4200fc0401fe4a45224fc85098c
51db 12 0 9 11 11 8105fe4aa0ba0820fe4005fe410894932
51dd 12 0 9 11 11 93e5c25141c803e1ca2885ee4a8958a46
51e0 12 0 9 11 11 3f021021021021021021021041241281e
51e1 12 0 9 11 11 3f021021021029025025021041241281e
51e4 12 0 9 11 11 7fc4045f44145144a44a44444a4516802
51eb 12 0 9 11 11 0803f82882582003fe0021f6110212c1e
51ed 12 0 9 11 11 20c2f0410dfe4104fc0003f0210212c1e
51ef 12 0 9 11 11 abcaa4fa4024fa40a40a4fa48249a4e46
51f0 12 0 9 11 11 7fc4445f45145f45145f44445f4446bfa
51f3 12 0 9 11 11 794088bfa60cbfa110ffe0001f0112e1e
51f5 12 0 8 11 9 802802802802802802802802ffe
51f6 12 0 9 11 11 2081109128a28428a2912912a0a802ffe
51f8 12 0 9 11 11 1f0110110110f1e802802802802802ffe
51f9 12 0 9 11 11 f1e9129129129129f2802802802802ffe
51fa 12 0 9 11 11 0404444444447fc040040842842842ffe
51fb 12 0 9 11 11 0400407fc040040ffe0404444444447fc
51fc 12 0 9 11 11 040842846f6a952952a4ac468c2802ffe
51fd 12 0 9 11 11 3f8010020842a4a952842952a4a8c2ffe
51ff 12 0 9 11 11 0a04a42a8ffe1104a45f44445f44447fc
5200 12 0 9 11 11 7fe082082082082082082102102202c1c
5201 12 1 9 10 11 ffc004004024044084304c04004004018
5202 12 7 9 4 11 19999999117
5203 12 0 9 11 11 7fe042042242242242482082102202c1c
5206 12 0 9 11 11 110110208208404bfa088088108208c30
5207 12 0 9 11 11 4fe422422722c2242242252264244208c
5208 12 0 9 11 11 082092892492312112112292242402406
520a 12 0 9 11 11 7c2112112112112ff211211210210210e
520d 12 0 9 10 11 2003f84088107fc0040047fc0040047fc
520e 12 0 9 11 11 40240a7eaaaa2aa2aa4aa52a9222224ce
5211 12 0 9 11 11 fe224a24a24a24afea24a24a44244284e
5212 12 0 9 11 11 28224a20a3eae0a24a28a10a1222a2c6e
5216 12 0 9 11 11 7c24524527d24524527d24524424428ce
5217 12 0 9 11 11 fc22122123d245265295209208210260e
5218 12 0 9 11 11 20210afea04a44a48a28a10a28244280e
5219 12 0 9 11 11 fe282a92a92a92a92a92a92a28244282e
521a 12 0 9 11 11 fe282a82ac6aaaa92aaaac6a82282286e
521b 12 0 9 11 11 10228a44a82a7ca44a44a5ca4024223ee
521d 12 0 9 11 11 4fe222f221222222a2722aa224224228c
5220 12 0 9 11 11 ee2aaaaaaaaaaaaffaaaaaaaaa2aa276e
5224 12 0 9 11 11 92254a10afea10a10afea10a102202c0e
5228 12 0 9 11 11 4027ea82a7aa4aa4aa7aa46a4024223ee
5229 12 0 9 11 11 0c2702112112fd211231239254290210e
522b 12 0 9 11 11 fc2852852fd2212fd225225244244298e
522d 12 0 9 11 11 7c2052092312cd20127d21121021c2e0e
522e 12 0 9 11 11 0c270a10a10afea10a10a7ca4424427ce
5230 12 0 9 11 11 fe210a20a44afaa10a10afea1021e2e0e
5233 12 0 9 11 11 102fea28a44abaa00afea20a3c204218e
5236 12 0 9 11 11 5027ea90a10afea10afea92a92296210e
5237 12 0 9 11 11 7e242a7ea48a48a7ea6aa6aaaa2ae288e
5238 12 0 9 11 11 2442487fc090ffe1083fcc8a088108630
5239 12 0 9 11 11 442292112292c52112fd2312582942106
523a 12 0 9 11 11 102fea10afea92a92a96a38a54292210e
523b 12 0 9 11 11 102fea20a44af8a10a22ac4a082342c2e
523d 12 0 9 11 11 10228a44a83a7ca00a00afea202442fae
523f 12 0 9 11 11 92292afea20a20a7eac2a24a142182e0e
5240 12 0 9 11 11 92292afea00afea02a02afea8028e2f0e
5241 12 0 9 11 11 78248a48a48a8ea10a10afea38254292e
5242 12 0 9 11 11 102fea44a28a10a28ac6a44a44244284e
5243 12 0 9 11 11 44228afea12afea90afea32a52296210e
524a 12 0 9 11 11 92254a10afea82afea82afea82282286e
524c 12 0 9 11 11 102fea10afea92a92afea38a54292210e
524d 12 0 9 11 11 208110ffe0007d44547d44547d44444cc
5250 12 0 9 11 11 7c244a44a7ca10afea92aaaac6282286e
5251 12 0 9 11 11 10228a44a82a7ca02aa2a54a5420e2f0e
5254 12 0 9 11 11 7e242a7ea42a7ea20a7eaaaa4a292226e
5256 12 0 9 11 11 1027ea00a42a24affa00a7ea4224227ee
525c 12 0 9 11 11 102fea82a40a6eaaaaaaa6ea2824a28ce
525e 12 0 9 11 11 102fea10a28a44afea04a74a5427420ce
5261 12 0 9 11 11 10252a94a10a28ac6a10a52a942282c6e
5265 12 0 9 11 11 7c204a7ca04afea10a92a54a382542b2e
5267 12 0 9 11 11 7e242a42a7ea48a7ea48a7ea622a22bee
5269 12 0 9 11 11 0c270a10afea54ad6a54ad6a38254292e
526a 12 0 9 11 11 110ffe0007d44547d444c000ffc104e18
526f 12 0 9 11 11 fe200a7ca44a7ca00afea92afe2922fee
5272 12 0 9 11 11 102fea92a7ca10a7ca10afea4424427ce
527d 12 0 9 11 11 fe228afeaaaafea00a7ca00afe2542b2e
527f 12 0 9 11 11 542a8a54a7ca54a7ca54afea38254292e
5281 12 0 9 11 11 2827eac8a7ea48a7ea48a7ea002aa2aae
5282 12 0 9 11 11 fe288adeaaaaf2aa4aa4af4aaa24a2526
5288 12 0 9 11 11 7884be79447e788abe3880007fe082f0e
5293 12 0 9 11 11 1027ca44afea92afea92afea002fe244e
529b 12 0 9 11 11 0400407fe042042042082082102202c1c
529d 12 0 9 11 11 020f201fe92252252222222254254288c
529e 12 0 9 11 11 0800807f808848c48a88a108108208c30
529f 12 0 9 11 11 020f202fe222222222222322c4204208c
52a0 12 0 9 11 11 20021efd225225225225225245245299e
52a1 12 0 9 11 11 1001f8208d100e0f1e0807fc084104e18
52a2 12 0 9 11 11 f9041047e4127924924924924a24a29cc
52a3 12 0 9 11 11 04024844484a0301c0e407fe082302c1c
52a8 12 0 9 11 11 01079007e012f922124124929a2ea204c
52a9 12 0 9 11 11 7904904fe7924924927924924e2f2204c
52aa 12 0 9 11 11 200fbe2a2494308cb6040ffe082302c1c
52ab 12 0 9 11 11 210210fbe212212fd22124924a29a2e4c
52ac 12 0 9 11 11 4107d047e8527525525525527520521a6
52ad 12 0 9 11 11 f904904fe492992012f928928a28a2fcc
52b1 12 0 9 11 11 fd0810fbea12a12bd2a52a52a52a624cc
52b2 12 0 9 11 11 f9009017e212d92012f922122223a2c4c
52b3 12 0 9 11 11 110ffe110ffe8020807fc084104204c18
52be 12 0 9 11 11 210fd043e892f122124528921222a2c4c
52bf 12 0 9 11 11 210fbc214354e24252442ffc084104618
52c3 12 0 9 11 11 108fe811efea82a7ca08a1eaf12112326
52c7 12 0 9 11 11 7f80907fc4447fc444444ffe082302c1c
52c9 12 0 9 11 11 2083884befca54a54a7d22922a64808fe
52cb 12 0 9 11 11 f90890ffe012f92892a92a922225228cc
52d0 12 0 9 11 11 7d009013efd21123120127d2552562fcc
52d2 12 0 9 11 11 510f9057e712212f92a92f92222fa224c
52d6 12 0 9 11 11 fd0850b7e852b52012f92892fa28a2fcc
52d8 12 0 9 11 11 490fd04be792492792492fd2922aa2fcc
52df 12 0 9 11 11 110ffe1107fc404ffe208444bfa088730
52e4 12 0 9 11 11 490fd04befd2952fd2112fd21121d2e26
52f0 12 0 9 11 11 43efaa4be4aa9aa53efc8554570552ace
52f9 12 0 9 11 11 2002003fe40280200200200200200200c
52fa 12 0 9 11 11 2002003fe40288204202202200200200c
52fe 12 0 9 11 11 2003fe2024828821021122127ea00200c
52ff 12 0 9 11 11 2002003fe49289209211212222244208c
5300 12 0 9 11 11 2003fe20240298206200200a07238200c
5305 12 0 9 11 11 2003fc404be42242243e421c2002021fe
5306 12 0 9 11 11 2002003fe49289239217212a22244208c
5308 12 0 9 11 11 2003fe402a2254a48a54a62a7fa00200c
530d 12 0 9 11 11 2003fe452bfa0423fa24a3fa24a3fa24c
530f 12 0 9 11 11 220fbe5428ba72a02afba4267a00a231e
5310 12 0 9 11 11 2003fe402bfa1123fa24a3fa24a3fa00c
5315 12 1 9 9 11 800800818860980e008008008088087f8
5316 12 0 9 11 11 220220424428c304605a042042242241e
5317 12 0 9 11 11 120120122f24138120120320d2212211e
5319 12 0 9 11 11 fa08a0fa28a4fb8020fa2222b9ee009fe
531a 12 0 9 11 11 ffe800800800800800800800800800ffe
531d 12 0 9 11 11 ffe8208209fc92492492492c820820ffe
5320 12 0 9 11 11 ffe8008189e09009009fc910910a10ffe
5321 12 0 9 11 11 ffe800bfe8208209fc820820bfe800ffe
5323 12 0 9 11 11 ffe800bfca24bfca24a24bfc820820ffe
5326 12 0 9 11 11 ffe920fa0a20d78fa8928fa892a94affe
532a 12 0 9 11 11 ffe800890b9c890b9c890890b9c890ffe
532e 12 0 9 11 11 ffe8209fc924bfe8009fc92485098cffe
5339 12 0 9 11 11 ffe890890890890912912a1e800800ffe
533a 12 0 9 11 11 ffe800904888850820850888904800ffe
533b 12 0 9 11 11 ffe9009fca20820bfe850888b06800ffe
533e 12 0 9 11 11 ffe840bfca04bfca00bfcb54dfc954ffe
533f 12 0 9 11 11 ffe888bfe888840bfe8809fca84884ffe
5341 12 0 9 11 11 040040040040ffe040040040040040040
5343 12 0 9 11 11 03c7c0040040040ffe040040040040040
5345 12 0 9 11 11 248248248248ffe248248248448448848
5347 12 0 9 11 11 0c8708108108108ffe108108108208c08
5348 12 0 9 11 11 4007fc440840040ffe040040040040040
5349 12 0 9 11 11 0400407fc040248208ffe208208408808
534a 12 0 9 11 11 0404442480407fc040040ffe040040040
534e 12 0 9 11 11 120226638ae022221e040ffe040040040
534f 12 0 9 11 11 4404405f8e484484cc54a44a488488530
5351 12 0 9 11 11 0807fc4447fc4447fc120220ffe020020
5352 12 0 9 11 11 040ffe1101102a8444040ffe040040040
5353 12 0 9 11 11 04007e0407fc4047fc4047fc040ffe040
5355 12 0 9 11 11 2081107fc4447fc4447fc040ffe040040
5356 12 0 9 11 11 0407fc040ffe1224a4220ffe050188e06
5357 12 0 9 11 11 040ffe040ffe9128a2bfa842bfa84284e
535a 12 0 9 11 11 4144fe410efe4924fe4924044fe44442c
535c 12 4 9 6 11 80808080c0b08c80808080
535e 12 0 9 11 11 080040ffe040040050048044040040040
535f 12 0 9 11 11 010f10910910918914912910f10010010
5360 12 1 9 10 11 0800800fc080080080ff8808808808ff8
5361 12 0 9 11 11 04004007c040040ffe040050048044040
5362 12 0 9 11 11 04007e0407fc4044047fc400400400800
5363 12 1 9 10 11 0800fc080ff8808fc8848848fc8808ff8
5364 12 1 9 10 11 0800fc080ff8808a28948888948a28ff8
5366 12 0 9 11 11 1087c8108108fec00a1087c81081e8e08
5367 12 0 9 11 11 fd0910910fd0858854852fd0910910fd0
5369 12 3 9 6 11 fc848484848484849c8080
536b 12 0 9 11 11 7fc08408408408408409c080080080ffe
536e 12 0 9 11 11 01c7e04007fe4005f85085385005028fe
536f 12 0 9 11 11 180e1e892892892892892992e96110610
5370 12 0 9 11 11 180e3e822822fa28228229a2e2e020020
5371 12 0 9 11 11 1001f02107fea002f828829848048287e
5373 12 0 9 11 11 fbe8a28a2fa28a28a2fa2922922aaeca0
5374 12 0 9 11 11 10011e7d2112112fd2212492496950e50
5375 12 0 9 11 11 180e1e892892a9a996892992e96110610
5377 12 0 9 11 11 2481507fc080ffe1103f8e162702041fc
5378 12 0 9 11 11 4007de912112fd21125d25125165d0e10
537a 12 0 9 11 11 3f0022f54248df60007f84084f84023fe
537f 12 0 9 11 11 2eecaa8eaaaaaaaaeaa8aeaa2ae4d8888
5382 12 0 9 11 11 3fe200200200200200200200400400800
5384 12 0 9 11 11 7fe4004004fc48448449c48048248287e
5385 12 0 9 11 11 7fe4004005fe410410410410410410870
5386 12 0 9 11 11 7fe4004204205fe422422442442482b0c
5389 12 0 9 11 11 7fe4007fe4804804fc484484504504a18
538b 12 0 9 11 11 7fe4004204204205fc420428424420bfe
538c 12 0 9 11 11 7fe4004284244207fe420450450488b06
538d 12 0 9 11 11 7fe4407fe4805205205fc4207fe420820
5395 12 0 9 11 11 ffe800be2a2aaaaaaaaaaaaa882942a2e
5398 12 0 9 11 11 7fe4005fc5245fc5245fc4205fc420bfe
539a 12 0 9 11 11 7fe5045fc5045fc4005fc4087fe410870
539d 12 0 9 11 11 7fe4885fc4887fe4005fc5045fc5049fc
539f 12 0 9 11 11 7fe4205fc5045fc5045fc420524522a62
53a2 12 0 9 11 11 7fe40049e4927f249e5d25be69249289e
53a3 12 0 9 11 11 7fe4247fe4504887fe5245fc5245fc820
53a5 12 0 9 11 11 7fe6285487fe4926aa6a87e8488514a22
53a6 12 0 9 11 11 7fe4007fe5045fc5045fc484748430bce
53a8 12 0 9 11 11 7fe4007e44045de5445d440c544564b8c
53a9 12 0 9 11 11 7fe4005de5445d45545de50458c5549a6
53ae 12 0 9 11 11 7fe5427fc5505d055e5d45547f4554a24
53b6 12 0 9 11 11 08008008008010010810820420443afc2
53bb 12 0 9 11 11 0400407fc040040ffe0801081082347c4
53bf 12 0 9 11 11 3f82083f82083f8208208ffe1002087f4
53c1 12 0 9 11 11 1002087f4080ffe1103f8c063f80007fc
53c2 12 0 9 11 11 1002087f4080ffe1102c8c363c00187e0
53c8 12 0 9 11 11 7fc4044042082081100a00400a0318c06
53c9 12 0 9 11 11 7fc4044842482081100a00400a0318c06
53ca 12 0 9 11 11 ff820821022023c3042882504204d8b06
53cb 12 0 9 11 11 080080ffe1001001fc2842484304c8b06
53cc 12 0 9 11 11 fbe0a28a28a28a28a25145142085148a2
53cd 12 0 9 11 11 03c7c04004007fc5044884504204d8b06
53d1 12 0 9 11 11 490488880ffe1001f82882504204d8b06
53d4 12 0 9 11 11 20023e3a2222222fa2214694a48214662
53d6 12 0 9 11 11 fc04be7a24a24a27a24944945c8e940a2
53d7 12 0 9 11 11 01c7e0244128ffe802bfa2081100e0f1e
53d8 12 0 9 11 11 040ffe1105149121107fc2081100e0f1e
53d9 12 0 9 11 11 33e4a28627a2122122fd4114588954322
53db 12 0 9 11 11 a86738220fa023e222fa2234228454862
53df 12 0 9 11 11 14065c44475c4447fc0407fc2081f0e0e
53e0 12 0 9 11 11 3f81100e0fbe514208ffea0a3f8208ffe
53e3 12 1 8 9 9 ff8808808808808808808808ff8
53e4 12 0 9 11 11 040040ffe0400400407fc4044044047fc
53e5 12 0 9 11 11 2003fe202402bf22122122123f200200c
53e6 12 0 9 11 11 7fc4044047fc080ffe082082102202c1c
53e8 12 0 9 11 11 efea22a22a22a22a22a22e4204208210c
53e9 12 0 9 11 11 f3e922922922922922922922f2e020020
53ea 12 0 9 11 11 7fc4044044044047fc000000208404802
53eb 12 0 9 11 11 002f2292292292292292292ef32002002
53ec 12 0 9 11 11 ffe042082302c1c0007fc4044044047fc
53ed 12 0 9 11 11 048e48a48a48a48a48a48a84e84084102
53ee 12 0 9 11 11 07ef08908908908908908908f08008038
53ef 12 0 9 11 11 ffe0040043e42242242243e400400401c
53f0 12 0 9 11 11 080100208404ffa0027fc4044044047fc
53f1 12 0 9 11 11 040e40a44a48a50a60a40ac0f4204203e
53f2 12 0 9 11 11 0407fc4444444447fc040280180260c1e
53f3 12 0 9 11 11 080080ffe1001002003fc604a042043fc
53f5 12 0 9 11 11 ffe8008009f89089089089f8800800ffe
53f6 12 0 9 11 11 010f109109109fe910910910f10010010
53f7 12 0 9 11 11 3f82082083f8000ffe1001f8008008070
53f8 12 0 9 11 11 ffe002ffa0027f24124124127f200200e
53f9 12 0 9 11 11 0fee82a82a82a44a44a44a28e100280c6
53fb 12 0 9 11 11 020f209fe922922922922922f4204208c
53fc 12 0 9 11 11 0fee02a02a0aa12a22a42b82e0200200c
53fd 12 0 9 11 11 0f8e88a88a88a88a88a88a88e8a10a20e
5401 12 0 9 11 11 07ce10a10a10a10afea10a10e10010070
5403 12 0 9 11 11 040e7ea80b00afca08a10a20e4008207e
5404 12 0 9 11 11 1001f82085100e0318c063f82082083f8
5406 12 0 9 11 11 020e20a40a44a88bf0a20a44e4409a1e2
5408 12 0 9 11 11 0400a0318c063f80007fc4044044047fc
5409 12 0 9 11 11 040040ffe0400407fc0007fc4044047fc
540a 12 0 9 11 11 7fc4044047fc040ffe842842842846040
540c 12 0 9 11 11 ffe802bfa8029f29129129129f280280e
540d 12 0 9 11 11 0800fc1046880500201fef021021021fe
540e 12 0 9 11 11 03c7c04004007fe4005fc5045045049fc
540f 12 0 9 11 11 040ffe0407fc4444447fc440240180e7e
5410 12 0 9 11 11 010f1091091097c910910910f100100fe
5411 12 0 9 11 11 080100ffe8029f29129129129f280280e
5412 12 0 9 11 11 01cee0a20a20a20a3ebe0a20e2202201e
5413 12 0 9 11 11 0fef10910910918914912910f10010010
5415 12 1 9 9 11 7f04104104107f0000ff8808808808ff8
5416 12 0 9 11 11 082f44928910910910910910f10010010
5417 12 0 9 11 11 0fce04a44a44a44a7ea02a02efa00201c
541b 12 0 9 11 11 7fc044ffe0847fc1002007fca042043fc
541d 12 0 9 11 11 040ffe2081100e0318c063f82082083f8
541e 12 0 9 11 11 7fc040040ffe1102087fca0a2082083f8
541f 12 0 9 11 11 010e28a44b82a10a08afea02e04008010
5420 12 0 9 11 11 014e12a10afea10a28a28a28e44044082
5421 12 0 9 11 11 088e88a88a8aaeca88a88a88e8a0aa0ce
5423 12 0 9 11 11 020e10a10a40a44ac2b42a40e4404403c
5426 12 0 9 11 11 ffe0200c0358c460400007fc4044047fc
5427 12 0 9 11 11 0fee92a92a92a92afea80a80e8208207e
5428 12 0 9 11 11 010efea10a92a92a92afea10e1001200e
5429 12 0 9 11 11 048e48a84a84b02afca44a44e84084118
542b 12 0 9 11 11 0e0318c460207fc0080107fc4044047fc
542c 12 0 9 11 11 00cef0a80a80afea88a88a88e88088108
542d 12 0 9 11 11 020e10bfea00a78a48a48a48e4a08a10e
542e 12 0 9 11 11 020e20a44a84bfaa48a48a48e4a08a10e
542f 12 0 9 11 11 0203fe2022023fe2003fe3025025029fe
5431 12 0 9 11 11 010e10bfea10a10afca84a84e480301ce
5432 12 0 9 11 11 0f2e12a12af2a82a82af2a12e12012062
5434 12 0 9 11 11 7fc4044047fc0007fc040ffe0a0318c06
5435 12 0 9 11 11 010e10a94a92a92b10a12a04e080300c0
5438 12 0 9 11 11 0fce44a44a48a4ea42a62a54e88094162
5439 12 0 9 11 11 040e40a7ea82b14a10a10a28e28044182
543b 12 0 9 11 11 040e40a7eaaab2aa2aa4aa52e9202204c
543c 12 0 9 11 11 1e8e28a48a48a48a68bc8a48e4a04a1ce
543e 12 0 9 11 11 7fc0807f8108108ffe0007fc4044047fc
5440 12 0 9 11 11 0fee44a44a84afea14a14a24e4418400c
5443 12 0 9 11 11 0fee80a80abcaa4aa4aacaa0ea20a211e
5446 12 0 9 11 11 7fc4044047fc040040ffe150248c46040
5448 12 0 9 11 11 7fc4044047fc000ffe0407fc040040ffe
544a 12 0 9 11 11 4407fc840040ffe0007fc4044044047fc
544b 12 0 9 11 11 010e10afca10a10bfea10a28e28044182
5450 12 0 9 11 11 010e10afea92a92aaaaaaac6e82082086
5452 12 0 9 11 11 0fce20a20a20bfea50a50a50e9209211e
5453 12 0 9 11 11 044efea44a00afca08a10a20e4008207e
5454 12 0 9 11 11 010e10a10afea10a28a28a28e44064092
5455 12 0 9 11 11 0fee80aa4a94a94a88a88a94ea40800fe
5456 12 0 9 11 11 0fee80a90a90afea92a92a92ea20a214c
5457 12 0 9 11 11 0fee82a92a92a92a92a92a92e28044082
5458 12 0 9 11 11 3f82083f80007fc4044444440a0318c06
5459 12 0 9 11 11 7fc4044047fc040ffe8a2912a0a80280e
545b 12 0 9 11 11 010e28a44b82a7ca44a44a5ce4004203e
545c 12 0 9 11 11 010f7c94494494c94097e902f7a00201c
5462 12 0 9 11 11 0fee82a82afea80aa0aa6ab8ea00a211e
5464 12 0 9 11 11 010e28a44b82a10a08afea04e4803000c
5466 12 0 9 11 11 048e48a9ea8ab2abcaa4aa8ae921521a6
5468 12 0 9 11 11 3fe2222fa2222fa2022fa28a4fa40280e
5471 12 0 9 11 11 00eef4a94a94a94a94a94a94ea40aa176
5472 12 0 9 11 11 028e28aa8aaaabcaa8aa8aa8aaaeba1ce
5473 12 0 9 11 11 010e10afca10a10bfea10a38e54192010
5475 12 0 9 11 11 1fee04a04af4a94a94a94af4e0400401c
5476 12 0 9 11 11 040e4ebeaaaaaaaaaab2aaa4e440aa112
5477 12 0 9 11 11 0fee92a92afea92a92afea10e10010010
5478 12 0 9 11 11 0fee08a10a10a34a52a92a10e100000fe
547b 12 0 9 11 11 010e10afea92a92afea92a92efe010010
547c 12 0 9 11 11 00eef0a10a92a54a10afea10e10010070
547d 12 0 9 11 11 0400a0318df60007bc4a44a44a47ac020
5480 12 0 9 11 11 0fce84a84afca84a84afca84e840841fe
5482 12 0 9 11 11 0fee88a88abeaaaaaaaaaaaee880880fe
5484 12 0 9 11 11 010e92a92a92afea10a10a92e920920fe
5486 12 0 9 11 11 080efcb04af4a94a94af4a8ce8008207e
548b 12 0 9 11 11 040e40a7eaa0b20a3ea20a20e3e020020
548c 12 0 9 11 11 0c071e112112fd211231259295211e100
548e 12 0 9 11 11 2083c844ca8a1082fec007fc4044047fc
548f 12 0 9 11 11 030e08af0a12bdaa5aa54a94e92112030
5490 12 0 9 11 11 044e44abea84b84aa4a94a94e8408408c
5492 12 0 9 11 11 7bc4a44a47bc0001f0110110112212c1e
5494 12 0 9 11 11 020e20a3ca20a20bfea20a30e28024020
5495 12 0 9 11 11 010e10bfea10a10a10afca84e840840fc
5496 12 0 9 11 11 080e8ebeaaaaaaaaaaaaaaaaeaa0aa16e
5499 12 0 9 11 11 048e44bfea50a50a52a54a58e920b214e
549a 12 0 9 11 11 040e7ca84b48a30a48b86a60e180c003c
549b 12 0 9 11 11 010efea82a00afea10a10a10e10010070
549d 12 0 9 11 11 044e44a44a88aaaacca44a88eee0000fe
54a3 12 0 9 11 11 010e92a52a54a10afea28a28e2a04a18e
54a4 12 0 9 11 11 010efea82a9aa60a20a3eae0e2002201e
54a6 12 0 9 11 11 010efea10afea12afea90afee120280c6
54a7 12 0 9 11 11 1e2e8aa8aaeaaaab2aaaaa4ae4208210e
54a8 12 0 9 11 11 040e7e0920942304488863f82082083f8
54a9 12 0 9 11 11 044e28afea10a10a7ca10a10efe010010
54aa 12 0 9 11 11 010e92a54a10afea10a38a54e92010010
54ab 12 0 9 11 11 7de4524524527de5005144a248046081e
54ac 12 0 9 11 11 010efea00a44a82b44a44a28e100280c6
54ad 12 0 9 11 11 010e10bfea10a10afca00afce840840fc
54af 12 0 9 11 11 040e7ca84b48a30a48b86afce840840fc
54b1 12 0 9 11 11 010e20afea82afea82a82afee820820fe
54b3 12 0 9 11 11 010efea20a44af8a10a22ac4e080340c2
54b4 12 0 9 11 11 080ffea80a88aaaaaaacca88e88114062
54b8 12 0 9 11 11 0140127fe4105d24125d45485ca416862
54bb 12 0 9 11 11 048e48a88afeb88a88a98aacacae88088
54bd 12 0 9 11 11 0fee82a92a92afea92aaaaaaec60820fe
54bf 12 0 9 11 11 07ce54a94afeb94a94abca90e900900a0
54c0 12 0 9 11 11 040ffe0003f82082083f8122e142c8306
54c1 12 0 9 11 11 3f82082082083f8000fbe8a28a28a2fbe
54c2 12 0 9 11 11 0fee28a28afeaaaaaaaaaaaeec20820fe
54c4 12 0 9 11 11 048e48bfea48a48a48bfea00e48084102
54c6 12 0 9 11 11 010e3eac2a24a18ae0a3eac2e240180e0
54c7 12 0 9 11 11 010e7ca10a10afea00a10a7ce100100fe
54c8 12 0 9 11 11 010e28a44b82a7ca00afea82e820820fe
54c9 12 0 9 11 11 1107d4112110ffe0107d444844a7d6022
54cc 12 0 9 11 11 00cef0a86ab8aa8aaaaacaa8ea40b4122
54cd 12 0 9 11 11 010e20afea82abaaaaaaaaaaeba082086
54ce 12 0 9 11 11 044efea44a00a44a44a28a28e100280c6
54cf 12 0 9 11 11 0fce84afca84a84afca92a94e880a40c2
54d0 12 0 9 11 11 0fee80abea88a88abea88a88ebe0800fe
54d1 12 0 9 11 11 0fee28a28a28a28aaaa6ca28e280280fe
54d2 12 0 9 11 11 108e88a08a3eb88a88a94a94ea214013e
54d3 12 0 9 11 11 020e26af8a24a1aae6a00afee2804a18e
54d4 12 0 9 11 11 088e8aaeca88aaaacea10a10efe010010
54d5 12 0 9 11 11 092e92afea20a40afeb42a24e140180e0
54d7 12 0 9 11 11 028e2aa4cad8a4aa4ea10afee10010010
54d9 12 0 9 11 11 010e28a44b82a7ca00a00afee200440fa
54da 12 0 9 11 11 078e48a48a48b8ea10a10bfee38054192
54dc 12 0 9 11 11 010efea44a28a10a28bc6a44e44044084
54dd 12 0 9 11 11 010efea92a20a20a52a94b48e48054062
54de 12 0 9 11 11 020e44afaa00a50a7ea90a10efe010010
54df 12 0 9 11 11 050e50a9eaa2ac2a52a8aaeae020220cc
54e5 12 0 9 11 11 ffe2242243e4004ffe2242243e400401c
54e6 12 0 9 11 11 02cecaa48bfea48a4aa6abc4e4404a0d2
54e7 12 0 9 11 11 020efca20a20bfea48accb4ae48088118
54e8 12 0 9 11 11 092e54a10afea82afea82afee82082086
54e9 12 0 9 11 11 0fee92a92afea92a92afea10efe0101fe
54ea 12 0 9 11 11 1eeeaaaaabeaaacaaabeaaaaeae128268
54ed 12 0 9 11 11 7bc4a44a47bc048044ffe0400a0318c06
54ee 12 0 9 11 11 022ef4a28bfea20a78b88a10efe010030
54f2 12 0 9 11 11 20cf70240f7e2486880007fc4044047fc
54f3 12 0 9 11 11 046e58af0a50a5ea74ad4a54e540540e4
54fa 12 0 9 11 11 014efea10afea92afea92afee92092096
54fc 12 0 9 11 11 010efea44a44a7ca00a7ca08e10010030
54fd 12 0 9 11 11 0fee10afea92afea92afea50e2005018e
54ff 12 0 9 11 11 23efa24a29be000ffe0043e42243e401c
5501 12 0 9 11 11 020e10bfea00afca00afca00efc0840fc
5506 12 0 9 11 11 024e44bfea28a2aac6a3cac4a48e381c6
5507 12 0 9 11 11 7fe4005fc4007fe5145485865fc5049fc
5509 12 0 9 11 11 020e44afaa40a7ca90a10afee28044082
550f 12 0 9 11 11 0cee30bcea20bfea50afeb92e92096010
5510 12 0 9 11 11 0207fe4205fc4247fe4245fc5045049fc
5511 12 0 9 11 11 010e54a54a54abaa92a10a7ce100100fe
5514 12 0 9 11 11 0fee20afca44a44bfea00afee820820fe
551b 12 0 9 11 11 010efca10afca10bfea40afcf440381c6
5520 12 0 9 11 11 044efea44afea82a20afea22e2204218c
5522 12 0 9 11 11 092e54a10afea82a92a92a92e28044082
5524 12 0 9 11 11 020e38a48afca94a94a94bfee28044182
5527 12 0 9 11 11 0eeeaaaaaaeaaaaaaaaeaa8aaaaeae1d8
552a 12 0 9 11 11 010e7ca10a7ca20afea54abae100fe010
552c 12 0 9 11 11 01ce10afea92a9caf2a9ea80eb80aa14e
552e 12 0 9 11 11 2207fec207fc4207fc4207fe4044047fc
552f 12 0 9 11 11 050e48afeb88afea88a88afee880880fe
5530 12 0 9 11 11 0fae8aafaaa2aa2afaaaaaaaeaa0ba126
5531 12 0 9 11 11 07ce44a7ca44a7ca00afea82efe0820fe
5533 12 0 9 11 11 010efea82a82afea80a8aafee88094162
5537 12 0 9 11 11 010ffea40a84bfaa84afca84efc08408c
553c 12 0 9 11 11 010efea44a28afea10afea24e480380c6
553e 12 0 9 11 11 00ce70a10afea54afea54a54efe01007c
553f 12 0 9 11 11 040e7eaaab2aa52aa6a00a24e9208a178
5541 12 0 9 11 11 0fee92abaa92abaa82abaaaaeba082106
5543 12 0 9 11 11 010e9ca90bfea00afca84afce840fc084
5544 12 0 9 11 11 0fee10a62b94a98a68bcca5ae6a188030
5546 12 0 9 11 11 040ffe208110ffe912a0adf69129f2806
5549 12 0 9 11 11 048e48bfea48a48ad8adcb6ae48048048
554a 12 0 9 11 11 0eeea2aa2aaeacaaaaaaaaaeee2082086
5550 12 0 9 11 11 010efea00a44a44aaaa10afee10010010
5555 12 0 9 11 11 080efeb82afab22afaa22aaaefa00200c
5556 12 0 9 11 11 010e52a94a10a28ac6a10a52e940280c6
555c 12 0 9 11 11 0eee22aaaa44aaaa00aeea2aeaa0440aa
5561 12 0 9 11 11 028e28aeea28a28aeea28a28eee028028
5564 12 0 9 11 11 020efea92afea92afea28a48efe008008
5565 12 0 9 11 11 030e48b86a78a10bfea10afce840840fc
5566 12 0 9 11 11 090e88bfea80aa2ad2b92a92e940841be
5567 12 0 9 11 11 010ffea10afca10bfea84a94e940281c6
556a 12 0 9 11 11 044e48bfea52a52a52a7ebd2a52e520de
556c 12 0 9 11 11 0407fc248150ffe4045f45145f44047fc
556d 12 0 9 11 11 024efea44aa4abeae8a2ea32eea024022
556e 12 0 9 11 11 010e9ea90a90bfea00a92a92eaa0c60fe
5575 12 0 9 11 11 108ebea2ab28abea22a32aaaea412a152
5576 12 0 9 11 11 010efea82a00afea10a50a5ee500b008e
5577 12 0 9 11 11 04eeeaaaaaeaaacaeaa8aaaaaacee8028
5578 12 0 9 11 11 010efea12bfea12afea10abaed6092112
557b 12 0 9 11 11 0407fc110ffe8427fc4440407fc4047fc
557c 12 0 9 11 11 010efea44a28afea92a7ca54e5405c010
557e 12 0 9 11 11 028ec8a4aa5abeca48ac8af4f54054062
5580 12 0 9 11 11 010efeaa2a3cac4a38bc6a7ce4404407c
5581 12 0 9 11 11 0fee92afea92afea10afea92e960fa086
5582 12 0 9 11 11 0fee92afea92afea00bfea90e8a0a40c2
5583 12 0 9 11 11 010efea10afeaaaa92afea92efe092096
5584 12 0 9 11 11 110ffe0407fc040ffe248ffe4044047fc
5587 12 0 9 11 11 082feaa8abeaaaaaaabeaa8afc22a208e
5588 12 0 9 11 11 088eeaa8caaaacea10afea82efe0820fe
5589 12 0 9 11 11 05ce44abea90b9eaa8a88abee880940a2
558a 12 0 9 11 11 00ae0aafea88aeaa8aaeaaa4ee408a132
558b 12 0 9 11 11 054efea54a5ca40a7ea10afee38054092
558f 12 0 9 11 11 044efea44a20afea20a40afef4204207e
5591 12 0 9 11 11 010efea44a28afea00a7ca44e7c04407c
5594 12 0 9 11 11 0fee82afea80afeaa4afaa88ebe08817e
5598 12 0 9 11 11 092e92afea00afea10afeaaaeaa0aa086
5599 12 0 9 11 11 07ee44afca08bfea50a3aacca3afca030
559c 12 0 9 11 11 040ffe0407fc2083f8110ffe2082083f8
559d 12 0 9 11 11 0fce84afca84afca40afeb12eaa0fa006
559f 12 0 9 11 11 0fee92afea92afea44a7ca44e7c04404c
55a7 12 0 9 11 11 010efea82a7ca00a7ca44a74e5c0000fe
55b1 12 0 9 11 11 0fee80abeaaaabeaaaabea88ebe08817e
55b3 12 0 9 11 11 010efea54a92a7ca44a7ca44e7c0000fe
55b5 12 0 9 11 11 044efea44a00afea92a92afee920920fe
55b7 12 0 9 11 11 010efea54afea44afea82a92e920280c6
55b9 12 0 9 11 11 010efea28a54abaa10afea10e7c0100fe
55bb 12 0 9 11 11 030e48a84b7aa00aeaaaaaeaeaa0e20a6
55bd 12 0 9 11 11 092e54afea38a54a92a20afee240380c6
55be 12 0 9 11 11 484248ffea423fc440ffe0007fc4047fc
55c4 12 0 9 11 11 0fee10afea82afea82afea42ea40180e6
55c5 12 0 9 11 11 020efea82afea82afea14afee100280c6
55c9 12 0 9 11 11 010efea10afea10afea50a24efa0540b2
55cc 12 0 9 11 11 082e44afea00a44a82a00afeeaa0aa1fe
55d1 12 0 9 11 11 010efea10afea20a44afaa00efe0aa1fe
55d2 12 0 9 11 11 044ffea44a38a44bbaa00afee820820fe
55d3 12 0 9 11 11 07ce44a28afeaaaa44aaaa10efe054092
55d4 12 0 9 11 11 010efea10a7ca44a7ca44a44efe044082
55d6 12 0 9 11 11 050e96a92ad6a92afea10afee440381c6
55dc 12 0 9 11 11 020efaa24bfeac8b52afea84efc0840fc
55dd 12 0 9 11 11 0fee00a7ca44a7ca00afeaaaefe092096
55df 12 0 9 11 11 044efea10afea10afea20a7ee8810807e
55e1 12 0 9 11 11 0bce84b22a4aaf8a00bfeaaae660aa176
55e3 12 0 9 11 11 fbe882fba002fbaaaaaaafaaabaa82a8e
55e4 12 0 9 11 11 092e92afea10afea10afea92efe0140fa
55e5 12 0 9 11 11 020efea82afea82afea20afee540ba010
55e6 12 0 9 11 11 010efea10afeaaaa50a24afae100540b2
55e8 12 0 9 11 11 120ebea40b3eaaaa26a7eaaaea613e102
55ea 12 0 9 11 11 010e7ca10a7ca20afea54a92efe054092
55eb 12 0 9 11 11 0fee44a7ca44a5eae4a00aeeeaa0440aa
55ec 12 0 9 11 11 044efea44a00a5ea42a9eb96e9e082086
55ef 12 0 9 11 11 0fee92afea92aaaac6afea20e5414a23a
55f2 12 0 9 11 11 044eaaa10a6cb9aa64a1caeee3200c0f0
55f3 12 0 9 11 11 00eef2a54afeaa2a7ca20a7cea41180e6
55f5 12 0 9 11 11 13ee94a08a3ebaaabeaaaabeeaa14013e
55f7 12 0 9 11 11 048ee8a4eaf2a4abeaa8aaeaea40aa172
55fd 12 0 9 11 11 090ff0a9ebf2aaaaa8be8a88fd42940a2
55fe 12 0 9 11 11 048ffea90a9eaf4aa4abeb24a24e2a0d2
5600 12 0 9 11 11 010efea44afea92abaa92abaeaa0ba086
5601 12 0 9 11 11 00ae0aafeaa8abaaaaafaaa4ef40aa172
5608 12 0 9 11 11 028efea28afeaaaafeaaaafee4404407c
5609 12 0 9 11 11 ffe0407fc2083f8110ffe200fbe4a29be
560c 12 0 9 11 11 0fee28afeaaaafea00a7ca00efe0540b2
560e 12 0 9 11 11 1fee20afca84afca84a84bfea88e7218e
560f 12 0 9 11 11 4ee4a2ea24ee4804eee8aa8aae4a8ae92
5618 12 0 9 11 11 01ce10afea92a9caf2a9eaa8eea0ac17e
561b 12 0 9 11 11 010efeaa4aa4afeaa4aecaeeeb40a4124
561e 12 0 9 11 11 0a8fe8abeaeaa4abfab5abfae4a1ea056
561f 12 0 9 11 11 04efeaa5aa6abfca4aaeabaaeee0a80e8
5623 12 0 9 11 11 010e92afea00aeeaaaaeeaaaeee0aa176
5624 12 0 9 11 11 0eeeaaaaaaaaa44aaaa10afee240380c6
5627 12 0 9 11 11 010efeaa2a48b52a64bbca00e920920fe
562c 12 0 9 11 11 0fce84afca84bfeaa0aeeaaaeea1a402a
562d 12 0 9 11 11 042ef4a48af0a02af4a98af0e920540e8
5631 12 0 9 11 11 0fee82afea88abeaaaabea88efe14a15e
5632 12 0 9 11 11 04eeeaa4aaeeaaaaeaaaeaeae4a0ea056
5634 12 0 9 11 11 024eb6aa4bfea48afeb92afee920fe112
5636 12 0 9 11 11 0a2ffcaa8ae8aaeaeaaaabfae0a0aa112
5639 12 0 9 11 11 010ffeaaaa7cac6b7ca44a7ce10094132
563b 12 0 9 11 11 010efea10afca84afca48bfee840840fc
563f 12 0 9 11 11 0fee92ad6a92afea10afea10efe0000aa
564c 12 0 9 11 11 044ffeb12b56bfea00afca84efc0840fc
564d 12 0 9 11 11 048efeb88afea88afea88afee000aa0aa
564e 12 0 9 11 11 010efea10afea82a7ca44a7ce440280fe
5654 12 0 9 11 11 0eae2caaaa44a7ca82a7ca44e7c0280fe
5657 12 0 9 11 11 0aae6cafea44afea10afea10efe0280c6
5658 12 0 9 11 11 3fee50a9ebeaa8aaaabe8a94c94522522
5659 12 0 9 11 11 038e44a92a7ca28a92afea10efe0aa0b6
565c 12 0 9 11 11 078e88bfea92afea92bfea44e7c04407c
5662 12 0 9 11 11 010efead6a92afeabaad6bfee28044182
5664 12 0 9 11 11 044eeea44aeeb54afea00afee100540b2
5668 12 0 9 11 11 7bc4a44a47bc050ffe208fbe4a44a47bc
5669 12 0 9 11 11 ffe04075c554554ffe04075c554554ffe
566a 12 0 9 11 11 07ce44a7caeeaaaaeea10afee38054092
566b 12 0 9 11 11 010efca48bfea84afca84afce5014423a
566c 12 0 9 11 11 088eeeb54a00afea10a54a54eba0100fe
5671 12 0 9 11 11 03ce20afea92afca90abeac8b3aecc032
5676 12 0 9 11 11 048efea48afca84afca84afef120aa0fc
567b 12 0 9 11 11 010efeaaaa7ca28afea44a92e7c0100fe
567c 12 0 9 11 11 0e4ea4abeaaaaeaa9eae4aa4ebe1a40e4
5685 12 0 9 11 11 0fee10afea92a54a00afea10efe0aa0aa
5686 12 0 9 11 11 044efea54afea44a7ca00afeeaa0ba086
568e 12 0 9 11 11 010efea44a7ca00afea92a28eda02c0da
568f 12 0 9 11 11 0fce10bfeb56a7ca54afea12e5c07018e
5693 12 0 9 11 11 010efea82a6caaaa44abaa00efe0540b2
56a3 12 0 9 11 11 7bc4a4ffe0407fc4441b0e0e7bc4a47bc
56af 12 0 9 11 11 0fee10afea92a54a88afeb88efe0880fe
56b7 12 0 9 11 11 010ffeaaaaeea44afea44afee2a0d4062
56bc 12 0 9 11 11 00eef0a54afeaaaafeaa4aeee940a40ec
56ca 12 0 9 11 11 040ffe444ffeaaa7bc110ffe114ec8306
56d4 12 0 9 11 11 010efea54afeaaaaeea44afee2a0d4062
56d7 12 0 9 11 11 ffe802802802802802802802802802ffe
56da 12 0 9 11 11 ffe8028428428428a28a2912a0a802ffe
56db 12 0 9 11 11 ffe912912912912912a1ec02802802ffe
56dd 12 0 9 11 11 ffe802bf2822842bfa8428429c2802ffe
56de 12 0 9 11 11 ffe8028029f29129129129f2802802ffe
56df 12 1 9 9 11 080100ff8808a28948888948a28808ff8
56e0 12 0 9 11 11 ffe802842842bfa8428a2912a0a802ffe
56e1 12 0 9 11 11 ffe802882bfa8929129228c2b3a802ffe
56e2 12 0 9 11 11 ffe802822bfa8628a2922a22862802ffe
56e4 12 0 9 11 11 ffe842bfa842a4aa4abfa84284a83affe
56eb 12 0 9 11 11 ffe9029faaaacaa92aa4ac8a832802ffe
56ed 12 0 9 11 11 ffe8029f2802bfa8a28a292aa3a802ffe
56f0 12 0 9 11 11 ffe802842842bfa8e2952a4a842802ffe
56f1 12 1 9 9 11 100ff89089e8a28c28948888908ff8808
56f4 12 0 9 11 11 ffe842bfa8429f2842bfa84a85a842ffe
56f5 12 0 9 11 11 ffe8428a2912e0e9329c290a8fa802ffe
56f9 12 0 9 11 11 ffe8428a2b1a842822bfa8128a2842ffe
56fa 12 0 9 11 11 ffe842842bfa8429f29129129f2802ffe
56fd 12 0 9 11 11 ffe802bfa8428429f2842852bfa802ffe
56fe 12 0 9 11 11 ffe8828f2b128e2f1e8c2832982862ffe
56ff 12 0 9 11 11 ffe882ffe9029fab0adfa90a9fa90affe
5703 12 0 9 11 11 ffe852bfa842bfaa4abfaa4abfaa4affe
5704 12 0 9 11 11 ffe802bfa882bf2912ffe802bfaa0affe
5706 12 0 9 11 11 ffe9129129f2802bfaa4aa4a8a2b1affe
5708 12 0 9 11 11 ffe952bfa882ffe912bead2696290affe
5709 12 0 9 11 11 ffe8429f2842bfa912bfa842bfa842ffe
570a 12 0 9 11 11 ffe8429f28429f2842bfa9129f2912ffe
571c 12 0 9 11 11 ffeaaabfa802bfa9129f28aab5298affe
571f 12 0 9 11 11 0400400400407fc040040040040040ffe
5723 12 0 9 11 11 7fc2081100e0318c460407fc040040ffe
5728 12 0 9 11 11 080080ffe1001102106fea102102102fe
5729 12 0 9 11 11 47c410410e104104fe410610c10010070
572a 12 0 9 11 11 44047e480e004fc408410620c4008207e
572c 12 0 9 11 11 47c400400efe42044047c604c04004018
572d 12 0 9 11 11 0407fc040040ffe0000407fc040040ffe
572e 12 0 9 11 11 4fc404404e044044fc480680c8208207e
572f 12 0 9 11 11 4fc484484e844844fc480680c8208207e
5730 12 0 9 11 11 410490496eba5d2492496690c8208207e
5733 12 0 9 11 11 482492492e92492492492692c92092102
5739 12 0 9 11 11 20827e240f40240240240340c40040080
573a 12 0 9 11 11 4fc408410e204fe42a44a692c1202204c
573b 12 0 9 11 11 40c4f0480e804fe488488688c88088108
573e 12 0 9 11 11 4fc444444e4844e442462654c88094162
5740 12 0 9 11 11 410410410e9049e490490690c900901fe
5742 12 0 9 11 11 40e4f0480e804fe4c24a2694c88094162
5747 12 0 9 11 11 44047e482f0246241240260ac320c200c
574a 12 0 9 11 11 4204105fee4044047c444644c84084118
574c 12 0 9 11 11 110208c063f80881086180407fc040ffe
574d 12 0 9 11 11 4fc4844a4e944845fe484684c8410420c
574e 12 0 9 11 11 24024027ef42294210210328c28044182
574f 12 0 9 11 11 2fe208210f10234252292310c10010010
5750 12 0 9 11 11 0402482482485548e20407fc040040ffe
5751 12 0 9 11 11 4204105fee00478448448648c4a08a10e
5757 12 0 9 11 11 4204204fce244244245fe620c50088306
575a 12 0 9 11 11 17e9429249189661000407fc040040ffe
575b 12 0 9 11 11 27c200200f002fe220220344c4409a0e2
575c 12 0 9 11 11 4fe480490e904fe492492692ca20a214c
575d 12 0 9 11 11 4fe482492e92492492492692c28044082
575e 12 0 9 11 11 21027c244f4424c24027e302cfa00201c
575f 12 0 9 11 11 2202102fef44244244228328c100280c6
5760 12 0 9 11 11 f10910a10928928e448820407fc040ffe
5761 12 0 9 11 11 4104fe492e904fe4c24a2694c88094162
5764 12 0 9 11 11 4104104fee924924fe492692cfe010010
5766 12 0 9 11 11 4fc484484e844fc484484684cfc0001fe
5768 12 0 9 11 11 2102fe282f40244248270340c4204203e
5769 12 0 9 11 11 2442442fef4424424427c344c4404407c
576a 12 0 9 11 11 4fe410492e544104fe410610c10010010
576b 12 0 9 11 11 21021021ef1021021027e342c4204207e
576d 12 0 9 11 11 4fe482482efe4804a04a66b8ca00a211e
576f 12 0 9 11 11 2fe208210f10234252292310c100000fe
5773 12 0 9 11 11 44844849ee8a52a5ca44a68ac921521a6
5776 12 0 9 11 11 4fc4844a4e945fe4844a4694cfe004018
5777 12 0 9 11 11 5fe404404ef44944944946f4c0400401c
577b 12 0 9 11 11 40c4f0490e904904fe490688c8a0a60d2
577c 12 0 9 11 11 40c4f0480e804fe48849868cc8a088108
5782 12 0 9 11 11 03c7c0040ffe248ffe248248ffe0407fc
5783 12 0 9 11 11 4204104fee00444444424624c280080fe
5784 12 0 9 11 11 088ffe0a8130262c9e0407fc040040ffe
5785 12 0 9 11 11 4484445fee50450452454658c920b214e
5786 12 0 9 11 11 42043e420efc4844844fc680c80080100
578b 12 0 9 11 11 fe224a24afea24a4428060407fc040ffe
578c 12 0 9 11 11 4fe4824bae824ba4aa4aa6aacba082086
5792 12 0 9 11 11 0801102087f4208492fbe0407fc040ffe
5793 12 0 9 11 11 4104fe420e444f84104226c4c080340c2
579b 12 0 9 11 11 478448448e4858e4104106fec38054192
57a0 12 0 9 11 11 4fc4844fce844844fc492694c880a40c2
57a2 12 0 9 11 11 40e4f0480e804fe4804be6a2ca20a213e
57a3 12 0 9 11 11 5fe4004fce844844fc484684cfc0001fe
57a4 12 0 9 11 11 4fe410420e444fa4104106fec100101fe
57a6 12 0 9 11 11 7fc4047fc4047fc448e3004e3f8040ffe
57a7 12 0 9 11 11 4104204fee824ba4aa4aa6aacba082086
57a9 12 0 9 11 11 7fc0a04a42a80a0ffe0000407fc040ffe
57ab 12 0 9 11 11 210f7c214354e2425260a0407fc040ffe
57ad 12 0 9 11 11 4fe428428e284284aa46c628c280280fe
57ae 12 0 9 11 11 4205fe448e8457a4005fe640c7c004018
57b2 12 0 9 11 11 4924924fee004fe4024026fec8008207e
57b4 12 0 9 11 11 4104fe400e824c64aa4926aacc60820fe
57b8 12 0 9 11 11 4104fe482e7c4004004fe628c2804a18e
57c2 12 0 9 11 11 4fe4104fee924fe4924fe650c2005018e
57c3 12 0 9 11 11 4204444fae4047c4904106fec28044082
57cb 12 0 9 11 11 4fe492492efe4924924fe610cfe0101fe
57ce 12 0 9 11 11 40a40a4fee884ea4aa4aa6a4ce408a132
57cf 12 0 9 11 11 5c245c484f045d6454554754c9e14013e
57d2 12 0 9 11 11 40c4f0402e944484044fe604c4402400c
57d4 12 0 9 11 11 4144fe410efe4924fe4926fec92092096
57d5 12 0 9 11 11 4fc484484efc4005fe4106fcc100101fe
57d8 12 0 9 11 11 4045c457ef445445e4554754d441c400c
57d9 12 0 9 11 11 47c44447ce004fe482492692c28044082
57da 12 0 9 11 11 47c444444e7c4104fe4926aacc6082086
57dd 12 0 9 11 11 410428444e9240847c404608c5014423a
57df 12 0 9 11 11 40a40a5fee084ea4aa4aa6e4c0406a192
57e0 12 0 9 11 11 4204fe482efe4804fe4826fec101fe010
57e4 12 0 9 11 11 4204fe492efe4924fe428648cfe008008
57ed 12 0 9 11 11 4204fc424efe4244fc5246a8c700a8166
57ef 12 0 9 11 11 4204fc448ea45fe4a44fc6a4cfc02201e
57f4 12 0 9 11 11 4105fe410efc4844fc4846fcc840841fe
57f8 12 0 9 11 11 4fc4844fce844fc4404fe52ae4a092026
57f9 12 0 9 11 11 4104fc400e844485fe4006fcc840840fc
57fa 12 0 9 11 11 208ffe2083f8208ffe208444bfa0407fc
57fd 12 0 9 11 11 4fc4044fce045fe5224fc6a4ca40ac020
5800 12 0 9 11 11 4fe4824fee884aa4aa4be688caa0aa13e
5802 12 0 9 11 11 444248ffe802bfa2083f80407fc040ffe
5806 12 0 9 11 11 4504484fee885fe4884886fec880880fe
5807 12 0 9 11 11 110ffe1107fc4444447fc0407fc040ffe
580b 12 0 9 11 11 4ee4aa4aaeee4aa4aa4ee6aacaa0aa176
580d 12 0 9 11 11 440478488efe5924924fe628c2c04a18e
5811 12 0 9 11 11 406fb8a20fbe224fa42440407fc040ffe
5815 12 0 9 11 11 f1097ea2097e9a2f3e8220407fc040ffe
5819 12 0 9 11 11 4fe4284feeaa4aa4fe400610cfe0101fe
581e 12 0 9 11 11 4544fe454e5c44047e4106fec38054092
5820 12 0 9 11 11 45c4444bee9059e4a84886bec880940a2
5821 12 0 9 11 11 2fc2844fcc105fe4545920407fc040ffe
5824 12 0 9 11 11 4fc4844fce844fc4005fe650c5e0b010e
582a 12 0 9 11 11 2442fe244f7c24427c2443feca80c40fe
5830 12 0 9 11 11 4fe4a44bcea44bc4904fe694c980a40fe
5835 12 0 9 11 11 4204fa424e285fe42047c6c4d7c04407c
5844 12 0 9 11 11 4fe4aa4aaefe4105fe42063ec2204218c
584c 12 0 9 11 11 4fc4844fce844fc4005ee6aac660aa166
584d 12 0 9 11 11 e52a54afee28afea44e92b10a7ca10afe
5851 12 0 9 11 11 53efa223eaa2fbe2224460403f8040ffe
5854 12 0 9 11 11 4445fe444e384445ba4006fec820820fe
5858 12 0 9 11 11 4104fe488ebe48a4fe48a6beca20a213e
585e 12 0 9 11 11 040ffe9127fc110ffe208444bfa040ffe
5865 12 0 9 11 11 4fe40047ce4447c4004fe6aacfe092096
586b 12 0 9 11 11 2102fe210f7c24427c244344cfe044082
586c 12 0 9 11 11 4fe4884beea24be4a24be688cac0aa15a
587e 12 0 9 11 11 110fd04bc794134fd632a0407fc040ffe
5880 12 0 9 11 11 4fe4824fee884ca4ac4ca6becc80be108
5881 12 0 9 11 11 47c44447ce444fe4aa4fe644c280100ee
5883 12 0 9 11 11 4104fc448ffe4844fc4846fcc4808a30e
5885 12 0 9 11 11 fbea94f88abef8a20cf980407fc040ffe
5889 12 0 9 11 11 4104fe494efe4944fe4d26fecd217e152
5892 12 0 9 11 11 4104fe444e284fe4aa4c66bacaa0ba086
5893 12 0 9 11 11 110ffe1107fc404ffe110248df60407fc
5899 12 0 9 11 11 4104fe454e105fe4004fe682cba0aa0fe
589e 12 0 9 11 11 4445fe512f565fe4004fc684cfc0840fc
589f 12 0 9 11 11 41c4104fee9249c4f249e6a8cea0ac17e
58a8 12 0 9 11 11 7fc4445544447fc040ffe5543f8040ffe
58a9 12 0 9 11 11 4485f84aeeea4124ea42a67adc404a0d2
58c1 12 0 9 11 11 7884be79447e788abe3880407fc040ffe
58c5 12 0 9 11 11 040ffe448afe548f4827e4407fc040ffe
58d1 12 0 9 11 11 11eff2aaa54aff444a7d20407fc040ffe
58d5 12 0 9 11 11 4104fe444e7c4004fe492628cda02c0da
58e4 12 0 9 11 11 4105fe4aaeee4444fe4446fec2a0d4062
58eb 12 0 9 11 11 040040040040ffe0400400400400407fc
58ec 12 0 9 11 11 03c7c0040040040ffe0400400400407fc
58ee 12 0 9 11 11 210210a106fe210210210610a1021027c
58f0 12 0 9 11 11 040ffe0407fc0007fc4447fc400400800
58f3 12 0 9 11 11 040ffe0407fc000ffe8021f0110212c1e
58f6 12 0 9 11 11 040ffe0407fc000ffe912514318110ffe
58f9 12 0 9 11 11 040ffe040ffe8027fc4047fc208110ffe
5902 12 0 9 11 11 1001001f82082085109100a00401b0e0e
5904 12 0 9 11 11 2082083c844844ca4a2882881082c0c3e
5907 12 0 9 11 11 1003f8d100e0318c067fc4447fc4447fc
590d 12 0 9 11 11 4007fea043fc2043fc0801fc7080f0f0e
590f 12 0 9 11 11 ffe0407fc4047fc4047fc208d100e0f1e
5914 12 0 9 11 11 110ffe44a6ee4a8fee2a47faa081f0e0e
5915 12 0 9 10 11 1001001fc2045048c80280100200c0700
5916 12 0 9 11 11 210210390490498a94112110210410810
5919 12 0 9 11 11 7fc4047fc4444444f4514694464446982
591a 12 0 9 11 11 0400f870809006819ee221c20240183e0
591c 12 0 9 11 11 040ffe22023c444494d48428410468586
591f 12 0 9 11 11 2103de46285474857055e5627540481b0
5924 12 0 9 11 11 07c784048ffe8427fc4447fc4447fcc06
5925 12 0 9 11 11 f90a9efe2a94f88270f9e262714a88270
5927 12 0 9 11 11 040040040ffe0400a00a0110110208c06
5929 12 0 9 11 11 7fc040040040ffe0400a00a0110208c06
592a 12 0 9 11 11 040040040ffe0400a00a0110110288c46
592b 12 0 9 11 11 0400407fc040040ffe0400a0110208c06
592d 12 0 9 11 11 03c7c0040040040ffe0400a0110208c06
592e 12 0 9 11 11 0400407fc444444444ffe0a0110208c06
592f 12 0 9 11 11 080ffe110208c460407fc084084104618
5931 12 0 9 11 11 2402403fc440840040ffe0a0110208c06
5934 12 0 9 11 11 220120420220020ffe040050088304c02
5937 12 0 9 11 11 040ffe0407fc0447fc4407fe0a2318c06
5938 12 0 9 11 11 080ffe110208df60007fc1001f8008070
5939 12 0 9 11 11 0407fc040248150040ffe0a0110208c06
593a 12 0 9 11 11 080ffe110208c16010ffe210110010070
593c 12 0 9 11 11 040ffe0a0318c06248248248248448848
5941 12 0 9 11 11 040ffe0a0318c067fc4904604905087fc
5942 12 0 9 11 11 2003f0410ffc444444444ffe0a0318c06
5944 12 0 9 11 11 080ffe110248ffe4447fc4447fc04203e
5947 12 0 9 11 11 040ffe0a0110208ffe0043e42243e401c
5948 12 0 9 11 11 040ffe110208df60007fc040248c460c0
5949 12 0 9 11 11 0407fc0807fc100ffe2485f48427fc040
594b 12 0 9 11 11 040040ffe0a0318c067fc4447fc4447fc
594e 12 0 9 11 11 080ffe110248df60407fc0403f8040ffe
594f 12 0 9 11 11 0407fc0807fc100ffe2e8444bfa0a0318
5951 12 0 9 11 11 23ef92212f92222fa6040ffe0a0318c06
5954 12 0 9 11 11 080ffe110208c463f8040208ffe208c08
5955 12 0 9 11 11 040ffe090494892110040ffe0a0318c06
5956 12 0 9 11 11 12093e52215230cd70040ffe0a0318c06
5957 12 0 9 11 11 080ffe2087fca023f8200ffe1002087f4
5958 12 0 9 11 11 51077e110f1057c900040ffe0a0318c06
595a 12 0 9 11 11 7f44842481202487fc040ffe0a0318c06
5960 12 0 9 11 11 110ffe0a07fc4a45246fc404ffe110e0e
5962 12 0 9 11 11 080ffe110e8e3f4088ffe2047fca043fc
5965 12 0 9 11 11 0807fc5544e47fc55464cffe0a0318c06
5973 12 0 9 11 11 080080080ffe108108210190060198e06
5974 12 0 9 11 11 20023efa24a24a28a29145142085148a2
5976 12 0 9 11 11 27c224f2452852e52292252224254288c
5978 12 0 9 11 11 27c210f105105105fe910510210510810
5979 12 0 9 11 11 210250f5657a5d255295655024254283e
597d 12 0 9 11 11 27c204f085105105fe910510210510870
5981 12 0 9 11 11 240240f7e58250252291251220250280c
5982 12 0 9 11 11 20023efa24a24a28a292252222253e880
5983 12 0 9 11 11 27c204f0450450457c94054024254283e
5984 12 0 9 11 11 040ffe2002003fc080ffe1083100e0f1e
5986 12 0 9 11 11 220220a206fe244244688a682102282c6
5987 12 0 9 11 11 27e202f0250250257e90250220250287e
5988 12 0 9 11 11 2fc204f4454454457e9025022fa50281c
598a 12 0 9 11 11 20c270f105105105fe91051021051087c
598d 12 0 9 11 11 2fe224f245245245fe924524244544884
5992 12 0 9 11 11 210208f7e54254257e940540240540880
5993 12 0 9 11 11 208208f7e50850857e5425422245188e6
5996 12 0 9 11 11 20c270f105105105fe910528228544882
5997 12 0 9 11 11 210228f445825105089fe502204508810
5999 12 0 9 11 11 210210f545525525909125042085308c0
599e 12 0 9 11 11 2fc224f245245245fc9445442445448fe
59a3 12 0 9 11 11 248248f4854a56c54894854824a55a86e
59a4 12 0 9 11 11 27c204f285105fe512914510210510870
59a5 12 0 9 11 11 01c7e0484244248080ffe1083100e0f1e
59a8 12 0 9 11 11 220210ffe52052053e92252224254288c
59a9 12 0 9 11 11 27c210f105105fe52892852824a54a88e
59aa 12 0 9 11 11 27e240f6455455454894855426454087e
59ab 12 0 9 11 11 290250f105fe52253292a52a24254288c
59ae 12 0 9 11 11 27e242f4257e54055095255c25055288e
59af 12 0 9 11 11 410410efea92a92a92afea92492a928fe
59b2 12 0 9 11 11 27c244f4454457c54494454427c5008fe
59b9 12 0 9 11 11 210210f7c5105105fe910538254592810
59bb 12 0 9 11 11 040ffe044ffe0447fc080ffe1081f0e0e
59be 12 0 9 11 11 0407fc208110ffe080ffe1083100e0f1e
59c6 12 0 9 11 11 27c244f5454c5fe54495454c27e504818
59ca 12 0 9 11 11 410416f7855055057e912e32352496410
59cb 12 0 9 11 11 210210f245445fa50097e54224254287e
59d0 12 0 9 11 11 27c244f4457c54454497c5442445448fe
59d1 12 0 9 11 11 210210f7e51051051097c54424454487c
59d2 12 0 9 11 11 224214f54544544548968554214522842
59d3 12 0 9 11 11 248248f7e54858850897e5082085088fe
59d4 12 0 9 11 11 03c7c0040ffe248c46080ffe1081f0e0e
59d7 12 0 9 11 11 4ee4aaeaaaaaaaabfeaaaaaa4aaaaa976
59d8 12 0 9 11 11 242224f7e5245245249fe524224544884
59da 12 0 9 11 11 228228faa56c52852896c5aa22854a88e
59dc 12 0 9 11 11 110ffe0407fc040ffe080ffe1081f0e0e
59dd 12 0 9 11 11 250250f7c5905105fe510538254592810
59e3 12 0 9 11 11 2102fef005445825449445282105288c6
59e5 12 0 9 11 11 2202faf245285fe5209c254c27054283e
59e8 12 0 9 11 11 4104fee10afea12afea90afe412a288c6
59ec 12 0 9 11 11 27e248f4855e55255295255e24854887e
59f9 12 0 9 11 11 2102fef8259a56052093e5e022052281e
59fb 12 0 9 11 11 4fe482e92a92afea92aaaaaa4c6a828fe
59ff 12 0 9 11 11 040e7e092228c46080ffe1083101f0e0e
5a01 12 0 9 11 11 0140127fe4107f24927d454854a496b62
5a03 12 0 9 11 11 21027cf105105fe50091057c2105108fe
5a04 12 0 9 11 11 444248ffe150248c46080ffe1081f0e0e
5a05 12 0 9 11 11 2fe228f285285285aa96c5282285288fe
5a06 12 0 9 11 11 220226f7852451a56690057e22854a88e
5a07 12 0 9 11 11 41c4e0e20bfea48a84b4aa48448a88908
5a09 12 0 9 11 11 21027cf5457c5545fe92053c204504818
5a0c 12 0 9 11 11 4fe492e92afea92a92afea104fea109fe
5a11 12 0 9 11 11 210954452094218c60080ffe1081f0e0e
5a13 12 0 9 11 11 27e242f7e54457854e97854e27854a88e
5a18 12 0 9 11 11 21027ef4257e54257e94854a244554862
5a1c 12 0 9 11 11 5ee4aaeaabeaaacaaabeaaaa4aeaa8968
5a1f 12 0 9 11 11 23c224f3c50057e54297e54227e542846
5a20 12 0 9 11 11 4fe480ebca80afeaa8aa8aaa4a4ab4922
5a23 12 0 9 11 11 244228f7e51257e55097e512232556810
5a25 12 0 9 11 11 22c2caf485fe54854a96a5c424454a8d2
5a29 12 0 9 11 11 220238f485fe55255297e52822a54a88e
5a31 12 0 9 11 11 27c244f4457c50057c9105fe2105288c6
5a32 12 0 9 11 11 47c444e44a7ca10afea92aaa4c6a82886
5a34 12 0 9 11 11 49e442e12a92afea92abaad6492a92886
5a36 12 0 9 11 11 fc04be7a24947c8cb6040ffe1081f0e0e
5a3c 12 0 9 11 11 27c244f7c54457c5009fe5822fe5828fe
5a40 12 0 9 11 11 4ee4a2ea2aaeacaaaaaaaaae4e2a82886
5a46 12 0 9 11 11 4102fe8924fc0a4298564ffe1081f0e0e
5a49 12 0 9 11 11 2102fef8254056e5aa9aa56e22854a88e
5a4a 12 0 9 11 11 21027ef1057e5105fe92854a2c4554862
5a55 12 0 9 11 11 2102fef145fe51457c91055c2505b088e
5a5a 12 0 9 11 11 27e248f7e54457250097e54227e54287e
5a62 12 0 9 11 11 4204fee92afea92afea28a484fea08808
5a67 12 0 9 11 11 21027cf1057c5105fe94457c24457c844
5a6a 12 0 9 11 11 208fbe20871caaa208080ffe1081f0e0e
5a74 12 0 9 11 11 fbe8a2aaaaaa5148a2100ffe1081f0e0e
5a75 12 0 9 11 11 444428efea92afea92afea104fea10810
5a76 12 0 9 11 11 4104fee82a10afea92afea924fea10810
5a77 12 0 9 11 11 2102fef4457c5005fe90257c210510830
5a7a 12 0 9 11 11 79011efe4554988336080ffe1081f0e0e
5a7f 12 0 9 11 11 2fe212f5c5505be54497c54427c54484c
5a92 12 0 9 11 11 2442fef4457c54457c9105fe238554892
5a9a 12 0 9 11 11 4fe492efea80abeaa2abeaa24beaa293e
5a9b 12 0 9 11 11 20e2f2f545fe5205fe94057c2a45188e6
5aaa 12 0 9 11 11 27c244f7c54457c50097c5542545548fe
5ab2 12 0 9 11 11 41047ef4a55254a57e948e6e34844a4ee
5ab3 12 0 9 11 11 21027cf4457c54457c94457c2285648ba
5ab8 12 0 9 11 11 252252f7e51057e51097e55227e51487a
5abe 12 0 9 11 11 2282fef285fe5285fe95457c2545fe844
5ac1 12 0 9 11 11 2102fef8257c51052a9dc5282dc52a8d8
5ac2 12 0 9 11 11 450496e92ad6a92afea10afe444a388c6
5ac9 12 0 9 11 11 20827ef405d055e5689c857e2485548a2
5acc 12 0 9 11 11 2442fef285fe52a5fe92a5fe22856c8aa
5ad2 12 0 9 11 11 20e2f2f545fe5a257c92057c2a45188e6
5ad4 12 0 9 11 11 2102fef8a57054057c9485482fe544882
5ad6 12 0 9 11 11 4fe428efeaaaafea00a7ca004fea548b2
5ad8 12 0 9 11 11 2fe292ffe5925fe5289505242fa5548b2
5adc 12 0 9 11 11 21027cf285fe54457c94457c2105fe810
5ae1 12 0 9 11 11 4104fee44afea92abaa92aba4aaaba886
5ae3 12 0 9 11 11 27e208f2e5285fe52093e54027e502856
5ae6 12 0 9 11 11 2542fef8257c54457c91057e252556810
5ae9 12 0 9 11 11 4885e8e8ebf2aaaaaabeaa8a5c4aaa892
5aeb 12 0 9 11 11 2282fef2857c54457c9445fe2105288c6
5af1 12 0 9 11 11 2102fef545105fe5009fe5822ba5aa8fe
5b09 12 0 9 11 11 2102fef1057c54457c9285fe24454487c
5b16 12 0 9 11 11 7884be79447e788abe288ffe1081f0e0e
5b17 12 0 9 11 11 4105feebaaaaabaa82afea4447ca449fe
5b32 12 0 9 11 11 fbeaaaffeaaafbe4a8fbe5aa54a552ba6
5b34 12 0 9 11 11 040ffe4007fc208ffea4affaaaee4aaaa
5b40 12 0 9 11 11 2fe210ffe59255450092e5fa22e57a8ae
5b50 12 0 9 11 11 7f8008010020040ffe0400400400401c0
5b51 12 0 9 11 11 7f800801002004e0701c0e400400401c0
5b53 12 0 9 11 11 7f80080108204403400c007004e0401c0
5b54 12 0 9 11 11 fa00a01202202203a0e20220222222e1e
5b55 12 0 9 11 11 7f810810e2025f282c040ffe0400401c0
5b57 12 0 9 11 11 040ffe802bfa010020040ffe0400401c0
5b58 12 0 9 11 11 080ffe10027c208610a102fe210210230
5b59 12 0 9 11 11 f90090110254254352e92292210210e70
5b5a 12 0 9 11 11 01efe44842487fc010020ffe0400401c0
5b5b 12 0 9 11 11 040ffe040ffe802bfa010060ffe0401c0
5b5c 12 0 9 11 11 fa00a013e2242443a4e28228210228ec6
5b5d 12 0 9 11 11 0847e8090ffe0401f8e100203fe0200e0
5b5f 12 0 9 11 11 7f8010060ffe0401c00007fc4a44a4ffe
5b62 12 0 9 11 11 f4017e28227a24a34ae7a246240242e3e
5b63 12 0 9 11 11 03c7c0040ffe150248df6020ffe0401c0
5b64 12 0 9 11 11 e0e2f4494494494694c944944a44aad76
5b65 12 0 9 11 11 200fbe2a24a4318ca63f8010ffe0401c0
5b66 12 0 9 11 11 484248ffe802bfa010060ffe0400401c0
5b69 12 0 9 11 11 e102fe4204444f8610c224c4408434cc2
5b6a 12 0 9 11 11 040ffe0904949123f8020040ffe0401c0
5b6c 12 0 9 11 11 ffe0c0358c4604023cf842884be308c98
5b70 12 0 9 11 11 210fd04bc794014794134394e2c226642
5b71 12 0 9 11 11 7fe4027fe4105fe4205dc4447fe488998
5b73 12 0 9 11 11 110ffe2945282104a47fc010ffe0401c0
5b75 12 0 9 11 11 206cf8aaaaa4eeeaa2aa4ebeae448488c
5b7a 12 0 9 11 11 efe2104fe492454600cfe4104fe4aacaa
5b7d 12 0 9 11 11 110ffe924ffe8908fef90020ffe0401c0
5b80 12 0 9 11 5 080040ffe802802
5b81 12 0 9 11 11 040ffe802000ffe0400400400400401c0
5b83 12 0 9 11 11 040ffe802a022082303c02002022021fe
5b84 12 0 9 11 11 040ffe8020800807f808808810a20ac0e
5b85 12 0 9 11 11 040ffe80287a7800800fef8008008207e
5b87 12 0 9 11 11 040ffe802bfa040040ffe0400400401c0
5b88 12 0 9 11 11 040ffe802812010ffe010210110010070
5b89 12 0 9 11 11 040ffe802080080ffe1082081100e0f1e
5b8b 12 0 9 11 11 040ffe802842040ffe0e0150248c46040
5b8c 12 0 9 11 11 040ffe802bfa000000ffe110110212c1e
5b8f 12 0 9 11 11 040ffe802080ffe0801201202444849fa
5b93 12 0 9 11 11 040ffe88204804851052494218a308cf8
5b95 12 0 9 11 11 040ffe802000ffe0801003fc604a043fc
5b97 12 0 9 11 11 040ffe8028023f8000ffe040248c460c0
5b98 12 0 9 11 11 040ffe802bfa2083f82003fc2042043fc
5b99 12 0 9 11 11 040ffe8020407fc4444447fc4444447fc
5b9a 12 0 9 11 11 040ffe8020007fc04024027c2405c083e
5b9b 12 0 9 11 11 040ffe802a023bc4a44a4b2c120222c1e
5b9c 12 0 9 11 11 040ffe802bfa2083f82083f8208208ffe
5b9d 12 0 9 11 11 040ffe8028027fc0400407fc048044ffe
5b9e 12 0 9 11 11 040ffe802a22120420220ffe050188e06
5ba0 12 0 9 11 11 040ffe802892088ffe0a0128130262cbe
5ba1 12 0 9 11 11 040ffe8020407fc4447fc4447fc040040
5ba2 12 0 9 11 11 040ffe8829f27100e0318ffe2082083f8
5ba3 12 0 9 11 11 040ffe802bfa0003f82083c8278000ffe
5ba4 12 0 9 11 11 040ffe802bfa0801087f40407fc040ffe
5ba5 12 0 9 11 11 040ffe8827fc1003fc604bfc2043fc204
5ba6 12 0 9 11 11 040ffe8027fc4407f84084087f84407fc
5baa 12 0 9 11 11 040ffe8022403fc440040ffe110212c1e
5bab 12 0 9 11 11 040ffe802bfa2083f80007fc4044047fc
5bb0 12 0 9 11 11 040ffe8427fc208110ffe0407fc040040
5bb3 12 0 9 11 11 040ffe842bfa0407fc040ffe4044047fc
5bb4 12 0 9 11 11 040ffea0abfa2083f8080ffe1081f0e0e
5bb5 12 0 9 11 11 040ffea4a9523f82083f82083f8208218
5bb6 12 0 9 11 11 040ffe802bfa0c0324ce8330ce8326cc0
5bb8 12 0 9 11 11 040ffe8027fc4005fc4007fe514548986
5bb9 12 0 9 11 11 040ffe91264c0a0318c063f82082083f8
5bbd 12 0 9 11 11 040ffe9127fc1103f82082482480a2f3e
5bbe 12 0 9 11 11 040ffe812be22003fc210210ffe208c06
5bbf 12 0 9 11 11 040ffe8022fc210420cfc4844fc4844fc
5bc2 12 0 9 11 11 040ffe8022003bc224fa4228b10aa8646
5bc4 12 0 9 11 11 040ffe8427fc110ffe0043f42143f400c
5bc5 12 0 9 11 11 040ffe8027fc0407fc4447fc4447fcc06
5bc6 12 0 9 11 11 040ffe8925249c2308df80004444447fc
5bc7 12 0 9 11 11 040ffe80271001c010fbc5245185249fe
5bcc 12 0 9 11 11 040ffe802bfa1101107fc4447fc4447fc
5bd0 12 0 9 11 11 040ffe80251057c7101fef38554592910
5bd2 12 0 9 11 11 040ffe9127fc110ffe1102c8c361c0030
5bd3 12 0 9 11 11 040ffe802bfa2483f8248ffe852bfa806
5bdd 12 0 9 11 11 040ffe80227ca0467c2042fe6aaa182e6
5bde 12 0 9 11 11 040ffe9127fc2083f8208ffe0a0318c06
5bdf 12 0 9 11 11 040ffea023bcea4518ef60007fc248cc6
5be1 12 0 9 11 11 040ffea0a3f8208ffe404bfa088108630
5be4 12 0 9 11 11 040ffe80257c51077c124ffe54454497c
5be5 12 0 9 11 11 040ffeaaa1986a80e0318c663800187e0
5be8 12 0 9 11 11 040ffe9127fc110ffe2485f48422484c4
5bee 12 0 9 11 11 040ffe8827fc110a0a7fca0a3f8248cc6
5bf0 12 0 9 11 11 040ffe8027fc4a4ffe2083fa114ec8306
5bf8 12 0 9 11 11 008008ffe008008208108108008008038
5bf9 12 0 9 11 11 004f0417e90450454422422450450481c
5bfa 12 0 9 11 11 0407fc040040ffe008ffe208108108038
5bfb 12 0 9 11 11 7fc0047fc0047fc008ffe008208108038
5bfc 12 0 9 11 11 7fc4047fc4004023fe008ffe208108038
5bff 12 0 9 11 11 0407fc0407fc080ffe1083fe488848018
5c01 12 0 9 11 11 204f8427e204f84024214f94204384c1c
5c04 12 0 9 11 11 2047844be7844847a4494f9428448499c
5c06 12 0 9 11 11 21e2e2a246182e02046fea0424422420c
5c09 12 0 9 11 11 fc4844fde804b84814fcc904b44d24b0c
5c0a 12 0 9 11 11 110ffe0a07fc4a45246fc404ffe208138
5c0f 12 0 9 11 11 0400400402482444444428420400401c0
5c11 12 0 9 11 11 040040248244442842048010060180e00
5c14 12 0 9 11 11 2003fe4028440402482444428420401c0
5c15 12 0 9 11 11 7f810810e20240284c0402484448421c0
5c16 12 0 9 11 11 040248444842040000040ffe0a0318c06
5c18 12 0 9 11 11 0402484448420400000407fc040040ffe
5c1a 12 0 9 11 11 444248040ffe8029f29129129f280280e
5c1d 12 0 9 11 11 444248ffe802bfa000ffe0801102087f4
5c22 12 0 9 11 11 080080080ffe0a00a012012022242283e
5c24 12 0 9 11 11 090088080ffe0a00a012012022242283e
5c25 12 0 9 11 11 42042047ef8252251251250250c5029fe
5c27 12 0 9 11 11 20023efc41180e2f1e000ffe110212c1e
5c2c 12 0 9 11 11 4184244c2f245245245245245445029fe
5c31 12 0 9 11 11 214f92010ffe8908a8fa8228aaaaaa64e
5c34 12 0 9 11 11 4284ae4b0fa452250057c5545fe5009fe
5c38 12 0 9 11 11 3fe2022022023fe200200200400400800
5c39 12 0 9 11 11 7fc044044ffe0440447fc040080300c00
5c3a 12 0 9 11 11 3fc2042042043fc220220210410408806
5c3b 12 0 9 11 11 7fe4024027fe4404407f844844a48ab0e
5c3c 12 0 9 11 11 7fe4024027fe4004804864984e048287e
5c3d 12 0 9 11 11 3fc2042043fc2082084c4832000180070
5c3e 12 0 9 11 11 7fe4027fe4185e043c5e043e5e042283e
5c3f 12 0 9 11 11 7fe4024027fe4204227b44a8524622860
5c40 12 0 9 11 11 7fc4047fc4007fe4025f25125125f280c
5c41 12 0 9 11 11 7fe4027fe4005105125d451851055298e
5c42 12 0 9 11 11 7fe4024027fe4005fc4007fe480504bfa
5c45 12 0 9 11 11 7fc4044047fc4207fe4205fc5045049fc
5c48 12 0 9 11 11 7fe4027fe4105125125fe4105125129fe
5c49 12 0 9 11 11 7fe4027fe4004a44a47fe4a44bc4808fe
5c4a 12 0 9 11 11 7fe4024027fe4105fe5125fe5125129fe
5c4b 12 0 9 11 11 7fe4027fe4007fe4885f44205fc420bfe
5c4e 12 0 9 11 11 7fe4024027fe5244a87fe4704a8726820
5c4f 12 0 9 11 11 7fe4027fe4844485fe4484485fe448988
5c50 12 0 9 11 11 7fe4027fe4885086be50873e52251c962
5c51 12 0 9 11 11 7fe4027fe5244a85fc5045fc5045fc904
5c55 12 0 9 11 11 7fe4027fe4887fe4887fe51050a564982
5c59 12 0 9 11 11 7fe4027fe4005de54459c55455c5c490c
5c5e 12 0 9 11 11 7fe4027fe4205fc5245fc4207fea2aaf6
5c60 12 0 9 11 11 7fe4027fe4425f44487fe4845fc6848fc
5c61 12 0 9 11 11 7fe4027fe5247fe4a85247fe4884f0b0e
5c63 12 0 9 11 11 7fe4027fe50862e4a857e70852e52895e
5c65 12 0 9 11 11 7fe4027fe4a053e6644a453c764518966
5c66 12 0 9 11 11 7fe4027fe5546fe5387545fe5245389c6
5c6e 12 1 9 9 11 080080888888888888ff8080080080080
5c6f 12 0 9 11 11 040ffe0404444444447fc04004204203e
5c71 12 0 9 11 11 040040040842842842842842842842ffe
5c79 12 0 9 11 11 22023eaa0ac0abca84a88a90fa002201e
5c7a 12 0 9 11 11 23e202a82a82a82abeaa0aa0fa202201e
5c7f 12 0 9 11 11 21021ea90aa0abea82a82afaf8200200c
5c81 12 0 9 11 11 842842ffe0801003fcd04088050060780
5c82 12 0 9 11 11 842842ffe0007fc0040047fc4004023fe
5c88 12 0 9 11 11 23e214a94aa4abea94a94aa4fa404400c
5c8c 12 0 9 11 11 4447fc000ff820821023c304288470b8e
5c8d 12 0 9 11 11 27e224aa4aa4aa4afeaa4aa4fa4024044
5c90 12 0 9 11 11 208208abea88a88abeaa2aa2f94008076
5c91 12 0 9 11 11 4447fc0400a0318c460207fc008010020
5c94 12 0 9 11 11 110208c063f80881086180404444447fc
5c96 12 0 9 11 11 2fe280aa4a94a94a88a88a94fa40800fe
5c97 12 1 9 9 11 888888ff8000ff8a28948888948a28818
5c98 12 0 9 11 11 23e222aaaaaaaaaaaaaaaa88f9a02a04e
5c99 12 0 9 11 11 03c7c0040ffe0a0318c460404444447fc
5c9a 12 0 9 11 11 4447fc0007fc4045144a44444a4516802
5c9b 12 1 9 10 11 1007f04105104b04007fc104924fe4018
5c9c 12 1 9 10 11 888888ff8000ff8888888ff88008047fc
5ca2 12 0 9 11 11 4444447fc000ffe0043e42242243e401c
5ca3 12 0 9 11 11 22023eaa2ac2abaaaaaaaaaafba00200c
5ca9 12 0 9 11 11 4444447fc000ffe0801003fc604a043fc
5cab 12 0 9 11 11 210210afea92a92a92afea92f920920fe
5cac 12 0 9 11 11 2fe292a92afea92a92afea90f90010010
5cad 12 0 9 11 11 208208a94ae2a88a84abea82f94008004
5cb1 12 0 9 11 11 12822463eae022021220e040842842ffe
5cb3 12 0 9 11 11 0183e02003fc210210ffe0404444447fc
5cb5 12 0 9 11 11 208208abea88a88a88abeaa2fa202203e
5cb7 12 0 9 11 11 2fe282a82afea90a90afea90f880aa0c6
5cb8 12 0 9 11 11 4447fc0007fe4005fc4204207fe420820
5cbd 12 0 9 11 11 4444447fc080ffe1002407fc040248cc6
5cbf 12 0 9 11 11 842842ffe00017e902902a7e20240287e
5cc4 12 0 9 11 11 2fe282a44ab8ac6a90afca90ffe010010
5ccb 12 0 9 11 11 22023eac2abaaaaabaaaaaaafba00200c
5cd2 12 0 9 11 11 2fe282abaa82abaaaaaaaaaafba082086
5cd9 12 0 9 11 11 21027ca90a90afea84afeaa4f9400400c
5ce1 12 0 9 11 11 21027ea90ad2ab4a90afea90fa8044082
5ce4 12 0 9 11 11 20c270a90afeaa8ac4aa6aa4fa4044084
5ce5 12 0 9 11 11 21021caa4abea8aafea8aabef88008018
5ce6 12 0 9 11 11 040ffe0904949120000404444444447fc
5ce8 12 0 9 11 11 22c2caa48afea48a4aa6aac4f4404a0d2
5cea 12 0 9 11 11 214222a88a94aa2ac0abeaa2fa202203e
5ced 12 0 9 11 11 292254a10afea82afea82afef82082086
5cf0 12 0 9 11 11 21021eaa2a9caeaabca88abef8807e008
5cfb 12 0 9 11 11 2242443fea28a2aac6a3cac4a48e381c6
5d02 12 0 9 11 11 2242fea24afea82a90afea92f920220cc
5d03 12 0 9 11 11 20827ea88acaaacafea88a9cfaa048008
5d06 12 0 9 11 11 2102fea82a28a44a82afca90f900100fe
5d07 12 0 9 11 11 4447fc040ffe8023f8000ffe040248cc6
5d0e 12 0 9 11 11 20823ea88a94aa2afea82abafaa03a006
5d14 12 0 9 11 11 842842ffe2207fec207fc4207fc4207fe
5d16 12 0 9 11 11 4444447fe4205fc4207fe4205fc420bfe
5d1b 12 0 9 11 11 2fe282afea88aaaaaaabea88faa0aa13e
5d1e 12 0 9 11 11 2102fea44a7ca80afca88a90ffe010030
5d24 12 0 9 11 11 266218ae6a90afea90abeae2fbe022026
5d26 12 0 9 11 11 21027caa8ad4afea94afca94ffc01200e
5d27 12 0 9 11 11 4447fc00027cf04242692624a44a9a2e2
5d29 12 0 9 11 11 0404427fe00079e49279e49279e4929a6
5d2d 12 0 9 11 11 4447fc202fbc420a20fbe2243a4e24244
5d2e 12 0 9 11 11 842ffe0007fc4447fc4445f45145147fc
5d34 12 0 9 11 11 4447fc00a7fe4087ea48a7f45249caa2a
5d3d 12 0 9 11 11 842ffe0007fc4447fc4447fc1405248fa
5d3e 12 0 9 11 11 2fe228afeaaaafea90afeaa4fa8018066
5d47 12 0 9 11 11 194e122fe210f2a2ce610692a92a922fe
5d4a 12 0 9 11 11 20c270a10afea54ad6a54ad6f38054092
5d4b 12 0 9 11 11 2fe292afea80abeaa2abeaa2fbe0a213e
5d4c 12 0 9 11 11 842ffe020920fbe92a94af48908914f62
5d58 12 0 9 11 11 22427eaa4afea82a90afeab8fd4092010
5d5b 12 0 9 11 11 842ffe0a0318df60007d44547d44444cc
5d5d 12 0 9 11 11 24a22cafea98aacacaa90afef94018066
5d69 12 0 9 11 11 4447fc040ffe2083f8000ffe9129f2806
5d6b 12 0 9 11 11 244228afea44a44a88aeea44f880aa0ee
5d6c 12 0 9 11 11 4447fc0807fc4447fc4447fc0a412ae3e
5d6f 12 0 9 11 11 22427ea88afea88afea90abefc808803e
5d82 12 0 9 11 11 20823ea94afeaa2abeaa2abef8807e008
5d99 12 0 9 11 11 292254afea54a92a44a7ea94f5402e1c4
5d9d 12 0 9 11 11 2ea22caaaa44a7ca82afca84ffc0481fe
5db7 12 0 9 11 11 842ffe800fbe8047c893efc812e2a8c7e
5dc5 12 0 9 11 11 842ffe200fbe2087be4a27aa4aafd44a2
5dcd 12 0 9 11 11 842ffe72027cfd477cad4ffc4ac72a8ce
5ddb 12 0 9 11 11 222222444444888888888444444222222
5ddd 12 0 9 11 11 202222222222222222222222422422802
5dde 12 0 9 11 11 2222222226aa666a66222222422422822
5de1 12 0 9 11 11 892492092124d24524492492492a009fe
5de2 12 0 9 11 11 2484902487fc4447fc444ffe150248c46
5de5 12 0 9 11 11 7fc040040040040040040040040040ffe
5de6 12 0 9 11 11 080080ffe0801001002fe2104108101fe
5de7 12 0 9 11 11 0fef2022024027e202202302c0200200c
5de8 12 0 9 11 11 ffe800800ffc804804804ffc800800ffe
5de9 12 0 9 11 11 0f8e884884884c84a8488688d0a10a20e
5deb 12 0 9 11 11 7fc0400402482482485548e2040040ffe
5dee 12 0 9 11 11 110ffe0407fc080ffe1003fc4208203fe
5def 12 0 9 11 11 f101fe2205448fa000f54254254354c96
5df1 12 1 9 10 11 ff8008008008008ff88008008048047fc
5df2 12 1 9 10 11 ff8008008808808ff88008008048047fc
5df3 12 1 9 10 11 ff8808808808808ff88008008048047fc
5df4 12 1 9 10 11 ff8888888888888ff88008008048047fc
5df7 12 0 9 11 11 1107fc110ffe1102087fca0a3f82021fe
5dfd 12 0 9 11 11 f3c924f3c8a2fbe1107fc110ffe208c06
5dfe 12 1 9 9 11 080080ff8888888888888888898080080
5e01 12 0 9 11 11 03efc00400407fc44444444444c040040
5e02 12 0 9 11 11 080040ffe0407fc44444444444c040040
5e03 12 0 9 11 11 080ffe100220420bfc22422422422c020
5e05 12 0 9 11 11 210a10afea92a92a92a92292296410810
5e06 12 0 9 11 11 23c224fa4aa4ab4aacaa4aa4ba4244286
5e08 12 0 9 11 11 2fea10a10afea92a92a92292296410810
5e0c 12 0 9 11 11 31c0e0718104ffe2207fca2422422c020
5e0f 12 0 9 11 11 210210ffea90afca90afea92b92216210
5e10 12 0 9 11 11 224224fa8ab0aa0afeaa8aa8ba4224232
5e11 12 0 9 11 11 200fbe2a2494308cb60407fc44444c040
5e14 12 0 9 11 11 20823efaaaa8abeaa2ab2aaaba422a252
5e15 12 0 9 11 11 208210fbeaa2aa2aa2abeaa2ba222223e
5e16 12 0 9 11 11 208208f8ea88a88a88abeaa2ba222223e
5e18 12 0 9 11 11 040ffe8a212063c0407fc44444444c040
5e19 12 0 9 11 11 228228fbeac8a88a88abea88b94214262
5e1a 12 0 9 11 11 7fc0047fc004ffe8427fc44444444c040
5e1b 12 0 9 11 11 0807fc4047fc4047fc040ffe842846040
5e1c 12 0 9 11 11 23e222fa2aa2aa2abea80a80ba4222242
5e1d 12 0 9 11 11 040ffe208110ffe8427fc44444444c040
5e26 12 0 9 11 11 248ffe248000ffe8427fc44444444c040
5e27 12 0 9 11 11 20820ef88abeaa2aaaaaaaaab88214222
5e2d 12 0 9 11 11 0207fe4887fe4884f84205fc52452c820
5e2e 12 0 9 11 11 11efd2114fd211e210c407fc44444c040
5e31 12 0 9 11 11 20827ef88afea90afeaa4afeba421420c
5e37 12 0 9 11 11 214214fbeae4abeaa4aa4abeba422423e
5e38 12 0 9 11 11 248ffe802bfa2083f80407fc44444c040
5e3b 12 0 9 11 11 20827ef88abea88afeaa2aaabaa214262
5e3c 12 0 9 11 11 2fe282ffea92a92abaa96a92bfe2822fe
5e3d 12 0 9 11 11 27e242fdaac2adaa80abeaa2bbe22223e
5e42 12 0 9 11 11 ffea0a3f82083f8080ffe2487fca4a258
5e44 12 0 9 11 11 23e222fbeaa0abeaa4abaaa8bbe22825e
5e45 12 0 9 11 11 23e200fbeaa2abea80abeaaabbe22a23e
5e4c 12 0 9 11 11 23c224fbcaa4abcad2ab4afeba824a28e
5e54 12 0 9 11 11 23c224fbcaa4afeaaaafeac2ba4218266
5e55 12 0 9 11 11 110ffe1107fc404ffe2487fca4a258040
5e5b 12 0 9 11 11 20823ef94afeaa2abeaa2abeb8827e208
5e5e 12 0 9 11 11 2aa26cffeaa4afea90afea90bfe2282c6
5e61 12 0 9 11 11 206278faaafea9caaaafeaaabbe22a23e
5e62 12 0 9 11 11 21027cfa8afea94afca94a94bfe2102fe
5e72 12 0 9 11 11 7fc040040040040ffe040040040040040
5e73 12 0 9 11 11 7fc040444248040ffe040040040040040
5e74 12 0 9 11 11 2003fe4208203fc220220ffe020020020
5e76 12 0 9 11 11 208110ffe110110110ffe110110210c10
5e78 12 0 9 11 11 0407fc040ffe2081107fc040ffe040040
5e7a 12 0 9 11 11 040080100210420fc008010420443afc2
5e7b 12 0 9 11 11 27e202402402902e02202482482942e4c
5e7c 12 0 9 11 11 21021047e412912e122124924a29a2e4c
5e7d 12 0 9 11 11 040a4aa4ac52d56a4aa4ad56f5e842ffe
5e7f 12 0 9 11 11 0203fe200200200200200200400400800
5e80 12 0 9 11 11 0207fe4004804864984e048048248287e
5e84 12 0 9 11 11 0207fe4004204205fc420420420420bfe
5e86 12 0 9 11 11 0207fe4004204207fe420450450488b06
5e87 12 0 9 11 11 0207fe4005105125d451851051055298e
5e8a 12 0 9 11 11 0207fe4004204207fe4204704a8524a22
5e8f 12 0 9 11 11 0207fe4005fc4084507fe4224244208e0
5e90 12 0 9 11 11 0407fe4205fc5045045fc500500500a00
5e91 12 0 9 11 11 0207fe4005fc4204207fe450450492b1e
5e93 12 0 9 11 11 0207fe4407fe4805205fc4207fe420820
5e94 12 0 9 11 11 0207fe4004445445244a4488408410bfe
5e95 12 0 9 11 11 0207fe4045f85105105fe51050854a9a6
5e96 12 0 9 11 11 0207fe4804fc5046f44944f448c48287e
5e97 12 0 9 11 11 0207fe40042043e4204205fc5045049fc
5e99 12 0 9 11 11 0207fe4204205fc5245245fc5245249fc
5e9a 12 0 9 11 11 0207fe4205fc4247fe4245fc450488b06
5e9c 12 0 9 11 11 0207fe40048448457e70452451450490c
5e9e 12 0 9 11 11 0207fe4884847fe490494498512532a4e
5e9f 12 0 9 11 11 0207fe5485447fe4804fc484548530ace
5ea0 12 0 9 11 11 0207fe4884505fc4204f84205fc420820
5ea6 12 0 9 11 11 0207fe4887fe4884f84005fc488470b8e
5ea7 12 0 9 11 11 0207fe4004205245246aa4205fc420bfe
5ead 12 0 9 11 11 0207fe4007864b85087be4886be500afe
5eb3 12 0 9 11 11 0207fe4405fc5245fc5245fc4905fe810
5eb5 12 0 9 11 11 0207fe4407fe4a85247fe5245fc92283e
5eb6 12 0 9 11 11 0207fe4004887fe4884884f8400554a2a
5eb7 12 0 9 11 11 0207fe4205fc4247fe4245fc5244a8b66
5eb8 12 0 9 11 11 0207fe4247fe4245fc5245fc5245fc924
5eb9 12 0 9 11 11 0207fe4887fe4885fc5045fc510508a06
5ebe 12 0 9 11 11 0207fe48052c5245ac5245fc450488b06
5ec9 12 0 9 11 11 0207fe4887fe4547fe4545fc4d8554a52
5eca 12 0 9 11 11 040ffe900bdea52bd4a54bd2a92a5cbb0
5ed1 12 0 9 11 11 0207fe4485fe4484fc4944945fe4109fe
5ed2 12 0 9 11 11 0207fe4485e844e5f248a4ea4a44aa972
5ed3 12 0 9 11 11 0207fe4407fe52a5ea44c48a7ea48e988
5ed6 12 0 9 11 11 0207fe5544cc7544704887364c04189e0
5edb 12 0 9 11 11 0207fe5245fc5247fe4887265fc420bfe
5ee8 12 0 9 11 11 0207fe4804ee52a7f65545fe5545fea54
5eea 12 0 9 11 11 0207fe4207fe5545745047fe420524a62
5ef4 12 0 9 11 11 f0010020040070010090050020058087e
5ef6 12 0 9 11 11 e0e2f0410810e9e290a90a904fe6009fe
5ef7 12 0 9 11 11 e0c2f0410810efe210a10a104fe6009fe
5efa 12 0 9 11 11 e202fc4249fee242fca20afc4206209fe
5efe 12 0 9 11 11 108108108108ffe108108208208408808
5eff 12 0 9 11 11 208208208ffe2082082082082082083f8
5f00 12 0 9 11 11 ffe208208208208ffe208208408408808
5f01 12 0 9 11 11 080108204ffe110110ffe110110210c10
5f02 12 0 9 11 11 7fc4047fc4004023fe108ffe108208c08
5f03 12 0 9 11 11 040ffe1002087f4000110ffe110210c10
5f04 12 0 9 11 11 ffe0407fc040ffe000208ffe208408808
5f08 12 0 9 11 11 040ffe090494912000110ffe110210210
5f0a 12 0 9 11 11 aa023efc4a94f98ae6110110ffe110610
5f0b 12 0 9 11 11 04804404007efc004002002001200a006
5f0f 12 0 9 11 11 014012ffe010010fd011010810a1c6e02
5f11 12 0 9 11 11 90a50a2fe5088082f8f24224b24a3a6c2
5f13 12 1 9 10 11 ff8008008ff8800800ffc004004004078
5f15 12 0 9 10 11 fc4044044fc4804804fc4044044044384
5f17 12 0 9 11 11 120120ffc124ffc920ffe12212222cc20
5f18 12 0 9 11 11 f10110110f10810820f2412414214e6f2
5f1b 12 0 9 11 11 e10290296eba9d2892e96290282282c7e
5f1f 12 0 9 11 11 2081107fc0447fc4407fe0c2342c4c040
5f20 12 0 9 11 11 e44244248e508409fee50248248254c62
5f25 12 0 9 11 11 e4027e242e92810854e54292292210c30
5f26 12 0 9 11 11 e202102fee10820844ef8210224244cfa
5f27 12 0 9 11 11 e0e2f4294e94894894e942942a42aad76
5f29 12 0 9 11 11 23efa249c322dfc0047fc4007fe00203c
5f2a 12 0 9 11 11 efc204208e10868986e7c210210210cfe
5f2d 12 0 9 11 11 efe24427ce4484487ce4424425e2e4c04
5f2f 12 0 9 11 11 040ffe5149127fc0047fc4007fe00203c
5f31 12 0 9 11 11 fbe082082fbe820fbe8a249228a4929a6
5f39 12 0 9 11 11 e442282fee928fe892efe2102fe210c10
5f3a 12 0 9 11 11 e7c24427ce108fe892e922fe210214cfa
5f3c 12 0 9 11 11 eee242242eee8a88a8eee2a22a22a2cec
5f50 12 1 9 9 11 ff8008008008008ff8008008008008ff8
5f52 12 0 9 11 11 17e90290290290297e90220220240287e
5f53 12 1 9 9 11 080888490080ff8008008ff8008008ff8
5f55 12 0 9 11 11 7fc0047fc004ffe0404442680d0348cc6
5f56 12 0 9 11 11 1fc2047f8008ffe6441a8e701a8e260c0
5f57 12 0 9 11 11 208fbe208fbe2080007fc0047fc0047fc
5f5d 12 0 9 11 11 1fc208ffea9472aafe22a110ffe110610
5f61 12 2 9 8 11 040830c20418e0010618e0
5f62 12 0 9 11 11 ff2244248240242ff4248240442444848
5f64 12 0 9 11 11 7c2444658540442fe44584404424448d8
5f66 12 0 9 11 11 0207fe1040887fe4105e44185e240c9f0
5f69 12 0 9 11 11 062f84228920442104fe8380542924108
5f6a 12 0 9 11 11 1c21047e85225c47285e24045c8542a7e
5f6c 12 0 9 11 11 222224ff8220222674768aa0222224228
5f6d 12 0 9 11 11 102fe41187c00027c44587c04822e4f18
5f70 12 0 9 11 11 1027c4298fe04427c44587c0102fe4118
5f71 12 0 9 11 11 7c24447c84407c2104fe84407c2544b28
5f73 12 1 9 9 11 0100607800080301c0e80080080080080
5f77 12 0 9 11 11 2204109fe240440c7c444444484484518
5f79 12 0 9 11 11 27844884824858ec004fc4844484305ce
5f7b 12 0 9 11 11 29e48a88a2ea58ac8a48a4aa4d2492426
5f7c 12 0 9 11 11 2104fe8922904fecc24a2494488494562
5f80 12 0 9 11 11 2204109fe210410c104fc4104104105fe
5f81 12 0 9 11 11 2fe410810210490c9e4904904904905fe
5f82 12 0 9 11 11 2fc4848842fc484c844fc4844844845fe
5f84 12 0 9 11 11 2fc404808210468d8647c4104104104fe
5f85 12 0 9 11 11 21047c8102104fec044fe44442440441c
5f87 12 0 9 11 11 2804fe9022fa48acfa48a48a4fa40240c
5f88 12 0 9 11 11 2fc4848fc284484cfc4924944884a44c2
5f89 12 0 9 11 11 2444288fe210410c7c4104104fe410410
5f8a 12 0 9 11 11 2fe4828822ba4aacaa4aa4ba4824824fe
5f8b 12 0 9 11 11 2204fc8242fe424cfc4204fc4205fe420
5f8c 12 0 9 11 11 2204448f8220444cfa42047c4c44384c6
5f90 12 0 9 11 11 23844488227c410c105fe410494512430
5f92 12 0 9 11 11 21047c8102104fec1045045e4504b050e
5f95 12 0 9 11 11 2104fe810292454dfe410438454592410
5f97 12 0 9 11 11 2fc4848fc2844fcc005fe4085fe488458
5f98 12 0 9 11 11 2484489ce248448dce4484485ce448448
5f99 12 0 9 11 11 21045085e2505fec1045045e4504b050e
5f9c 12 0 9 11 11 2924548102fe482cba4aa4aa4ba482486
5fa1 12 0 9 11 11 2805ee84a24a5eac4a56a54a54e568588
5fa8 12 0 9 11 11 2204fc8842fc484c845fe4104fc4105fe
5faa 12 0 9 11 11 2fe4888fe2884beca24be4a24be4a253e
5fad 12 0 9 11 11 23e4d284c0f024047ec904fe4104924fe
5fae 12 0 9 11 11 2a86a8bee2125eac0a5ca54a56454a612
5fb5 12 0 9 11 11 1485fe80a1f22025f2c4a5f444444a5f2
5fb7 12 0 9 11 11 2104fe8102fe4aacfe4004fe45454a63a
5fbc 12 0 9 11 11 2885e892e3f252adea44a5fa4a44aa572
5fbd 12 0 9 11 11 3505fe8121f22a254acaa5f444454a672
5fc3 12 0 9 11 11 08004002012010050450250290a1080f8
5fc4 12 0 9 6 11 1010585450901010101010
5fc5 12 0 9 11 11 08004804810851051452294218a308cf8
5fc6 12 0 9 11 11 2fc204a08b10a20a2024024028228227e
5fc9 12 0 9 11 11 2fe222a22b22a22a2222222224224228c
5fcc 12 0 9 11 11 7fc0040047fc4004023fe04052450a8fa
5fcd 12 0 9 11 11 7fc04424448410461804052452290a0f8
5fcf 12 0 9 11 11 20c270a10b10a10afe210210210210210
5fd0 12 0 9 11 11 04007c040040ffe00004052452290a0f8
5fd1 12 0 9 11 11 ffe04005804404000004052452290a0f8
5fd2 12 0 9 11 11 014012ffe01011009029022861aa561c2
5fd6 12 0 9 11 11 204204a7eb04a04a4422422420420421c
5fd7 12 0 9 11 11 040040ffe0400407fc00054452290a0f8
5fd8 12 0 9 11 11 040ffe2002003fc00004052452290a0f8
5fd9 12 0 9 11 11 220210afeb40a40a4024024024024027e
5fdd 12 0 9 11 11 7fc080080ffe110208c862a8294494180
5fe0 12 0 9 11 11 0407fc4444447fc04000054452290a0f8
5fe1 12 0 9 11 11 210210afeb92a92a922fe210210210210
5fe4 12 0 9 11 11 24027ca90a10b10afe210210210210210
5fe7 12 0 9 11 11 214212b10afea10a2822822824a24a28e
5fea 12 0 9 11 11 228228a44b44a82a2022024424429a2e2
5feb 12 0 9 11 11 220220afcb24a24a243fe220250288306
5fed 12 0 9 11 11 220210afeb10a10a18214212210210210
5fee 12 0 9 11 11 208208afeb08a08a7e2422422242182e6
5ff1 12 0 9 11 11 210210afeb92a92a1022822824a24a28e
5ff5 12 0 9 11 11 0400a0318c460207fc00809054450a8fa
5ff8 12 0 9 11 11 2fc224a24b24a24afc2242242242242fe
5ffb 12 0 9 11 11 20c270a40b40a7ea48248248248248288
5ffd 12 0 9 11 11 2003fe49289212224c00054452290a0f8
5ffe 12 0 9 11 11 24027ca80b78a00af820820820a20a204
5fff 12 0 9 11 11 110208c063f808810861804052450a8fa
6000 12 0 9 11 11 2fe208a10b10a34a52292210210210210
6001 12 0 9 11 11 040ffe0a0110288c4600054452290a0f8
6002 12 0 9 11 11 1101101102a82a844488204052450a8fa
6003 12 0 9 11 11 27c210a10b10afea2822822824a24a28e
6004 12 0 9 11 11 2fe280aa4b94a94a882882942a42802fe
6005 12 0 9 11 11 244244a48b50a40afe250248248254262
6006 12 0 9 11 11 210228b44a82a7ca4424425c24024223e
600a 12 0 9 11 11 27e212a12b22a46a0027e24224224227e
600d 12 0 9 11 11 220220a3eb50a90a1e21021021e210210
600e 12 0 9 11 11 2003fe4808fc0800fc08054452290a0f8
600f 12 0 9 11 11 210210a7cb54a54a542fe210228244282
6012 12 0 9 11 11 200fbe2a2494308cb600054452290a0f8
6014 12 0 9 11 11 2fe210a10b10a50a5e2502502502502fe
6015 12 0 9 11 11 208210a7eb42a42a4227e24224224227e
6016 12 0 9 11 11 2202feb20a50b902fe292292292296210
6019 12 0 9 11 11 210210afeb10a10a1027c24424424427c
601b 12 0 9 11 11 27c244a44b44a7ca4424424427c2002fe
601c 12 0 9 11 11 210228b44a82a10a082fe20424823020c
601d 12 0 9 11 11 7fc4447fc4444447fc00054452290a0f8
6020 12 0 9 11 11 090108ffc0023f82083f80401245028f8
6021 12 0 9 11 11 210210a24b44afaa0027e24224224227e
6025 12 0 9 11 11 1f02107fc0047fc0047fc04052450a8fa
6026 12 0 9 11 11 2fe210a92a54b10afe210210210210210
6027 12 0 9 11 11 248248a7eb48a88a0827e2082082082fe
6028 12 0 9 11 11 2003bc4a4aac120222c1e04052450a8fa
6029 12 0 9 11 11 27e242a42b7ea40a5025225c25025228e
602a 12 0 9 11 11 27c244a28b10a28ac621027c2102102fe
602b 12 0 9 11 11 228228afeb2aafeaa82fe22a22a24e288
602f 12 0 9 11 11 210210a7cb10a10afe22024424429a2e2
6035 12 0 9 11 11 214212b10afea10a38238254254292210
603b 12 0 9 11 11 2081107fc4044047fc00054452290a0f8
603c 12 0 9 11 11 f0417e90452421450489c00054452a8fa
603f 12 0 9 11 11 2fe282a44b38ac6a1027c2102fe210210
6041 12 0 9 11 11 20c2f0410dfe4104104fc04052450a8fa
6042 12 0 9 11 11 24027ea82b7aa4aa7a24a24a27a20220c
6043 12 0 9 11 11 21027ca10b10afea042fe24422420421c
604b 12 0 9 11 11 040ffe0904948921102000401245028f8
604d 12 0 9 11 11 210292a52b54a10afe22822822a24a28e
6050 12 0 9 11 11 f7c224264234324c060401201045028f8
6052 12 0 9 11 11 2fe200a7cb44a44a7c24424427c2002fe
6055 12 0 9 11 11 200fbe2a24a2322cbe00054452290a0f8
6059 12 0 9 11 11 208110ffe0407fc040ffe04052450a8fa
605a 12 0 9 11 11 0407fc040ffe0407fc040ffe54452a8fa
6062 12 0 9 11 11 2402fea40b48a4aa5a26c248248294262
6063 12 0 9 11 11 040e7e0920902284448820401245028f8
6064 12 0 9 11 11 210220afebaaaaaaaa2aa2aa2aa2aa3fe
6067 12 0 9 11 11 ffe0407fc4a44a44ac00054452290a0f8
6068 12 0 9 11 11 27e242a7eb42a42a7e24824a244254262
6069 12 0 9 11 11 7fc4445f44444a45147fc04052450a8fa
606a 12 0 9 11 11 22023cb44aa8a10a282c627c24424427c
606b 12 0 9 11 11 2fe282abab82abaaaa2aa2aa2ba282286
606c 12 0 9 11 11 20c270a10b10afea1021027c24424427c
606d 12 0 9 11 11 1107fc110ffe110208c862a8294494180
606f 12 0 9 11 11 0803f82083f82083f82083f854452a8fa
6070 12 0 9 11 11 210228b44a82a7ca002fe2822822822fe
6073 12 0 9 11 11 7fc4047fc4047fc448f3004e1205048f2
6076 12 0 9 11 11 7fc0a04a42a80a0ffe00054452290a0f8
6078 12 0 9 11 11 2082e8a1eb0aaeaa4a24a2aa2b22d2226
6079 12 0 9 11 11 2fe280a8ab8aa88afe2882942942a2342
607a 12 0 9 11 11 292292afeb00afea022022fe28028227e
607b 12 0 9 11 11 2fa28aaaabaaaaaaaa2aa2aa22225228e
607c 12 0 9 11 11 2102feb00a82ac6aaa2922aa2c62822fe
607d 12 0 9 11 11 2fe282b20afea40a902fe2102fe210210
607f 12 0 9 11 11 7f80907fc4447fc4447fc44412050a8fa
6083 12 0 9 11 11 2fe282a92b92afea922ba2d62922822fe
6084 12 0 9 11 11 292254a10afeb82afe2822fe282282286
6089 12 0 9 11 11 01c7e0248150ffe248c4600054452a8fa
608c 12 0 9 11 11 244228afeb12afea902fe232252296210
608d 12 0 9 11 11 27c244a7cb44a7ca0027c2102fe210210
6092 12 0 9 11 11 27c244a7cb00afea922922fe28028227e
6094 12 0 9 11 11 24027ea80b7ca54a4c2fe25424c27e204
6096 12 0 9 11 11 2102feb10afea82a7c2082102fe210230
609a 12 0 9 11 11 2102feb10afea92a922fe238254292210
609b 12 0 9 11 11 2242443fea28a2aac6a3cac42482383c6
609d 12 0 9 11 11 2fe292b92afea92a922fe2102fe2102fe
609f 12 0 9 11 11 27e210a7cb24a24afe20027e24224227e
60a0 12 0 9 11 11 24027e484d245185244c20201145028f8
60a3 12 0 9 11 11 0403f82483f80407fc4447fc14052a8fa
60a6 12 0 9 11 11 284248afcb84a84a842fc24824a28a30e
60a8 12 0 9 11 11 2802fe482d1045449243004052450a8fa
60ac 12 0 9 11 11 3f82083f8208ffe2087f404052450a8fa
60ad 12 0 9 11 11 22e2aaaaaba4aaaa2021027c2102102fe
60af 12 0 9 11 11 29e242b12afeaaaaaa2aa2922aa2c6282
60b1 12 0 9 11 11 228228aeeb28a28aee2282282ee228228
60b2 12 0 9 11 11 0a07bc0a07bc0a0fbe0a054452290a0f8
60b4 12 0 9 11 11 2102fea00b44a44aaa2102fe210210210
60b8 12 0 9 11 11 20c270b10afea54a9227c2082fe210230
60bb 12 0 9 11 11 21027cb10afea44a282fe2102fe210210
60bc 12 0 9 11 11 21021ea10b7ca44a7c24427c2102fe210
60c5 12 0 9 11 11 21027ca10b7ca10afe24427c24427c244
60c6 12 0 9 11 11 2fe292abab92abaa822ba2aa2ba282306
60ca 12 0 9 11 11 2102fea00b7ca44a4427c210254292230
60cb 12 0 9 11 11 2102fea82b40a6eaaa2aa36e22824a28e
60d1 12 0 9 11 11 012ffe010794494788016f400245028f8
60d5 12 0 9 11 11 27e242a7eb42a7ea2027e2aa24a292226
60d8 12 0 9 11 11 2fe282aaabfea92afe2a22a22ba282286
60da 12 0 9 11 11 24027eaaab2aa52aa620022425224a2b8
60dc 12 0 9 11 11 2482fca48b48afea002fc2842fc2842fc
60dd 12 0 9 11 11 292254b10afea82aba2aa2aa2ba282286
60df 12 0 9 11 11 228228b7eac8a7ea4824827e24824827e
60e0 12 0 9 11 11 040ffe4447fc4447fc044ffa54452a8fa
60e6 12 0 9 11 11 2102fea80b90a9ea902902be2a22a233e
60e7 12 0 9 11 11 27c244a7cb44a7ca4427c2442fe244282
60e8 12 0 9 11 11 220244afab10afea2824429a26020c270
60e9 12 0 9 11 11 2fe410a9049ec904905fe04052450a8fa
60eb 12 0 9 11 11 1f86081107fcc467fc4447fc1405248fa
60ec 12 0 9 11 11 2fe288abeb88aaaa9c2be2882942a22fe
60ed 12 0 9 11 11 2222fcb48aa8aaeafa22a23a2ea22a232
60ee 12 0 9 11 11 244228afeb92afea922fe2102fe210210
60ef 12 0 9 11 11 27c254afeb54a7ca002fe2922922282c6
60f0 12 0 9 11 11 2102fea20b7ea88a7e24427c24427c244
60f3 12 0 9 11 11 23efa223e722abe22223e14052450a8fa
60f4 12 0 9 11 11 292292afeb00afea102fe2aa2aa2aa286
60f6 12 0 9 11 11 21027ca44b7ca44a442fe21027c2102fe
60f9 12 0 9 11 11 110ffe110ffe1003fc604bfc14052a8fa
60fa 12 0 9 11 11 27e242a7eb42a7ea4827e28827e2082fe
6100 12 0 9 11 11 2282c8a4aa5abeca482c82f4354254262
6101 12 0 9 11 11 110e52252f94610b282c600054452a8fa
6106 12 0 9 11 11 24ec2028ec444244c440c04052450a8fa
6108 12 0 9 11 11 1f02087f4ca67a44a458c0401245028f8
6109 12 0 9 11 11 230248a84b7aa00aea2aa2ea2aa2e22a6
610d 12 0 9 11 11 fa08befa4954fd4918ca60401245028f8
610e 12 0 9 11 11 24027eac4b7ca44a7c22027c2a42182e6
610f 12 0 9 11 11 0407fc110ffe2083f82083f814452a8fa
6115 12 0 9 11 11 2ee2aaaeeb00a7ca002fe24027c204218
611a 12 0 9 11 11 3f82483f82487fc4545f440c1405248fa
611f 12 0 9 11 11 0147fe5d04145c854a9d604052450a8fa
6120 12 0 9 11 11 27c244a7cb44a7ca002fe2aa2aa2aa3fe
6123 12 0 9 11 11 2fe2aaaaaafeb10afe22023e22224228c
6124 12 0 9 11 11 2102feb54afea44afe2822922922282c6
6126 12 0 9 11 11 21027ca54b7ca10afe2442542542282c6
6127 12 0 9 11 11 2402fcba4afcaa4afc22825425c25229e
612b 12 0 9 11 11 2102feb10afea10afe2502242fa2542b2
613f 12 0 9 11 11 7fe4405fc5045fc5045fc4a8564692afa
6148 12 0 9 11 11 110ffe208514208492fbe0401245028f8
614a 12 0 9 11 11 2442feb28afea2aafe22a2fe22826c2aa
614c 12 0 9 11 11 2242fea24b10afea4027c200254254296
614e 12 0 9 11 11 2102fea10b7ca44a7c2442442fe244282
6151 12 0 9 11 11 2fe244a7cb44a5eae42002ee2aa2442aa
6155 12 0 9 11 11 110ffe1107fc4047fc404ffe484aaa594
615d 12 0 9 11 11 ffe888bfe8889fca84ffe04052450a8fa
6162 12 0 9 11 11 27c244a7cb44afeaaa2fe2442282102ee
6167 12 0 9 11 11 208fbe208fbe2087fc0047fc14052a8fa
6168 12 0 9 11 11 2fe2942f4a94b9eaf4a84ab42cc214266
6170 12 0 9 11 11 7c44447de4047d454c72490c4405248fa
6175 12 0 9 11 11 2102feb94afea94afe2d22fe2d22fe352
6177 12 0 9 11 11 2102fea88bbea8aafe28a2be2ca2ac35a
618b 12 0 9 11 11 aa0abe224fc4a94f98ae60401245028f8
618e 12 0 9 11 11 2442fea92bd6afea0027c24427c24427c
6194 12 0 9 11 11 22827eb48afea48a7e24827e2002aa2aa
619d 12 0 9 11 11 110fde4a4794114fc833604052450a8fa
61a7 12 0 9 11 11 21027cb28afea54a7c2542542fe2102fe
61a8 12 0 9 11 11 fd011efe44547d44587e6c401245028f8
61a9 12 0 9 11 11 188e3e222fbe222fbe8a2fbe14452a8fa
61ac 12 0 9 11 11 27c244a7cb44a7ca102fe24427c2542b2
61b7 12 0 9 11 11 2442eea44aeeb54afe21225025c2b028e
61be 12 0 9 11 11 20a2fe288aeaa84aeaaa2360014282478
61c2 12 0 9 11 11 2442fea44b10afea5427c2542fe2102fe
61c8 12 0 9 11 11 49e4ead2aff6d50df455e5f455e554554
61ca 12 0 9 11 11 2102fead6b92afeaba2d63fe228244282
61cb 12 0 9 11 11 2e8228ffe2d876ca4a2c800054452a8fa
61d1 12 0 9 11 11 4442fe8444fe0282fecaa0d654452a8fa
61d2 12 0 9 11 11 2903dcaa4bfeaa2aaa3ea2aa3882d42a2
61d4 12 0 9 11 11 2102feaaabbaa82afe2002fe2102542b2
61e6 12 0 9 11 11 2fe210afea92b54a002fe2102fe2aa2aa
61f5 12 0 9 11 11 2442feb44afeaaaafe24424427c24427c
61ff 12 0 9 11 11 290f5e22af888d4722508724552392c1c
6206 12 0 9 11 11 210fbc564f988e6fa827604052450a8fa
6208 12 0 9 11 11 04804404007efc0044048030062192e0e
620a 12 0 9 11 11 0280247fe42042442442841041242a8c6
620b 12 0 9 11 11 04804407efc004007efc00240380d2f0e
620c 12 0 9 11 11 0280247fe4204244247a841041242a8c6
620d 12 0 9 11 11 0280247fe42042462452849041242a8c6
620e 12 0 9 11 11 028024ffe020224224fa821021242a8c6
620f 12 0 9 11 11 028f2412093e5e052422821051252a846
6210 12 0 9 11 11 0280247fe4207a44a44a849059242a8c6
6211 12 0 9 11 11 194e12210ffe210214394e0820a216622
6212 12 0 9 11 11 028024ffe020524524fa851051252a946
6215 12 0 9 11 11 52852452073e1e0124f2851051252a946
6216 12 0 9 11 11 028024ffe0207a44a44a87900121aae46
6217 12 0 9 11 11 11429245081e7b049249458840a4563e2
6218 12 0 9 11 11 21421239021e270212f9488888a896fa2
621a 12 0 9 11 11 0140127fe4904f24927f44885aa6969a2
621b 12 0 9 11 11 ffe0403f82083f8208108ffe1080f2f0e
621f 12 0 9 11 11 214f92210f9e8f0f92894f8820af96262
6221 12 0 9 11 11 494fd249079e4b0792494fc890aa96fe2
6222 12 0 9 11 11 7d04547d2010ffe4507d44485eae56062
6224 12 0 9 11 11 f8a48a7e853ea28d6a00afe4aa4aaaff2
6225 12 0 9 11 11 7d44527d045e7f05127d49087ca116fe2
622a 12 0 9 11 11 1147d2110ffe210492fd44887ca4967e2
622c 12 0 9 11 11 fea288aae6d8fea00a7ca4447c444a7d2
622e 12 0 9 11 11 eea22aaa867eaa838a44a9a46040caf12
6233 12 0 9 11 11 eeaaaa668abe22828a7eac847e448a7f2
6234 12 0 9 11 11 1147d2110ffe5507d45547c828afd64a2
6237 12 0 9 11 11 0203fe2022023fe200200200400400800
623d 12 0 9 11 11 0207fe4027fe40044852848840e5f8808
623e 12 0 9 11 11 0207fe4024027fe4084247fe4204d8b06
623f 12 0 9 11 11 0207fe4027fe4207fe4804fc484504a18
6240 12 0 9 11 11 1866384207a04be4a47a4424424424844
6241 12 0 9 11 11 0207fe4027fe4005fe5525525fe552956
6243 12 0 9 11 11 0207fe4027fe4005fe50257a54a57a906
6247 12 0 9 11 11 0207fe4027fe4007de54a4c654a6528c6
6248 12 0 9 11 11 0207fe4027fe4885fc5245fc5005028fe
6249 12 0 9 11 11 0207fe4027fe4004485ce4484485ce848
624b 12 0 9 11 11 03c7c00400407fc040040ffe0400401c0
624c 12 0 9 5 11 2020f8202038e0202020e0
624d 12 0 9 11 11 010010ffe010030050090310c10010070
624e 12 0 9 11 11 220220fa02202203a0e20220222222e1e
6251 12 0 9 11 11 210210f10210218314e12210210210e10
6252 12 0 9 11 11 448448e48448448648c48484484484d02
6253 12 0 9 11 11 27e208f08208208308e08208208208e38
6254 12 0 9 11 11 4fc444e4444844e642c42442482482d0c
6258 12 0 9 11 11 41c4e0e2042042063ede0420422422c1e
625b 12 0 9 11 11 4fe410e10410410610c10410410410cfe
6263 12 0 9 11 11 20027ef42242242342e42242242242e7e
6266 12 0 9 11 11 40c470e104104106fec10410410410c10
6267 12 0 9 11 11 220220f7c224224264334e24244242682
6269 12 0 9 11 11 20827ef40240240340e40240240240e80
626a 12 0 9 11 11 49e442e02482482682c82482482482c8e
626b 12 0 9 11 11 4fe402e024024026fec02402402402cfe
626c 12 0 9 11 11 4fc408e104204fe62ac4a492412422c4c
626d 12 0 9 11 11 4fc424e244244246fcc44444444444dfe
626e 12 0 9 11 11 448448e844845026fcc44444484484d18
626f 12 0 9 11 11 410410e1049049e690c90490490490dfe
6270 12 0 9 11 11 428424e205fe420650c50450492492d1e
6273 12 0 9 11 11 40e4f0e804804fe6c2ca2494488494d62
6276 12 0 9 11 11 410410e7c4104106fec10428428444c82
6279 12 0 9 11 11 488488e8848a4ec688c8848848a4aacce
627c 12 0 9 11 11 4fe480e804bc4a46a4cac4a04a24a2d1e
627e 12 0 9 11 11 428424e2043e5e0624c2841041246ad86
627f 12 0 9 11 11 3f8010060e4a2ea24c2e84445f48421c0
6280 12 0 9 11 11 410410efe4104106fcc84484448430dce
6284 12 0 9 11 11 410410e94492492510e12404408430cc0
6289 12 0 9 11 11 420420efc424424624dfe420450488d06
628a 12 0 9 11 11 4fe492e924924926fec80480482482c7e
6291 12 0 9 11 11 4204dee92492492692c924b24d6410c10
6292 12 0 9 11 11 27c204f282102fe312e14210210210e70
6293 12 0 9 11 11 40e4f4e94494494694c94494494492d12
6295 12 0 9 11 11 478448e4844858e600cfc484448430dce
6296 12 0 9 11 11 408448e28408488648c0e4384c8408c08
6297 12 0 9 11 11 420410efe400478648c4844844a48ad0e
6298 12 0 9 11 11 40c4f0e804804fe688c88488488488d08
629a 12 0 9 11 11 4fc420e204205fe650c50450492492d1e
629b 12 0 9 11 11 488488e9e5ea4aa6aacaa4aa4b64a0d3e
629f 12 0 9 11 11 4104fce204205fe640cfc404448430c08
62a0 12 0 9 11 11 4fe480ea4494494688c884944a4480cfe
62a1 12 0 9 11 11 410428e44582440644c48470442442c3e
62a2 12 0 9 11 11 410428e4458247c644c4445c440442c3e
62a4 12 0 9 11 11 210208f7e24224237ee40240240240e80
62a5 12 0 9 11 11 27e242f4224e24037ee62254248254e62
62a8 12 0 9 11 11 4fe410e924544106fec10410410410c10
62ab 12 0 9 11 11 4104fee924904fe6c2ca2494488494d62
62ac 12 0 9 11 11 420420e444845fa602cfc484484484cfc
62b1 12 0 9 11 11 4804fcf044f4494694cf448c480482c7e
62b5 12 0 9 11 11 40c4f0e904904906fec9048848a4a6cd2
62b9 12 0 9 11 11 410410efe41041067cc10438454492c10
62bb 12 0 9 11 11 410410efe4924926fec924924fe410c10
62bc 12 0 9 11 11 4fe492e924fe492692cfe410410410c10
62bd 12 0 9 11 11 410410efe492492692cfe492492492cfe
62bf 12 0 9 11 11 4fe482e824fe490690cfe4904884aacc6
62c2 12 0 9 11 11 428428efe42a4fe6a8cfe42a42a44ed88
62c4 12 0 9 11 11 420410efe410410610c7c410410410cfe
62c5 12 0 9 11 11 4fc484e844844fc684c844844fc400dfe
62c6 12 0 9 11 11 40c4f0e804804fe688c9848c48a488d08
62c7 12 0 9 11 11 4fc484ea44945fe684ca44944fe404c18
62c8 12 0 9 11 11 410410e1e410410610cfe482482482cfe
62c9 12 0 9 11 11 420410efe400444644c24424428408cfe
62ca 12 0 9 11 11 444444ebe4845846a4c94494484484c8c
62cc 12 0 9 11 11 410492e544104fe610c104fe410410c10
62cd 12 0 9 11 11 208210f7e242242342e7e242242242e7e
62ce 12 0 9 11 11 410428e44582410608cfe404448430c0c
62d0 12 0 9 11 11 4fe482e824fe4206fec22422442442c8c
62d2 12 0 9 11 11 4fe480e804fc484684c844fc480480cfe
62d3 12 0 9 11 11 4fe420e2042044067ecc2542442442c7e
62d4 12 0 9 11 11 448444efe44044067cc444444a8490d6e
62d6 12 0 9 11 11 24027ef9029625a2723d2e5625024263e
62d7 12 0 9 11 11 448448e9e48a52a5cae4a48a492552da6
62d8 12 0 9 11 11 44047ee8250247a64ac4a44a47a402c0c
62d9 12 0 9 11 11 410492e924924fe610c10492492492cfe
62da 12 0 9 11 11 220242f7e20022422437ee24224244644
62db 12 0 9 11 11 4fe422e2244248e600cfe482482482cfe
62dc 12 0 9 11 11 1bee0823e208f8823e208f8823e408808
62df 12 0 9 11 11 424494e94484484688ca84d4494422c42
62e2 12 0 9 11 11 448444efe450450652c544584924b2d4e
62e3 12 0 9 11 11 4205fee405f04906fec10494492512c30
62e5 12 0 9 11 11 4fe492e924fe492692cfe492492492d16
62e6 12 0 9 11 11 444428efe400400600c7c400400400cfe
62e7 12 0 9 11 11 4104fee824004fe610c10410410410c70
62e8 12 0 9 11 11 4a84a4ea05fe44067cc444444a8490d6e
62e9 12 0 9 11 11 4fe482e444384c6610c7c4104fe410c10
62ec 12 0 9 11 11 40c4f0e104105fe610c104fc484484cfc
62ed 12 0 9 11 11 40a40aefe4084086f8c2442442443acc2
62ee 12 0 9 11 11 410410efe41041067cc0047c444444c7c
62ef 12 0 9 11 11 4fc408e125da454654c92512430400dfe
62f1 12 0 9 11 11 448448efe448448648dfe400448484d02
62f3 12 0 9 11 11 2482507fc110ffe248df4042ffe0401c0
62f4 12 0 9 11 11 410428e445824fc610c104fc410410dfe
62f6 12 0 9 11 11 492524e4852449242063ecc2424418ce0
62f7 12 0 9 11 11 4224f4e285fe42067cdc047c404404c18
62fc 12 0 9 11 11 442424efe424424624cfe424424444c84
62fd 12 0 9 11 11 4104fee924fe492692cfe41440841ace6
62fe 12 0 9 11 11 410428e4458247c600cfe482482482cfe
62ff 12 0 9 11 11 0e0318df60003f82087fc040ffe0401c0
6301 12 0 9 11 11 41047ce104104fe604cfe444424404c1c
6302 12 0 9 11 11 41047ce104104fe600c1047c410410cfe
6307 12 0 9 11 11 48248cef048247e600cfe4824fe482cfe
6308 12 0 9 11 11 fbe212f92222f222fc0403f8040ffe040
6309 12 0 9 11 11 4104fee824104106fec24444428418ce6
630e 12 0 9 11 11 4205fee4848457a600dfe44047c404c18
6311 12 0 9 11 11 428428eaa46c428628c6c4aa42844ad8e
6316 12 0 9 11 11 4104feeaa4444006fcc08430440482c7e
631a 12 0 9 11 11 210f7c214374e1c3e60403f8040ffe040
631b 12 0 9 11 11 040ffe0904949127fc0403f8040ffe040
631d 12 0 9 11 11 504484e3e4045a4694c9448448c540d3e
631e 12 0 9 11 11 508488e0843e588688c944944a2540d3e
631f 12 0 9 11 11 4104fee10492454610dfe410428444d82
6320 12 0 9 11 11 420426ef842441a6e6c004fe42844ad8e
6321 12 0 9 11 11 410492e544104fe602c024fe402402cfe
6322 12 0 9 11 11 41c4e0e205fe448684d4a448448488d08
6323 12 0 9 11 11 440478e884fc4146fec144fc410410c70
6324 12 0 9 11 11 4104fee44428410628dc6444444444c84
6325 12 0 9 11 11 4fe482e204fe440690cfe4104fe410c10
6328 12 0 9 11 11 420444efa44047c690c104fe428444c82
632a 12 0 9 11 11 5ee4aaeaa5ea4ac6aadea4aa4ae4a8d68
632b 12 0 9 11 11 410454e544544ba692c1047c410410cfe
632f 12 0 9 11 11 4fe480ebc4804fe6a8ca84aa4a44b4d22
6332 12 0 9 11 11 210954452094218c607fc040ffe0401c0
6339 12 0 9 11 11 47c444e7c4004fe692c924fe480482c7e
633a 12 0 9 11 11 5c245ce845045de644d4454449e540d3e
633d 12 0 9 11 11 440478e885fe492692cfe42842a44ad8e
6342 12 0 9 11 11 4fe420efc4444446fec004fe482482cfe
6343 12 0 9 11 11 4fc424efe4244fc620c404fc584484cfc
6345 12 0 9 11 11 4fc428e104fe4926fec924fe492492c96
6346 12 0 9 11 11 4fe482e924924fe692cba4d6492482cfe
6349 12 0 9 11 11 4fe482e824824fe610c9049e490570d0e
634b 12 0 9 11 11 40c4f0e02494448604cfe404444424c0c
634c 12 0 9 11 11 5e252af2a5ea48a7eacaa4aa4a24a2d6e
634d 12 0 9 11 11 4fc484efc4844fc600cfc4105fe410c10
634e 12 0 9 11 11 492454e104fe4826fec824fe482482c86
634f 12 0 9 11 11 4fe482efe4824fe610c104fe410410cfe
6350 12 0 9 11 11 47c444e7c4004fe682cfe4824fe482c86
6355 12 0 9 11 11 4144fee104fe4926fec924fe492492c96
635e 12 0 9 11 11 4444fee444fe482620cfe422422442d8c
635f 12 0 9 11 11 47c444e7c4004fe682c92492428444c82
6361 12 0 9 11 11 410428e4458247c600ca2454454408cfe
6362 12 0 9 11 11 420438e484fc494694c945fe428444d82
6363 12 0 9 11 11 4204fce844c44ac680cfe4425525f2c0c
6367 12 0 9 11 11 41047ce1047c4206fec544ba4104fec10
6369 12 0 9 11 11 4104fee824824fe680c8a4fe488494d62
636d 12 0 9 11 11 4204fee924fe4926fec284484fe408c08
636e 12 0 9 11 11 4fe482e824fe4886fec884be4a24a2d3e
6371 12 0 9 11 11 4fe488e884be4886fec884884be488d7e
6376 12 0 9 11 11 40c470e104fe4546fec544544fe410c7c
6377 12 0 9 11 11 4205fee245fe4246fcc204bc4a0560d1e
637a 12 0 9 11 11 4105fee284445ba600cfe410454592c30
637b 12 0 9 11 11 410428e4459240867cc044084504c4d3a
6380 12 0 9 11 11 4284c8e8e48a4f66a4ca44a44aa4aad32
6382 12 0 9 11 11 4104fee8049049e690c904be4a24a2d3e
6387 12 0 9 11 11 4ee422eaa4444aa600cee42a4aa444caa
6388 12 0 9 11 11 40c5f0ea24545fe702cfc484448430dce
6389 12 0 9 11 11 41041ee104fc4846fcc844fc4105fec10
638a 12 0 9 11 11 4104fce004844486fec004fc484484cfc
638c 12 0 9 11 11 248ffe8023f82087fc0407fc040ffe040
638e 12 0 9 11 11 4104fee104284446fec04474454474c0c
638f 12 0 9 11 11 4804fef824fa5224fae224aa4fa402c0c
6390 12 0 9 11 11 42043ce445884206cec824ee482482cfe
6392 12 0 9 11 11 428428eee4284286eec284284ee428c28
6396 12 0 9 11 11 4205fee5045e4926aada44d4488494ca2
6398 12 0 9 11 11 4fe482efe4884aa6aacbe4884aa4aad3e
63a0 12 0 9 11 11 4105fee004fc484684cfc410494512c30
63a2 12 0 9 11 11 4fe482e28444482610cfe410438454c92
63a3 12 0 9 11 11 50a7ea90a7e25260407fc040ffe0401c0
63a5 12 0 9 11 11 4104fee444284fe610cfe424448438cc6
63a7 12 0 9 11 11 4104fee82428444682c7c410410410cfe
63a8 12 0 9 11 11 450448efe5884fe688c884fe488488cfe
63a9 12 0 9 11 11 4204fce484a45fe6a4cfc4a44fc422c1e
63aa 12 0 9 11 11 4484fce484485fe600cfc4844fc484cfc
63ac 12 0 9 11 11 44047ee8252a4b2622dfa4724aa522c2c
63ad 12 0 9 11 11 4fc420e205fe448684d224b44aa52ac60
63ae 12 0 9 11 11 4104fee824fe4806beca24be4a24bed22
63b0 12 0 9 11 11 eee4244a4f1e5145e4eae4a44a492494c
63b3 12 0 9 11 11 41c410efe49249c6f2c9e4904fe492d66
63b4 12 0 9 11 11 4fe482efe4924926bac964924fe482cfe
63b7 12 0 9 11 11 51e4aaffa44a44c64adfa44a4ae498d08
63b8 12 0 9 11 11 444428efe4924fe692cfe4104fe410c10
63ba 12 0 9 11 11 420444efa4205fe648c8451a4e040ccf0
63bc 12 0 9 11 11 47c454efe45447c600cfe492492428cc6
63be 12 0 9 11 11 47e444efc4085fe45063accc43a5cac30
63c4 12 0 9 11 11 430448e8457a4006eacaa4ea4aa4e2ca6
63c6 12 0 9 11 11 4ea42ceaa44447c692c104fe428444c82
63c9 12 0 9 11 11 47c408efe4324546b0c104fe438454c92
63cd 12 0 9 11 11 41047ce1047c4206fec5449247c428cc6
63ce 12 0 9 11 11 4105fef024fc4006fcc844e44bc400dfe
63cf 12 0 9 11 11 4444fee444004fe692c924fe492492cfe
63d0 12 0 9 11 11 4fc484efc4844fc600dfe45045e4b0d0e
63d2 12 0 9 11 11 40c470e104fe410650c964924d6492cfe
63d6 12 0 9 11 11 4fc484efc4005fe684cfc48449e5e4c04
63de 12 0 9 11 11 2102fef442282fe300e7c24427c244e7c
63e0 12 0 9 11 11 4fe4a4ebc4a44bc690cfe4944984a4cfe
63e1 12 0 9 11 11 4fe482efe4804fe6a4cfa4884be488d7e
63e3 12 0 9 11 11 492492efe4004fe610cfe4aa4aa4aac86
63e9 12 0 9 11 11 4884eae8c4aa4ce610cfe4824fe482cfe
63ea 12 0 9 11 11 4284c8e4a45a5ec648cc84f4554454c62
63ed 12 0 9 11 11 4fc484efc4844fc640cfe5124aa4fac06
63f2 12 0 9 11 11 4544fee5445c44067ec104fe438454c92
63f4 12 0 9 11 11 40e4f2e544fe4206fec4047c4a4518ce6
63f6 12 0 9 11 11 5fe4aaeea4aa4ac6eacaa4aa4ee5a8c28
63f8 12 0 9 11 11 4104fee5449247c644c7c44447c400cfe
63fd 12 0 9 11 11 45055ef545624fc684c9449441042acce
6400 12 0 9 11 11 478488efe5924fe628dce4304cc430c0c
6401 12 0 9 11 11 49e442e224ba4ea692caa4c64ba4aacba
6402 12 0 9 11 11 492454efe438454692c205fe444478d86
6405 12 0 9 11 11 4a2454efe48247c644c5445441042acce
640b 12 0 9 11 11 4fc488ebe4aa4ac6bacae4a04dc494d26
640c 12 0 9 11 11 4fe482efe4944fe694cfe4a84aa4a4d32
640f 12 0 9 11 11 4144fee104fe4926fec924044fe444c2c
6410 12 0 9 11 11 4105fee204484f0624dfe4924fe492cfe
6413 12 0 9 11 11 4444fee104fe4106fec2047e488508c7e
6414 12 0 9 11 11 4fe492e444384c6610cfe4924fe414dfa
641b 12 0 9 11 11 4444fee284fe42a6fec2a4fe42846ccaa
641c 12 0 9 11 11 450496e924d64926fec104fe444438dc6
641e 12 0 9 11 11 4104fee4447c4006fec824ba4aa4bac86
6421 12 0 9 11 11 47c444e284fe4aa644caa4104fe454c92
6426 12 0 9 11 11 4ee422e224ee4886eec224aa4664aac66
642a 12 0 9 11 11 4104fee884be48a6fec8a4be4a24a2d3e
642c 12 0 9 11 11 49c5d4f545d45667405fed525d454cd72
642d 12 0 9 11 11 4445fee444384445bae004fe482482cfe
6434 12 0 9 11 11 040ffe9123f8110ffe244dfa040ffe040
643a 12 0 9 11 11 4484fef884fe4886fec004fc426442d8c
643d 12 0 9 11 11 4444fee444104286c6c104fe410454cb2
643f 12 0 9 11 11 242c4c4a4514eee4044e4eae4a44a48ec
6441 12 0 9 11 11 4fe492efe4924aa6c6cfe4204544cad3a
6444 12 0 9 11 11 4fe444e7c44445e6e4c004ee4aa444caa
6445 12 0 9 11 11 41c410efe49249c6f2c9e4904a84a2d5c
6446 12 0 9 11 11 4fe4aaeaa4fe41067cc104fe420444cfa
6447 12 0 9 11 11 4064f8e924544804fe610cfe410492cfe
6448 12 0 9 11 11 4104fee8a47044067cc484484fe444c82
644a 12 0 9 11 11 4145d4e5e57455e554e9449e554554d1e
6452 12 0 9 11 11 4fe482efe4a24946bec944944be494d24
6454 12 0 9 11 11 4104fee104aa41066ccba4104fe410c10
6458 12 0 9 11 11 4104fee444fe4926bac924ba4aa4bac86
645e 12 0 9 11 11 4fe492efe4924fe628cd04244fa454cb2
6467 12 0 9 11 11 492492efe4484fe688dfe4884fe488cfe
6469 12 0 9 11 11 0207fe4887fe5dc6aa4a85fc4207fe820
646d 12 0 9 11 11 4104fee804a44fe6a4ca44bc4804aad2a
6478 12 0 9 11 11 4485fee484fc4846fcc845fe430448d86
6479 12 0 9 11 11 110ffe1107fc404ffe2485f48427fc040
647a 12 0 9 11 11 5ee4aae665aa422610cfe4824fe482cfe
6482 12 0 9 11 11 4fe492efe4924924fe644d984645c6c7c
6484 12 0 9 11 11 4ee4aaeaa4aa4446aac104fe424438cc6
6485 12 0 9 11 11 5fe508fae54a5f2544754df454a68ac92
6487 12 0 9 11 11 45055ed524425f255275adf455455ad52
6491 12 0 9 11 11 4544fee8247c44467cc1047c4104fec10
6492 12 0 9 11 11 4a85f8eae5f240a7ead2a5ea5245ead32
6495 12 0 9 11 11 4a25fcea84e84ae6eacaa5fa40a4aad12
6496 12 0 9 11 11 4e8428fee4b24ea6aacea4aa4e45aac32
6499 12 0 9 11 11 4444fee284fe4aa6aacde4825fe444c2c
649e 12 0 9 11 11 4104fce485fe4946fcc944945fe410dfe
64a4 12 0 9 11 11 4485e8e8e52a5d272adea52a5e452ad72
64a9 12 0 9 11 11 4105feeaa47c4c657ce4447c410494d32
64ac 12 0 9 11 11 4fc440ffc44247e4006eec445fe444c66
64ad 12 0 9 11 11 40e4f0e545fe454692dfe4924fe492cfe
64ae 12 0 9 11 11 4fc484efc4845fe6a0cee4aa4ea5a4c2a
64b0 12 0 9 11 11 4ee4aaeee4984f6628cfe4285fe444d82
64b5 12 0 9 11 11 4444eee445ee4aa6fec504fc4104fec10
64b7 12 0 9 11 11 4be488ffe4a24aa7eac2a5ea548554de2
64b8 12 0 9 11 11 478488ffe4924fe692dfe44447c444c7c
64ba 12 0 9 11 11 4104feeaa44449267cc544fe4924fec10
64bc 12 0 9 11 11 40a5fef0857a50457455ad70404542e38
64c0 12 0 9 11 11 4445eae505e052e7e4d245ee4445e4c44
64c2 12 0 9 11 11 4fe410efe492454600cfe4924fe492cfe
64c5 12 0 9 11 11 4105feeba4aa4ba682cfe44447c444dfe
64cd 12 0 9 11 11 47c444e7c4ee4aa6eec104fe438454c92
64ce 12 0 9 11 11 520ffe5547580a67f80403f8040ffe040
64d0 12 0 9 11 11 4fe4aaefe4004fe644c7c4285ca454c62
64d2 12 0 9 11 11 438444e9247c428692cfe4104fe4aacb6
64d7 12 0 9 11 11 5c8548f7e5545d473edc854877e548dc8
64d8 12 0 9 11 11 7884be7944147bea887fc040ffe0401c0
64de 12 0 9 11 11 5584e8fee4524ea54ae4a5ea4a44cad32
64e2 12 0 9 11 11 4ee4aae664aa422648cfe5884fe488cfe
64e4 12 0 9 11 11 41047ce444fe4926fec924fe4004fec44
64e6 12 0 9 11 11 4104fee8246c4aa644cba4004fe454cb2
6500 12 0 9 11 11 2a8f5e6acb5a2a8ffe2485f48427fc040
6509 12 0 9 11 11 4fe410efe492454688cfe5884fe488cfe
6512 12 0 9 11 11 4944fef444ee4446aacfe492492428cc6
6518 12 0 9 11 11 4105feeaa4ee4446fec445fe42a5d4c62
6525 12 0 9 11 11 4884eef544fc4846fcc845fe49455acb4
652b 12 0 9 11 11 4ee4aaeee4aa44867ecc847e444438cc6
652e 12 0 9 11 11 4104fee544fe4aa6eec445fe42a5d4c62
652f 12 0 9 11 11 040040ffe0400407fc2081100e0318c06
6534 12 0 9 11 11 04004007e0400407fc2081100e0318c06
6535 12 0 9 11 11 1001001fe2082085109100a00401b0e0e
6536 12 0 9 11 11 12092093e9449a4924928b28d10128146
6538 12 0 9 11 11 22022053e544da45245285285104284c6
6539 12 0 9 11 11 020f2013e1441a4f24828828910a28cc6
653b 12 0 9 11 11 020f2023e2442a4224228328c100280c6
653e 12 0 9 11 11 420220fbe4444247a44a84a84904a89c6
653f 12 0 9 11 11 020fa023e244ba4a24a28a28b90c280c6
6545 12 0 9 11 11 220220fbe244224224fa88a88908a8fc6
6548 12 0 9 11 11 110fd001e4a4854494494294108294c62
6549 12 0 9 11 11 220b2063e244fa4224628728a102282c6
654c 12 0 9 11 11 1a0e2023e244fa4224228fa88908a8fc6
654f 12 0 9 11 11 4107d081e7e45544d4ff45544c87d4062
6551 12 0 9 11 11 190150fde124954594114394548914362
6555 12 0 9 11 11 110fd011efe4954954fd4394548914122
6556 12 0 9 11 11 220fa023efc4224fa44287a84904a89c6
6559 12 0 9 11 11 210f5029efe42247d48941d4f08114362
655b 12 0 9 11 11 11029045e8247d4014a545544881d4e22
655d 12 0 9 11 11 220abeaa4224fc4a54b54ec8a48a54ae2
655e 12 0 9 11 11 95059011efe4854f54d54d54f488548e2
6562 12 0 9 11 11 790090fde4a47944947944947c8c940a2
6563 12 0 9 11 11 510f9051efa4054f94894f94888f948a2
6566 12 0 9 11 11 110ff045e7d40247d40941d4f08114362
656b 12 0 9 11 11 210f9089efa48d4f94214fd44884949a2
656c 12 0 9 11 11 290ff029e4247d48547545547480541a2
6570 12 0 9 11 11 950590fde324594954214fd4248394c62
6572 12 0 9 11 11 208fc848e788008fde852f52d4af448da
6574 12 0 9 11 11 110ffe5547d4388554ffe04027c240ffe
6577 12 0 9 11 11 290fd0a9efa4a94214fd44147884949a2
6587 12 0 9 11 11 080040ffe2082081101100a00401b0e0e
658b 12 0 9 11 11 040ffe2081f0e0e000ffe080ffe912916
658c 12 0 9 11 11 8ea40affe208a28aa84b44a4aa4ab29c2
6590 12 0 9 11 11 110f1e110f1e110040ffe2081100e0f1e
6591 12 0 9 11 11 e5e4445e44244a4ebe4444444a4484e1e
6593 12 0 9 11 11 89e442f922fea92afe4d64d6afeaba8d6
6597 12 0 9 11 11 11009005041021011001e0f0f10010010
6599 12 0 9 11 11 204b24614204f4422460671ca64204204
659b 12 0 9 11 11 2043a4494fc45647d45467cc574544944
659c 12 0 9 11 11 3044a4814f04244224f0621cae4a04204
659f 12 0 9 11 11 484fd448c7844a4794484fce934a84fc4
65a1 12 0 9 11 11 208f94222f80894f8c8a4f94206fbc204
65a4 12 0 9 11 11 01c3e02002003fe210210210410410810
65a5 12 0 9 11 11 01c3e02002003fe210270218416410810
65a7 12 0 9 11 11 110208d160e0318de62003fc210210410
65a9 12 0 9 11 11 206fb8420a20a3efa42243a4e24224244
65ab 12 0 9 11 11 f0c27024044077ed48548548548748088
65ad 12 0 9 11 11 906d78ba0920ffe924ba4d64924824fc4
65af 12 0 9 11 11 486ff84a07a04be7a44a4fe40244a4844
65b0 12 0 9 11 11 106fd8450290fde114fd4114554924324
65b9 12 0 9 11 11 080040ffe0800800fc084104104204c18
65bc 12 0 9 11 11 410210fa84464007b048c4804b048c982
65bd 12 0 9 11 11 44047ef9049645a7725d295695014263e
65c1 12 0 9 11 11 040ffe110ffe802040ffe0801fc204c18
65c3 12 0 9 11 11 22023efc027e22a3aa4fe4a28a28a2326
65c4 12 0 9 11 11 24027efc027c21039e4f049e8f089231e
65c5 12 0 9 11 11 44047ef884904287ea4aa4a48a48a2332
65c6 12 0 9 11 11 44027ef4049047e71057e552552556b10
65cb 12 0 9 11 11 44047ef4047e49271055e55095097038e
65cc 12 0 9 11 11 44027ef404a843e74850857e508508b7e
65ce 12 0 9 11 11 44027ef8047e44277e55055255c552b8e
65cf 12 0 9 11 11 42023ef4042043e74850857e508514b62
65d2 12 0 9 11 11 44027ef9047e42477a500554554554b96
65d6 12 0 9 11 11 44027ef9047e4287445fe574554574b0c
65d7 12 0 9 11 11 44027ef8042447e72453c52457e524b42
65e0 12 0 9 11 11 7fc040040040ffe0a00a0120122222c3e
65e2 12 0 9 11 11 f7e948f489489fef08808a1892aa4ac8e
65e5 12 1 9 9 11 ff8808808808808ff8808808808808ff8
65e6 12 0 9 11 11 7fc4044044047fc4044044047fc000ffe
65e7 12 1 9 10 11 9fc9049049049049fc9049049049049fc
65e8 12 1 9 10 11 80c870f808047fc000ff8808ff8808ff8
65e9 12 0 9 11 11 7fc4047fc4047fc040040ffe040040040
65ec 12 0 9 11 11 2003fe402bf22123f22122123f200200c
65ed 12 0 9 11 11 20023c224fa42bc2a42a42a44bc4828fe
65ee 12 0 9 11 11 100ff0110212c1e0007fc4047fc4047fc
65ef 12 0 9 11 11 7fc4047fc4047fc100ff0110110212c1e
65f0 12 0 9 11 11 07ce10a10a10a10efea10a10a10e10010
65f1 12 0 9 11 11 7fc4047fc4047fc0007fc040ffe040040
65f6 12 0 9 11 11 004f0497e904904f44924924904f0401c
65f7 12 0 9 11 11 008f7e940940940f40940940940f40080
65fa 12 0 9 11 11 0fee10a10a10a10efea10a10a10e100fe
6600 12 0 9 11 11 040e7ea82b02a62e12a02a0aa32ec200c
6602 12 0 9 11 11 7fc4047fc4047fc080f3e8229a2e2e020
6603 12 0 9 11 11 3fc2043fc2043fc0007fe420420450b8e
6606 12 1 9 10 11 ff8808ff8808ff8000844f58860b44c3c
6607 12 0 9 11 11 7fc4047fc4047fc040788108ffe108608
660a 12 0 9 11 11 7fc4047fc4047fc0007fc040ffe0a0f1e
660c 12 0 9 11 11 7fc4047fc4047fc000ffe802ffe802ffe
660e 12 0 9 11 11 f7e94294297ef4294297e942f4208210e
660f 12 0 9 11 11 ffc840ffe81098ae067fc4047fc4047fc
6613 12 0 9 11 11 7fc4047fc4047fc2003fe49289212224c
6614 12 0 9 11 11 1107fc110110ffe0003f82083f82083f8
6615 12 0 9 11 11 00cef0a80a80afee88a88a88a88e88108
6619 12 0 9 11 11 7fc4047fc4047fc0007fc000ffe2087f4
661d 12 0 9 11 11 2087cca4a18827ec007fc4047fc4047fc
661f 12 0 9 11 11 7fc4047fc4047fc4407fc8407fc040ffe
6620 12 0 9 11 11 010e10afca94a94e94bfea10a28e44182
6625 12 0 9 11 11 0407fc0807fc100ffe20860cbfa2083f8
6627 12 0 9 11 11 010e10a7ca10a10efea10a38a54e92010
6628 12 0 9 11 11 040e40a7eaa0b20e3ea20a20a3ee20020
662d 12 0 9 11 11 07ef12912922946f0097e942942f4207e
662f 12 0 9 11 11 7fc4047fc4047fc000ffe24027c5c083e
6631 12 0 9 11 11 7fc4047fc4047fc040ffe208108110ffe
6634 12 0 9 11 11 7fc4047fc4047fc100e1e892992e96110
6635 12 0 9 11 11 0fee82a82afea80ea0aa6ab8aa0ea211e
6636 12 0 9 11 11 18005e7920b2ede2922d24de4a0898186
663c 12 0 9 11 11 7fc4047fc4087fca0a3f82083f8000ffe
663e 12 0 9 11 11 7fc4047fc4047fc110912514318110ffe
6641 12 0 9 11 11 7fc4047fc4047fc92252c330d2c222c3e
6643 12 0 9 11 11 7fc4047fc4047fc248150ffe110212c1e
664b 12 0 9 11 11 ffe0a04a42a8ffe0007fc4047fc4047fc
664c 12 0 9 11 11 010e20afea82abaeaaaaaaaaabae82086
664f 12 0 9 11 11 7fc4047fc404ffe802080ffe1081f0e0e
6652 12 0 9 11 11 0fee28a28afeaaaeaaaaaaaeac2e820fe
6653 12 0 9 11 11 020e26af8a24a1aee6a00afea28e4a18e
6654 12 0 9 11 11 028e2aa4cad8a4ae4ea10afea10e10010
6655 12 0 9 11 11 7fc4047fc404ffe8827fc140240ffe040
6656 12 0 9 11 11 0fee82a20afea40e90afea10afee10010
6657 12 0 9 11 11 030e48ba6a10afce08a10afca84e840fc
665a 12 0 9 11 11 040e78a88bfea92e92afea28a2ae4a18e
665f 12 0 9 11 11 7fc4047fc4047fc0287fe42079448a9b6
6661 12 0 9 11 11 014efea10afea92efea92afea92e92096
6664 12 0 9 11 11 0fee20afca44a44efea00afea82e820fe
6666 12 0 9 11 11 080efeb00afcaa4e94bfeaa4a94efe004
6668 12 0 9 11 11 3fc2043fc2047fe4007fe520514548986
666e 12 0 9 11 11 110ffe4a42a8ffe0007fc4047fc4047fc
666f 12 0 9 11 11 7fc4047fc4047fc040ffe4047fc248cc6
6670 12 0 9 11 11 046e58bf0a50a5eed4af4b54a54e54064
6674 12 0 9 11 11 010efca10afca10ffea84afca84efc084
6676 12 0 9 11 11 3f82083f82083f8000fbe8a2fbe8a2fbe
6677 12 0 9 11 11 7fc4047fc4047fc2087cea887fec047fc
667a 12 0 9 11 11 4007de9127d229ec407fc4047fc4047fc
667e 12 0 9 11 11 010efea00a7ca44e44a7ca10a54e92030
6682 12 0 9 11 11 206fb8420a3efa42447fc4047fc4047fc
6684 12 0 9 11 11 010efea82a7ca00e7ca44a74a5ce000fe
6687 12 0 9 11 11 0eeea2aa2aeea80eeea8aa8aae4e8a092
668c 12 0 9 11 11 0eae2caaaa44a7ce92a10afea28e44182
6691 12 0 9 11 11 7fc4047fc0827f4088ffe2047fca043fc
6696 12 0 9 11 11 00eef2a54afea20efea40a7caa4f180e6
6697 12 0 9 11 11 010efea44a28afee00a7ca44a7ce4407c
669d 12 0 9 11 11 0fee82a7ca44a7ce44a7ca10afee44082
66a7 12 0 9 11 11 00eef2a54afeaa2e7ca20a7caa4f180e6
66a8 12 0 9 11 11 fbe8a8fbe908b1acae7fc4047fc404ffe
66ae 12 0 9 11 11 110ffe1107fc404ffe20860cbfa2083f8
66b4 12 0 9 11 11 7fc4047fc404ffe110ffe248d56248cc6
66b9 12 0 9 11 11 4fc2840fc8844fe190efc2902fe5008fe
66be 12 0 9 11 11 048ff8aaeaeaa12eeaa2aa7abc4e4a0d2
66d9 12 0 9 11 11 0feeaaafea20afae24bfea44afcf4407c
66db 12 0 9 11 11 07ce10afea10afeeaaafea10afee000aa
66dc 12 0 9 11 11 0eeeaaa66aaaa22e48afeb88afee880fe
66dd 12 0 9 11 11 0fce84afca84bfee48bfea54bbae541b2
66e6 12 0 9 11 11 044efea10afea4affeae8b5aaeae240ea
66e9 12 0 9 11 11 7fc4047fc404ffe4a4fbe110ffe51498e
66f0 12 0 8 11 9 ffe802802802ffa802802802ffe
66f2 12 0 9 11 11 110110ffe912912912ffe912912912ffe
66f3 12 0 9 11 11 0407fc4447fc4444447fc0500200d2f0e
66f4 12 0 9 11 11 ffe0407fc4447fc4447fc440240180e7e
66f7 12 0 9 11 11 7fc4047fc4047fc2007fe8424a27f200c
66f9 12 0 9 11 11 0a0ffe0a07fc4a47fc4a47fc2082083f8
66fc 12 0 9 11 11 3f82083f8208ffe912ffe2081100e0f1e
66fe 12 1 9 9 11 220ff8888aa8ff80007f04107f04107f0
66ff 12 0 9 11 11 208fbe208fbe5148a27fc4047fc4047fc
6700 12 0 9 11 11 7fc4047fc404ffe4807be4a25d4e880b6
6708 12 0 9 10 11 3fc2042043fc2042043fc20440440481c
6709 12 0 9 11 11 080ffe1002003fc604bfc2043fc20421c
670a 12 0 9 11 11 efca00a00e00bfea48e48a48a8aa8ab0e
670b 12 0 9 11 11 79e49249279e49249279e4924924929a6
670d 12 0 9 11 11 7be4a24a27ae4a04be7b24aa4a44aa9b2
6710 12 0 9 11 11 e40a7ea82f02a7aa4ae4aa4aa7aa02a0c
6714 12 0 9 11 11 4be522fa223eaa2aa2abefa2222442446
6715 12 0 9 11 11 74452857c7105105107fe510528544b82
6717 12 0 9 11 11 23efa28a2fbe8a2fa283e922922aa2c46
671b 12 0 9 11 11 23efe243e4227be042ffe0407fc040ffe
671d 12 0 9 11 11 23efa2222fbe8a2fa28befa2222fa2246
671f 12 0 9 11 11 49efd249279e49279249efd20124a2846
6726 12 0 9 11 11 e24afea24efea82a7ce10a2aadca2aad8
6728 12 0 9 11 11 040040ffe150150150248248444842040
672a 12 0 9 11 11 0400407fc040040ffe150150248c46040
672b 12 0 9 11 11 040040ffe0400407fc150150248c46040
672c 12 0 9 11 11 040040ffe1501501502482485f4842040
672d 12 0 9 11 11 220220fa02202207206a0a2022222221e
672f 12 0 9 11 11 048044040ffe150150248248444842040
6731 12 0 9 11 11 2402407fc840040ffe0e0150248c46040
6734 12 0 9 11 11 210210f90210218614712a90210210210
6735 12 0 9 11 11 1f0110110210c1e040040ffe150248c46
673a 12 0 9 11 11 278248f48248248648748a4824a24a28e
673d 12 0 9 11 11 2fe220f2024027e602702a0220220220c
6740 12 0 9 11 11 60419806019060c040ffe0402484448c2
6742 12 0 9 11 11 100ff0110212c1e040ffe040248c460c0
6743 12 0 9 11 11 2fe282f82282244644744a282102282c6
6746 12 0 9 11 11 27c210f102102106fe710a10210210210
6748 12 0 9 11 11 2fe282fa2292244644744a282102282c6
6749 12 0 9 11 11 20220cfb020020260c730a8020220c230
674c 12 0 9 11 11 2fe228f28228228628728a2824a24a28e
674e 12 0 9 11 11 040ffe150248c463f8010060ffe0401c0
674f 12 0 9 11 11 040040ffe150248c463f82082082083f8
6750 12 0 9 11 11 204204f7e20420c60c714a242c420421c
6751 12 0 9 11 11 204204fbe204204724694a1420420421c
6753 12 0 9 11 11 240240f7e282202622712a1220220220c
6756 12 0 9 11 11 208208f7e208248648728a282102282c6
675c 12 0 9 11 11 210210f1021027c610710a102102102fe
675e 12 0 9 11 11 27c204f0420420467c740a4024224223e
675f 12 0 9 11 11 040ffe0407fc4444447fc150248c46040
6760 12 0 9 11 11 2fe210f10210210610710a102102102fe
6761 12 0 9 11 11 1001f8208d100e0f1e0407fc040248cc6
6765 12 0 9 11 11 0407fc040248150ffe0e0150248c46040
6768 12 0 9 11 11 2fc208f102202fe62a74aa9221222224c
6769 12 0 9 11 11 2fc204f4424424467e702a022fa20221c
676a 12 0 9 11 11 210210f54252252690712a042082302c0
676d 12 0 9 11 11 220210ffe200278648748a4824a24a28e
676f 12 0 9 11 11 2fe208f10210234752692a10210210210
6770 12 0 9 11 11 040040ffe0e0150248c46040000524892
6772 12 0 9 11 11 7fc4047fc4047fc040ffe150248c46040
6773 12 0 9 11 11 040ffe150248c460407fc4047fc4047fc
6775 12 0 9 11 11 24027cf902102106fe710a10210210210
6777 12 0 9 11 11 2fe292f922922926fe780a8028228227e
677c 12 0 9 11 11 27c204f282102fe612714a10210210270
677e 12 0 9 11 11 228228f44244282620720a4424429a2e2
677f 12 0 9 11 11 206278f4024027e642762a542482542a2
6781 12 0 9 11 11 2fc244f4424824e642762a542482542a2
6784 12 0 9 11 11 24027ef422a222262274aa4a2f620220c
6787 12 0 9 11 11 248248f4824a26c648748a4824a25a26e
6789 12 0 9 11 11 2fe210f102102106fe710a102102102fe
678b 12 0 9 11 11 220210ffe22022063e722a2224224228c
6790 12 0 9 11 11 20c270f4024027e648748a48248248288
6795 12 0 9 11 11 210210ffe292292610728a2824a24a28e
6797 12 0 9 11 11 210210ffe210210638754a92210210210
6798 12 0 9 11 11 210210ffe2922926aa7aaac6282282286
679a 12 0 9 11 11 220220f3e2442a4624728a282102282c6
679c 12 0 9 11 11 7fc4447fc4447fc040ffe150248c46040
679d 12 0 9 11 11 208208f7e20820867e742a422242182e6
67a2 12 0 9 11 11 2fe280fa4294294688788a942a42802fe
67a3 12 0 9 11 11 040ffe0407fc4444e4358dc6038380070
67a5 12 0 9 11 11 2fe280f902902fe692792a922a22a234c
67a7 12 0 9 11 11 27c244f54254254654754a1022a24a28e
67a8 12 0 9 11 11 244244f482502406fe750a48248254262
67aa 12 0 9 11 11 210228f4428227c644744a5c24024223e
67ab 12 0 9 11 11 2fc284fcc2ac2946947acaac2c4286302
67ad 12 0 9 11 11 0803f82882582003fe042ffa156248c46
67af 12 0 9 11 11 210210f7e21021061077ca4424424427c
67b0 12 0 9 11 11 2fe210e922542106fe710a10210210210
67b3 12 0 9 11 11 27c244f4424424467c700a00228244282
67b5 12 0 9 11 11 27c244f4427c2006fe720a3c204204218
67b6 12 0 9 11 11 200fbe2a24a29be000040ffe150248c46
67b7 12 0 9 11 11 48048efea4aa4aacaaeaacaa4aa4aa56e
67b8 12 0 9 11 11 24027ef4228227a64a74aa4a27a20220c
67c1 12 0 9 11 11 2102fef82240244648770a4024224223e
67c3 12 0 9 11 11 210228f442822106086feb0424823020c
67c4 12 0 9 11 11 2fe210f102fe2926927aaac6282282286
67cf 12 0 9 11 11 208210f7e24224264277ea4224224227e
67d0 12 0 9 11 11 208ffe2083f82083f8040ffe150248c46
67d1 12 0 9 11 11 244244ffe24424464477ca4424424427c
67d2 12 0 9 11 11 42022083e4e0222c1e040ffe150248c46
67d3 12 0 9 11 11 8405f804884848a90e040ffe150248c46
67d4 12 0 9 11 11 3f8010ffe144248cc0040ffe150248c46
67d8 12 0 9 11 11 27e210f1021022063e762aa222222223e
67d9 12 0 9 11 11 2fe292f922fe2926927fea10210210210
67da 12 0 9 11 11 210210ffe2922926927fea922922922fe
67dc 12 0 9 11 11 27e240f4027e242642742a7e24024027e
67dd 12 0 9 11 11 20c270f4024027e648758a4c24a248288
67de 12 0 9 11 11 220220f3e25029061e710a1021e210210
67e0 12 0 9 11 11 20827ef4220027e608708a08208208238
67e2 12 0 9 11 11 20c2f0f902902906fe790a8828a2a62d2
67e5 12 0 9 11 11 040ffe150248ffe2083f82083f8000ffe
67e9 12 0 9 11 11 2fe290f9c2a42c4688688b942e22802fe
67ec 12 0 9 11 11 040ffe0407fc64c5544447fc150248c46
67ef 12 0 9 11 11 2fe204f04274254654754a7420420421c
67f0 12 0 9 11 11 040ffe150248c463f80007fc040248cc6
67f1 12 0 9 11 11 220210f7e21021061077ca102102102fe
67f3 12 0 9 11 11 2202cefaa2aa2aa6aa7aaaea2ae248288
67f4 12 0 9 11 11 220ba6a38a20be2e3e040ffe0d0348c46
67fd 12 0 9 11 11 27c244f282102286c6610b7c2102102fe
67ff 12 0 9 11 11 220210ffe2102fe692792a92296210210
6800 12 0 9 11 11 20c2f0f802fe2806bc7a4aac2a02a231e
6805 12 0 9 11 11 2ee2aafaa2aa2aa6fe7aaaaa2aa2aa376
6807 12 0 9 11 11 27c200f002fe210610754a52252292230
6808 12 0 9 11 11 214212f1e2f021061e6f0b1220c21a2e6
6809 12 0 9 11 11 2442fef442002fe622722a2222c220220
680a 12 0 9 11 11 248244ffe250250652754a582922b234e
680b 12 0 9 11 11 2202fef402902906fe710a54252292230
680c 12 0 9 11 11 21021ef1027e24264277ea40240240280
680e 12 0 9 11 11 20c270f402902906fe710a54252292230
680f 12 0 9 11 11 244228efe20020060077ca002002002fe
6811 12 0 9 11 11 2042e4f3e2a42a465474caa42a430420c
6813 12 0 9 11 11 210228f4428227c610710a7c2102102fe
6816 12 0 9 11 11 2fe228f282fe2aa6aa7aaaae2c22822fe
6817 12 0 9 11 11 ffe0a07fc4a44a47fc040ffe150248c46
681d 12 0 9 11 11 20c270f102102fe610710a7c24424427c
6821 12 0 9 11 11 2102fef00244282644744a282102282c6
6829 12 0 9 11 11 2ee222faa266222622766aaa222222266
682a 12 0 9 11 11 250250f7c2902106fe710a38254292210
6832 12 0 9 11 11 21027af142fe21073e6e0a3c204204218
6833 12 0 9 11 11 2202faf242282fe6206c2b4c27024223e
6837 12 0 9 11 11 244228ffe21021067c710a102fe210210
6838 12 0 9 11 11 2102fef202442f8610722ac42082342c2
6839 12 0 9 11 11 27e242f7e24224267e748a4a244254262
683c 12 0 9 11 11 22023cf442a82106286c6b7c24424427c
683d 12 0 9 11 11 1147d2110ffe010112fd410838a556922
6840 12 0 9 11 11 2083beca82a817ee08040ffe150248c46
6841 12 0 9 11 11 25e280f0025e284784684a8428428428c
6842 12 0 9 11 11 21027cf102102fe600710a7c2102102fe
6843 12 0 9 11 11 228228faa26c22862876caaa22824a28e
6844 12 0 9 11 11 210292f522542106fe728a2822a24a28e
6845 12 0 9 11 11 240278f882fe2806bc7a4aac2a02a231e
6846 12 0 9 11 11 2fe280fbe2882886be788a882be2802fe
6848 12 0 9 11 11 040ffe8827fc1101e0e1e040ffe248c46
6849 12 0 9 11 11 2102fef822102106fe724a442282182e6
684c 12 0 9 11 11 04007e0407fc4047fc404ffe150248c46
684e 12 0 9 11 11 2fe210f202442fa610710afe2102102fe
6850 12 0 9 11 11 2fe282fba2822ba6aa7aaaaa2ba282286
6851 12 0 9 11 11 3f81100e0fbe4a4318ca6040ffe248c46
6853 12 0 9 11 11 2fe200f7c24424467c744a4427c2002fe
6854 12 0 9 11 11 210210ffe21021067c700a7c24424427c
6855 12 0 9 11 11 2202c0f8e2822826826eeb822822822fe
6860 12 0 9 11 11 2fe228f282282286aa76ca282282282fe
6861 12 0 9 11 11 220226f7822421a666700afe22824a28e
6862 12 0 9 11 11 21021ef102fe282692792a92228244282
6863 12 0 9 11 11 210292f542102fe602702afe2022022fe
6864 12 0 9 11 11 292292ffe2002fe602702afe28028227e
6865 12 0 9 11 11 20c270f102fe2287446a6a24224244284
6866 12 0 9 11 11 22822af4c2d824a64e710afe210210210
6867 12 0 9 11 11 210228f4428227c600700afe2202442fa
6868 12 0 9 11 11 12093e52215230cd70040ffe0d0348c46
6869 12 0 9 11 11 20827ef4024824867e748a482482482be
686b 12 0 9 11 11 288248f2c2aa24a60870aa422442882b0
6874 12 0 9 11 11 20c2f0fa225427c608710afe210210270
6876 12 0 9 11 11 2fc228f102fe2926fe792afe292292296
6877 12 0 9 11 11 22023cf442fe25267e752a7e252252296
6881 12 0 9 11 11 27c914456094224448ffe0d0348c46040
6883 12 0 9 11 11 2c225cf442842de644744ac425e2a029e
6885 12 0 9 11 11 24027ef8027c25464c6feb5424c27e204
6886 12 0 9 11 11 24e2eaf4a24a2ec64a74aaea24e248288
688f 12 0 9 11 11 25027cf902102fe60077ca4424424427c
6893 12 0 9 11 11 220210ffe2442286fe710a102fe210210
6897 12 0 9 11 11 2fe210ffe2922fe7926fea5022025028e
68a2 12 0 9 11 11 292254f102fe2826fe782afe282282286
68a6 12 0 9 11 11 208fbe20871caaa2481fc684048030fc0
68a7 12 0 9 11 11 27e210f7c2242246fe700a7e24224227e
68a8 12 0 9 11 11 fd2212fd23126d2a06040ffe0d0348c46
68ad 12 0 9 11 11 224244ffe24824a78663cac4a482382c6
68af 12 0 9 11 11 244228ffe2122fe6906feb32252296210
68b0 12 0 9 11 11 40a40aefe4084aaeaadfa4a44a44aa532
68b3 12 0 9 11 11 2102fef202442fa600754a54254254296
68b5 12 0 9 11 11 208fbe20871caaa2083f021029045281e
68c0 12 0 9 11 11 210228f4428227c6006a2b542542082fe
68c2 12 0 9 11 11 2fe202f7e2022fe610752a942102282c6
68c9 12 0 9 11 11 2202fef822fe2826fe710afe292296210
68cb 12 0 9 11 11 2442fef4427c24467c744afe200244282
68cd 12 0 9 11 11 2fc284ffc2842fc60068abec2882aa2ce
68d2 12 0 9 11 11 21027cf1027c2206fe754aba2102fe210
68d5 12 0 9 11 11 2102fef8220027c6006feb10254292230
68d8 12 0 9 11 11 208fbe208fbeaaaaaabae20871caaa208
68da 12 0 9 11 11 2ee2aafaa2ee2aa6aa7eeaaa2aa2aa376
68e0 12 0 9 11 11 248ffe802bfa2083f8040ffe150248c46
68e3 12 0 9 11 11 21027cf142fe21467c692b542382542b2
68ee 12 0 9 11 11 040ffe150248c46208fbe20871caaa208
68f0 12 0 9 11 11 20c270f102fe2546fe754a542fe21027c
68f1 12 0 9 11 11 21027cf102fe2446a273ca442a82102ee
68f5 12 0 9 11 11 2fe292ffe2922fe7106fea38254292210
68f9 12 0 9 11 11 21021ef1027c24467c744a7c2102fe210
68fa 12 0 9 11 11 2102fef8227c24467c740a7e24224227e
6901 12 0 9 11 11 2102fef4427c20067c708a102fe210230
6905 12 0 9 11 11 2102fef102282446fe704a7425427420c
690b 12 0 9 11 11 2102fef0027c24464477ca10254292230
690d 12 0 9 11 11 2102fef1027c24467c744a7c2442442fe
690e 12 0 9 11 11 228228f7e2c827e648748a7e24824827e
6910 12 0 9 11 11 2fe282f822fe2886fe788abe2a22a233e
6912 12 0 9 11 11 24024ef7a24a24a7fa64aae435424a2ca
691f 12 0 9 11 11 21027cf102fe2426a8748afe2102242c2
6920 12 0 9 11 11 406fb8a20fbe224fa4244ffe150248c46
6924 12 0 9 11 11 2fe2aafaa2fe22063e642ba42142182e0
692d 12 0 9 11 11 5c857ef4855059ed72f5e5525de512516
6930 12 0 9 11 11 5fe4aaeea4aa4acceaeaacaa4ee5a8428
6934 12 0 9 11 11 22e2caf8a2ea2926e069ea923ea28429a
6939 12 0 9 11 11 2442fef4427c24467c644bfe2a82c42fe
693d 12 0 9 11 11 27e244efc2083fe65063aacca3a3ca230
693f 12 0 9 11 11 2102fcf102fc2206fe748acc37a248278
6942 12 0 9 11 11 2102fef5429227c64477ca4427c2002fe
6954 12 0 9 11 11 2402fef4a2ea2526e6650bfea28244382
6957 12 0 9 11 11 2082def4a27e28a6de748a5e2c826829e
695a 12 0 9 11 11 208fbe71caaa208ffe04224027c5c083e
695d 12 0 9 11 11 2102fef102fe2d66ba792afe238254292
695e 12 0 9 11 11 2fe2aafaa2fe2106fe720a3e22224228c
6960 12 0 9 11 11 2102fef102fe2aa6927fea922fe292296
6963 12 0 9 11 11 2fe292ffe2802be6a27beaa22be2a233e
6966 12 0 9 11 11 2102fef8227c20067c744a7425c2002fe
696b 12 0 9 11 11 27c244f7c2002fe64477ca4425e2e4204
696e 12 0 9 11 11 2202faf242282fe62077cac437c24427c
6971 12 0 9 11 11 21027cf1027c2206fe754a9227c2282c6
6977 12 0 9 11 11 2882eaf8c2aa2ce6106feb822fe2822fe
6978 12 0 9 11 11 2282c8f4a25a3ec6486c8af4354254262
6979 12 0 9 11 11 2f8248f7e2522a2756a002fe2aa2aa3fe
697c 12 0 9 11 11 292254ffe238254692720afe2242382c6
6980 12 0 9 11 11 27c244f4424427c7006eeaaa2aa2aa2ee
6982 12 0 9 11 11 2fe294ff429429e6f4684ab4acc214266
6984 12 0 9 11 11 2282aefb42a227c644754a5421022a2ce
6986 12 0 9 11 11 210228f442ba2006ea7aaaea2aa2e22a6
6987 12 0 9 11 11 2102fef442282fe6106feb10254292230
6988 12 0 9 11 11 29e242f3a2aa2ba6827baaaa2aa2ba286
6989 12 0 9 11 11 2a2254ffe24429261077ca102fe210210
698d 12 0 9 11 11 2fe282ffe2ca2ac6be7a2abe2a22be322
6994 12 0 9 11 11 25e2f2f922f42986946f2b92ab22dc290
6995 12 0 9 11 11 2102fefaa2442106286c6b7c24424427c
6998 12 0 9 11 11 43e7a0a3e222fbe5208be040ffe248c46
699b 12 0 9 11 11 21027cf1027c2206fe754a922fe254292
699c 12 0 9 11 11 2102fef442fe2826106feb2023e24228c
69a7 12 0 9 11 11 2fe280f942b62946b6794a942b62942fe
69a8 12 0 9 11 11 2102fefaa24422063e750a9e21021e210
69ab 12 0 9 11 11 22827ef482fe24867e748a7e2102fe210
69ad 12 0 9 11 11 2442e4fbe2e42a46f46acbe42642a436c
69b1 12 0 9 11 11 2102fef0027c2446fe744a7c22a2d4262
69b4 12 0 9 11 11 2202def8a2aa2d66006feb922fe2922fe
69b7 12 0 9 11 11 2102fefa224827e6c877ea4827e24827e
69bb 12 0 9 11 11 27c244f7c24427c6006eebaa2662aa266
69c1 12 0 9 11 11 2102fef4427c2006fe782aba2aa2ba286
69ca 12 0 9 11 11 53efa223eaa2fbe222440ffe0d0348c46
69cc 12 0 9 11 11 28825ef1221e2d065e752a5225e2a029e
69ce 12 0 9 11 11 2442fef102fe2106fe720a7e28830827e
69d0 12 0 9 11 11 2402fcfa42fc2a46fc728a5425c25229e
69d4 12 0 9 11 11 2202fef822fe2826fe720afe2542ba210
69db 12 0 9 11 11 2282a8fae2b02a4622700afe2aa2aa3fe
69df 12 0 9 11 11 2102fef8a27024067c748a482fe244282
69e0 12 0 9 11 11 28825ef0a20c2de64875ea5225e27225e
69ed 12 0 9 11 11 20a20affe2a82ba6aa7faaa42f42aa372
69f2 12 0 9 11 11 4824eaf265f255adf6f52df655a552552
69fd 12 0 9 11 11 2282fef282fe2aa6fe7aaafe24424427c
69ff 12 0 9 11 11 2442fef442fe2927926fea102fe2102fe
6a0a 12 0 9 11 11 2a8f5e2a875caaa2a8040ffe0a0318c06
6a17 12 0 9 11 11 2fe210ffe2922547006fea4027c204218
6a18 12 0 9 11 11 292254ffe28227c64477ca1027c2102fe
6a1f 12 0 9 11 11 21027cf282fe24467c744a7c2102fe210
6a21 12 0 9 11 11 2282fef2827c24467c744afe2102282c6
6a28 12 0 9 11 11 2fe282ffe2882ca6ac7caabe2c82be308
6a2a 12 0 9 11 11 22827cf282fe21067c754a7c25427c2c6
6a2f 12 0 9 11 11 2102fef542102fe7006fea822ba2aa2fe
6a31 12 0 9 11 11 2ee2aafaa2aa2446aa710afe2242382c6
6a35 12 0 9 11 11 22827ef482fe24867e748a7e2002aa2aa
6a3d 12 0 9 11 11 2442fef282fe2aa6aa6dea823fe24422c
6a3e 12 0 9 11 11 24a2fef542542f6654754afa2d22c02be
6a44 12 0 9 11 11 2e8228fee2b22ea6aa7eaaaa2e43aa232
6a47 12 0 9 11 11 2fc240ffc24227e6006eea44bfe244276
6a50 12 0 9 11 11 040ffe444ffe9027f8208ffe150248c46
6a58 12 0 9 11 11 27c208f7e2322547906feaaa2de2aa2ba
6a59 12 0 9 11 11 2ea22ceaa24427c68267cb4427c2282fe
6a5b 12 0 9 11 11 5fe550f5e5ea48a6aade8494494522522
6a61 12 0 9 11 11 278288ffe2922fe6306dab2c2da22a2d8
6a65 12 0 9 11 11 a204faa243fe6c4b7c244ffe150248c46
6a71 12 0 9 11 11 5fe500ff450457ed54f74d0c5545546ec
6a79 12 0 9 11 11 278288ffe2922fe6927fea4427c24427c
6a80 12 0 9 11 11 2102fefba2aa2ba6826feb4427c2442fe
6a84 12 0 9 11 11 2482e8fae2f22aa6ea64abfa2a42aa372
6a8e 12 0 9 11 11 238244f9227c2286926feb102fe2aa2b6
6a90 12 0 9 11 11 278288ffe2a42c26887fea802be2a233e
6a91 12 0 9 11 11 2fe210ffe2922547006fea922fe2922fe
6a97 12 0 9 11 11 7884be79447e788abe388040ffe150e4e
6aa0 12 0 9 11 11 4a0ffe4a47d4d58766040ffe0d0348c46
6aa9 12 0 9 11 11 2102fefaa2ba2826fe700afe2102542b2
6aab 12 0 9 11 11 2102fef8226c2aa6446bab002fe2542b2
6aac 12 0 9 11 11 2242fef242fe28267c710a2a2dc22a2d8
6b20 12 0 9 11 11 2002003fe4028440400400a00a0110e0e
6b21 12 0 9 11 11 84044047e082114010410428428844982
6b22 12 0 9 11 11 040f4017e942594510210228528544882
6b23 12 0 9 11 11 0d071041e4227ca4884884884944948a2
6b24 12 0 9 11 11 41079041e822faa088088e88094094322
6b27 12 0 9 11 11 f90810c9eaa2aaa908908a88c94814fa2
6b32 12 0 9 11 11 51089021e5228aa048f88888894894fa2
6b37 12 0 9 11 11 cd0310cde222fca508fc85485545d4122
6b39 12 0 9 11 11 110fd011e2a244afe80487485547540e2
6b3a 12 0 9 11 11 490fd049e7a24aa788488fc8014494862
6b3e 12 0 9 11 11 210f9021efa202af88008f88314a94622
6b43 12 0 9 11 11 0d071011efe212a5089c8948dd4954fe2
6b46 12 0 9 11 11 110ff045e2a2fea0087c84487d44547e2
6b47 12 0 9 11 11 7d04507de4627ca2087c8a485547540e2
6b49 12 0 9 11 11 490fd051efe254afe8548fc8514d94562
6b4c 12 0 9 11 11 fd0a90a9eea20aafc8a88a88e940941a2
6b59 12 0 9 11 11 310490b5e0227aa488fe8aa8674ab4662
6b62 12 0 9 11 11 04004004024027c240240240240240ffe
6b63 12 0 9 11 11 ffe04004004024027c240240240240ffe
6b64 12 0 9 11 11 1101101125145d85105105105125d2e0e
6b65 12 0 9 11 11 04027c240240ffe040244c48010060780
6b66 12 0 9 11 11 7d4012ffe0101105105d050850a5c6e02
6b67 12 0 9 11 11 2082082fea08b08a7ea42a42b24c180e6
6b6a 12 0 9 11 11 ffe0c0358c46040000ffe04027c240ffe
6b79 12 0 9 11 11 ffe0800800fc104284c48028010060780
6b7b 12 0 9 11 11 ffe2202203a24a44b8aa0120122222c1e
6b7c 12 0 9 11 11 f0c4704107109109fe510210210410810
6b81 12 0 9 11 11 f3c4244247249c690057e2422244188e6
6b82 12 0 9 11 11 f7c44444477c94494457c2442444448fe
6b83 12 0 9 11 11 f1041047c7549549545fe210228444982
6b84 12 0 9 11 11 f1042844478a9109645082322c44188e0
6b86 12 0 9 11 11 f104104247449fa90057e24224244287e
6b87 12 0 9 11 11 f4047e48077c91092057e22624a412826
6b89 12 0 9 11 11 f4047e48277a94a97a54a24a27a40280c
6b8a 12 0 9 11 11 f5045047c7909109fe510238254492810
6b8b 12 0 9 11 11 f1441241e77091091e57021220c41a8e6
6b8d 12 0 9 11 11 f0c4f04a275497c9085102fe210410870
6b92 12 0 9 11 11 e7c44447ce00afea82692292428444882
6b93 12 0 9 11 11 f1042844478297c9005a22542544088fe
6b96 12 0 9 11 11 f104fe41077c94497c54427c2444448fe
6b9a 12 0 9 11 11 e444284fee92afea926fe2104fe410810
6b9b 12 0 9 11 11 e7e404408eeeaaaaaa6ac2ea41a4008fe
6ba1 12 0 9 11 11 f104fe48a77094097c5482482fe444882
6baa 12 0 9 11 11 e104fe410efea82a7c64427c4444288fe
6bb3 12 0 9 11 11 1f0110110210c1e0003f82081100e0f1e
6bb4 12 0 9 11 11 f9c814c94a94aa690093eaa2c94808fb6
6bb5 12 0 9 11 11 19c61441479446678043e422f94408476
6bb7 12 0 9 11 11 79c4147944947a64807be4227944889b6
6bbf 12 0 9 11 11 fdc854fd4814aa6fc0abefe2814a88476
6bc1 12 0 9 11 11 43c9a48a4da48c6f8007efa2224398c66
6bc5 12 0 9 11 11 21cf94514514fa6600b3e562b94548b36
6bcb 12 0 9 11 11 3fc244244244ffe4444447fe084104618
6bcd 12 0 9 11 11 3fc204244224ffe4044444247fe004018
6bcf 12 0 9 11 11 2003fe400bfc244224ffe4444247fe004
6bd2 12 0 9 11 11 0407fc0407fc040ffe244ffe4247fe004
6bd3 12 0 9 11 11 40877e8107a44fa680fea4aa6aa7aa0ca
6bd4 12 0 9 11 11 820820822824fb88208208208229a2e1e
6bd5 12 0 9 11 11 820826fb88209a2e1e040040ffe040040
6bd6 12 0 9 11 11 4207a64385a261e08004851096418aef8
6bd7 12 0 9 11 11 088f88a88a8aaecf88a88a88a8afaa0ce
6bd9 12 0 9 11 11 4207a64385a261e000ffe4a4ab8122e1e
6bdb 12 0 9 11 11 07cf800800fcf800800fef8008008207e
6be1 12 0 9 11 11 310c1e410710c7e442742c7e4004023fe
6bea 12 0 9 11 11 310c2447a700c4847e688c7e4084023fe
6beb 12 0 9 11 11 040ffe2083f8000ffe8727800fcf8207e
6bef 12 0 9 11 11 310c52494728cc6410752c944284443fe
6bf3 12 0 9 11 11 07cf800fcf820fe000186e3838ee3838e
6bf5 12 0 9 11 11 1062587a810eff828844e9b86080ca70e
6bf9 12 0 9 11 11 106298448bae018ea8aaeeb8aa8e2aa6e
6bfd 12 0 9 11 11 208dbe48a77ed8a4be788c8857e4003fe
6c05 12 0 9 11 11 95059efe4954f588e607c7800fcf8207e
6c06 12 0 9 11 11 244cfe42866ccfe44467cc4447c4023fe
6c07 12 0 9 11 11 278c885fe692cfe4925fee4447c4443fe
6c0d 12 0 9 11 11 ee6ab8ee8aaeef82887eec987e848a7ee
6c0f 12 0 9 11 11 03cfc0840840840ffe82082081298ae06
6c10 12 0 9 11 11 03cfc0840840840ffe820820892a4ac46
6c11 12 0 9 11 11 ffc804804ffc840840ffe82081098ae06
6c13 12 0 9 11 11 47e242f4247e44844847e448444754062
6c14 12 0 9 11 11 4007fc8007f8000ff800800800a00a004
6c15 12 0 9 11 11 4007fc8007f8000ff800810810a20ac04
6c16 12 0 9 11 11 4007fc8007f8000ff80087c826a22ac64
6c18 12 0 9 11 11 4007fc8007f8000ff800824824a24ac44
6c19 12 0 9 11 11 4007fc8007f8000ff800810892a92afe4
6c1a 12 0 9 11 11 4007fc8007f8000ff80084a84aa4aa8a4
6c1b 12 0 9 11 11 4007fc8007f8000ff84488287ca24acc4
6c1f 12 0 9 11 11 4007fc8007f82a8fe8a88fe82aa2ea484
6c21 12 0 9 11 11 4007fc8007f82083c8c48388c6a30a0c4
6c22 12 0 9 11 11 4007fc8007f80087c8048388d6a10afe4
6c24 12 0 9 11 11 4007fc8007f8008fe8928fe8aaac6afe4
6c26 12 0 9 11 11 4007fc8007f8108fe8488328c4a1aae14
6c27 12 0 9 11 11 4007fc8007f8248fe81087c810afea104
6c28 12 0 9 11 11 4007fc8007f8108fe8a287c824a38ac64
6c29 12 0 9 11 11 4007fc8007f8008fe8288aa86ca28afe4
6c2a 12 0 9 11 11 4007fc8007f8108fe84487c828a2aace4
6c2e 12 0 9 11 11 4007fc8007f8108548288c6854a28ac64
6c2f 12 0 9 11 11 4007fc8007f80287e8028ff84aa2cadb4
6c30 12 0 9 11 11 4007fc8007f80887f8088ff822a3ea224
6c32 12 0 9 11 11 4007fe8007fc2243e42247f4554556ffa
6c34 12 0 9 11 11 040040042f641681502502484448421c0
6c35 12 0 9 3 11 42084002244
6c38 12 0 9 11 11 0c00203c2044f681501502484448421c0
6c3d 12 0 9 11 11 0400a0318c06040042f6c150248c460c0
6c40 12 0 9 11 11 4fe208008808408008008408408808838
6c41 12 0 9 11 11 4102100108104fe010010410410810810
6c42 12 0 9 11 11 048044ffe0404442680500c8344c421c0
6c46 12 0 9 11 11 1c00a0318c06040042f6c150248c460c0
6c47 12 0 9 11 11 4fe2800808804800800804804808808fe
6c49 12 0 9 11 11 4fe2820828824440440444284108288c6
6c4a 12 0 9 11 11 4fe2820a28924440440444284108288c6
6c50 12 0 9 11 11 02083e422042882424014408410860980
6c54 12 0 9 11 11 44027e0809004fc00801042044088287e
6c55 12 0 9 11 11 4102100108924920920924924928928fe
6c57 12 0 9 11 11 4fc2100108104101fe010410410810810
6c5b 12 0 9 11 11 9f84080488484481f804844844a84a844
6c5c 12 0 9 11 11 4fc2840848844840fc08048048288287e
6c5d 12 0 9 11 11 4202200209fe4440440884684108289c6
6c5e 12 0 9 11 11 7fc040040ffe040042f6c150248c460c0
6c5f 12 0 9 11 11 4fe2100108104100100104104108108fe
6c60 12 0 9 11 11 4102900968ba5d209209649048288287e
6c61 12 0 9 11 11 4fc2000009fe42004007c404404804818
6c64 12 0 9 11 11 4fc2080108204fe02a04a49241282284c
6c68 12 0 9 11 11 4fe2820828824820fe0824824828828fe
6c69 12 0 9 11 11 8005fe1029025021fa1025025029fe800
6c6a 12 0 9 11 11 4fe2100108104100fe0104104108108fe
6c70 12 0 9 11 11 4102100108fe410028028428444864892
6c72 12 0 9 11 11 4fc24404484844e042062454488894962
6c74 12 0 9 11 11 4202100fe810410018014412410810810
6c76 12 0 9 11 11 8204101fe8444440440284284108289c6
6c79 12 0 9 11 11 88444412a92a51211212a54a5869029fe
6c7d 12 0 9 11 11 8804fc1008f84001f800840840a80a804
6c7e 12 0 9 11 11 4482480848845020fc044444484884918
6c81 12 0 9 11 11 42021001084054414214254044484483c
6c82 12 0 9 11 11 40c2f00808804fe088088488488888908
6c83 12 0 9 11 11 40c2f00108104101fe010428428844982
6c85 12 0 9 11 11 4fc2000008005fe04804844848a88a90e
6c86 12 0 9 11 11 8204101fe80047804804844844a88a90e
6c88 12 0 9 11 11 8204201fe92252202005045049289291e
6c89 12 0 9 11 11 9fe50210287844804804844844a88a90e
6c8c 12 0 9 11 11 8205fe0209225221221fe42042082281e
6c8f 12 0 9 11 11 89e48a08a8ea58a08a08a4aa4d2892826
6c90 12 0 9 11 11 8204203fe8204700700a84a8524a22820
6c93 12 0 9 11 11 042f6c150248cc60007fc4047fc4047fc
6c94 12 0 9 11 11 4fe21001089e4920920fe40240280280c
6c99 12 0 9 11 11 4102100948924921100124044088309c0
6c9b 12 0 9 11 11 4102100fe8104fe092092492496810810
6c9f 12 0 9 11 11 44027e08292242202204a44a4f680280c
6ca1 12 0 9 11 11 47824804884858e0000fc4844488309ce
6ca3 12 0 9 11 11 8104101fe8104100fc0104105fe810810
6ca4 12 0 9 11 11 9fe5001449285101101285245449009fe
6ca5 12 0 9 11 11 9fe50011091057e112112522522942a8c
6ca6 12 0 9 11 11 41022804498244004404847044284283e
6ca7 12 0 9 11 11 41022804498247c04404445c44084283e
6ca9 12 0 9 11 11 8904500109fe42203202a44a44288290c
6caa 12 0 9 11 11 4202100fe8824820fe080480480880900
6cab 12 0 9 11 11 8104101fe8104100fc010438454992810
6cad 12 0 9 11 11 824422020bfe4700700a84a8524a22820
6cae 12 0 9 11 11 4fc2840848fc4840840fc4844848849fe
6cb1 12 0 9 11 11 4102fe08284044404807044044284283e
6cb3 12 0 9 11 11 9fe4040048f44940940944f440480481c
6cb8 12 0 9 11 11 8484481fe84a5fe1481fe44a44a88eb08
6cb9 12 0 9 11 11 8104101fe9125121121fe5125129129fe
6cbb 12 0 9 11 11 4202200488845fa0020fc4844848848fc
6cbc 12 0 9 11 11 4fe22202284258e0000fe4824828828fe
6cbd 12 0 9 11 11 8104101fe8104100100fc4844848848fc
6cbe 12 0 9 11 11 41021001e8104100100fe4824828828fe
6cbf 12 0 9 11 11 47824804884858e0000fc4844848848fc
6cc4 12 0 9 11 11 4a42a40a49fe4a40a40a44bc4808808fe
6cc5 12 0 9 11 11 4fe2820928924920920aa4aa4c68828fe
6cc9 12 0 9 11 11 0807fc4047fc4047fc042f6c150248cc6
6cca 12 0 9 11 11 4102200fe8824820820fe4824828828fe
6ccc 12 0 9 11 11 4402240048485481521525624408c493c
6cd3 12 0 9 11 11 9c84480489c85101101d44544528669ba
6cd4 12 0 9 11 11 8844841fe8844840840fc4844848848fc
6cd5 12 0 9 11 11 4102100fc8104101fe02044444489a9e2
6cd6 12 0 9 11 11 86058e12a92a52a12a12a56a5ae848988
6cd7 12 0 9 11 11 9fe54a14a94a54a14a14e5825029029fe
6cdb 12 0 9 11 11 80c5f00408205fc0040084104208c093e
6cde 12 0 9 11 11 8105fe1028005fe010010410410810870
6ce0 12 0 9 11 11 4102280449824100080fe40444883080c
6ce1 12 0 9 11 11 8804fc1048f44940940f448c48088287e
6ce2 12 0 9 11 11 4102fe0928904fe0c20a2494488894962
6ce3 12 0 9 11 11 8204101fe8004840840444484488109fe
6ce5 12 0 9 11 11 4fe2820828fe4800a00a64b84a08a291e
6ce8 12 0 9 11 11 8204101fe8104100100fc4104108109fe
6cea 12 0 9 11 11 4fe2820828fe4820820824fe4828828fe
6ceb 12 0 9 11 11 8204101fe8204400881f04204448849fa
6cee 12 0 9 11 11 4102920548104fe0100105fe410810810
6cef 12 0 9 11 11 4fe2820828fe4900900fe4904888aa8c6
6cf0 12 0 9 11 11 0407fc0807fc100ffe2485548e21506cc
6cf1 12 0 9 11 11 8204201fc9245241243fe420450888b06
6cf3 12 0 9 11 11 4302080f08125da05a054494492912830
6cf5 12 0 9 11 11 ffe1003fc604a043fc042f6c150248cc6
6cf6 12 0 9 11 11 484248ffe802040042f6c150248c460c0
6cf7 12 0 9 11 11 8484441fe8504500520544584928b294e
6cf8 12 0 9 11 11 42023e0208fc4840840fc480480880900
6cfa 12 0 9 11 11 80c4f00808905101fe010494492912830
6cfb 12 0 9 11 11 4fe28202083c44007e0024024fa80281c
6cfc 12 0 9 11 11 8a84a41209fe44007c0444444a889096e
6cfd 12 0 9 11 11 4fe2820448384c601007c4104fe810810
6cfe 12 0 9 11 11 4fc20400881046818607c4104108108fe
6d01 12 0 9 11 11 8104101fe8104100fc0004fc4848848fc
6d04 12 0 9 11 11 4fe2820828ba4aa0aa0aa4ba4828828fe
6d07 12 0 9 11 11 4fe2820928924fe0920aa4aa4c68828fe
6d0b 12 0 9 11 11 4442280fe81041007c0104104fe810810
6d0c 12 0 9 11 11 be248a08a8ea52a12a0aa44a44288290e
6d0e 12 0 9 11 11 4102200fe8824fe0820824fe4828828fe
6d12 12 0 9 11 11 9fe4480489fe54a14a14a54e5829029fe
6d17 12 0 9 11 11 4902900fc9104101fe04844848a88a90e
6d19 12 0 9 11 11 4902900fc9104101fe010438454992810
6d1a 12 0 9 11 11 42023c0c48385c60101fe4904908fe810
6d1b 12 0 9 11 11 44027c0849484300481864fc4848848fc
6d1e 12 0 9 11 11 9fe50217a90257a14a14a54a57a902906
6d25 12 0 9 11 11 8204fc0249fe4240fc0204fc4209fe820
6d27 12 0 9 11 11 8205fe0208404fe14207e44247e842846
6d2a 12 0 9 11 11 8484481fe8484480481fe400448884902
6d2b 12 0 9 11 11 8204401fc954554154154554554954bfe
6d2e 12 0 9 11 11 84844814a8cc4480480cc54a44888ab0e
6d31 12 0 9 11 11 9fe4840fc8844840fc08448449e9e4804
6d32 12 0 9 11 11 4922920929da5b62b6092492492892912
6d33 12 0 9 11 11 84044e1ea8aa4aa0aa12a4aa44a8ae910
6d35 12 0 9 11 11 8804fe102afa48a0fa08a48a4fa80280c
6d39 12 0 9 11 11 9fe4000fc8844840fc0844844fc8009fe
6d3b 12 0 9 11 11 40c2f00108105fe0100104fc4848848fc
6d3c 12 0 9 11 11 4102fc0108105fe0000104fc4108109fe
6d3d 12 0 9 11 11 41022804498247c0000fe4824828828fe
6d3e 12 0 9 11 11 40c2f00868b84a80aa0ac4a84a48b4922
6d41 12 0 9 11 11 8205fe0408845fa0000a84a84a88aa92e
6d43 12 0 9 11 11 4102fe0108924540101fe410428844982
6d45 12 0 9 11 11 82842403e9e042003e1e04244188329ce
6d46 12 0 9 11 11 12093e52215230cd70042f6c150248cc6
6d47 12 0 9 11 11 4202260f882441a0e60004fe42884a98e
6d48 12 0 9 11 11 41021e0108fe482092092492428844882
6d4a 12 0 9 11 11 4102100fe8924920920fe41041481a8e2
6d4b 12 0 9 11 11 be262a2aaaaa6aa2aa2aa6aa482942a2e
6d4d 12 0 9 11 11 41022804498247c0000004fe4208448fa
6d4e 12 0 9 11 11 8105fe084848430048186484484884904
6d4f 12 0 9 11 11 88244a3fa82a52a0aa04a44a4a2912a06
6d51 12 0 9 11 11 9fe5020209fe4400900fe4105fe810810
6d52 12 0 9 11 11 91049c0288085880be0884884888c8888
6d53 12 0 9 11 11 4102fe092820420052094548448854862
6d54 12 0 9 11 11 4fc2040fc8044fc0081fe408488848818
6d59 12 0 9 11 11 8864981d089049e0d41944944948949a4
6d5a 12 0 9 11 11 0448845fe02884a58603c4c44488389c6
6d5c 12 0 9 11 11 40c2f00808fe4880880885fe400884902
6d5e 12 0 9 11 11 4fe2820828824fe01009049e49097090e
6d60 12 0 9 11 11 8ce4301ce8205fe0500fe592492896810
6d63 12 0 9 11 11 8105fe1028fc4000001fe44844888a90e
6d66 12 0 9 11 11 4142fe0108fe4920fe0924fe492892896
6d69 12 0 9 11 11 8904fc1108105fe0000fc4844848848fc
6d6a 12 0 9 11 11 4202fc0848fc4840fc0924944888a48c2
6d6e 12 0 9 11 11 80c5f00a28544fc0080105fe410810870
6d6f 12 0 9 11 11 4fe2200fc8444441fe0004fe4828828fe
6d74 12 0 9 11 11 8484841328484843020fc4844848848fc
6d77 12 0 9 11 11 8804fe1008fc4a40941fe4a44948fe804
6d78 12 0 9 11 11 4fc2040fc8045fe1020fc4844488309ce
6d7c 12 0 9 11 11 4402780889fe4920920fe42842a84a98e
6d82 12 0 9 11 11 83844418287c4100101fe410494912830
6d85 12 0 9 11 11 4fe2820fe8824fe0100104fe4108109fe
6d88 12 0 9 11 11 4922540108fe4820fe0824fe482882886
6d89 12 0 9 11 11 81049e0908905fe0100925124048189e0
6d8c 12 0 9 11 11 4fc2280108fe4920fe0924fe492892896
6d8e 12 0 9 11 11 9c245c0849045d605415455449e94093e
6d91 12 0 9 11 11 8105fe0108fe4920920fe438454992810
6d93 12 0 9 11 11 47c24407c8004fe0820fe4824fe882886
6d94 12 0 9 11 11 4922fe0108284441920084fe404808810
6d95 12 0 9 11 11 8884501fc8245fc1201fe4624a2b2c820
6d9b 12 0 9 11 11 4102fe0108fe4201fe0444fe54482480c
6d9d 12 0 9 11 11 8445fe0449fe5020200fe42242284298c
6d9e 12 0 9 11 11 4102fe0108924541fe010438454992810
6d9f 12 0 9 11 11 9084be0108245a40be0844be48494493e
6da0 12 0 9 11 11 9fe5221fa9225fa1221fa52a53a9229fe
6da1 12 0 9 11 11 4fc2840848fc4101fe11252a5c6902906
6da3 12 0 9 11 11 8404780889fc5241241247fe450888b06
6da4 12 0 9 11 11 44027c0849484301ce0105fe410894932
6da6 12 0 9 11 11 93e4821029fa5221221fa5225229fa906
6da7 12 0 9 11 11 93e48200297a54a14a17a54a54a97a906
6da8 12 0 9 11 11 9d24520549d851013e1d845445485299a
6da9 12 0 9 11 11 0fe81249212284c49001049e4908909fe
6daa 12 0 9 11 11 8104fc0008844481fe0004fc4848848fc
6dab 12 0 9 11 11 8205fe1028fc4840fc0804fe4828828fe
6dae 12 0 9 11 11 9f251a1fa94a54a1fa15a55a552972a46
6daf 12 0 9 11 11 9fe51011097c5101fe11051057c910afe
6db2 12 0 9 11 11 8205fe05085e4920aa1a44d44888948a2
6db5 12 0 9 11 11 8fc40801091255613a11253a5569329fe
6db8 12 0 9 11 11 4fe2920928fe4920ba0aa4aa4ba8828fe
6dbf 12 0 9 11 11 9fe4100629944980681cc45a46a988830
6dc0 12 0 9 11 11 8105fe1028005fe01009049e49097090e
6dc4 12 0 9 11 11 8924921248924920000fe4924fe8928fe
6dc5 12 0 9 11 11 8864983d089049e1942d44944948948a4
6dc6 12 0 9 11 11 4cc2300cc8205fe0400fc5844fc88488c
6dc7 12 0 9 11 11 4442fe04487c44407c0444fe400844882
6dcb 12 0 9 11 11 8884883fe8884881981dc6aa488888888
6dcc 12 0 9 11 11 4922540108fe4820ba0aa4aa4ba882886
6dd1 12 0 9 11 11 44024e07a84a44a1fa04a564554a4a8ca
6dd6 12 0 9 11 11 41021e0108fc4840fc0844fc4109fe810
6dd8 12 0 9 11 11 8804fe1828fa5220fa0224aa4fa80280c
6dd9 12 0 9 11 11 8105fe1028004fc0001fe410454992830
6ddd 12 0 9 11 11 bbe6aa2aabaa6aa2be3a02a06a2aa2a9e
6dde 12 0 9 11 11 8944941e28a24801901d04944a48aa8b2
6de0 12 0 9 11 11 4fe2920fe8924fe0001fe444444884904
6de1 12 0 9 11 11 4102520948104281c60104524948289c6
6de4 12 0 9 11 11 9084883d49225001c8144540550948ac4
6de6 12 0 9 11 11 41022804498247c0100105fe4928549fe
6deb 12 0 9 11 11 1fa8224940448004fe0105fe4108109fe
6dec 12 0 9 11 11 4102fe0008444440aa0104fe410810810
6dee 12 0 9 11 11 4502480fe9884fe0880884fe4888888fe
6df1 12 0 9 11 11 9fe5020288445820101fe410438854992
6df3 12 0 9 11 11 8105fe0848fc4000fc0084105fe810830
6df7 12 0 9 11 11 9fc5041fc9045fc0001125dc51095298e
6df9 12 0 9 11 11 8205fc0889247fe1241fc5245fc82281e
6dfb 12 0 9 11 11 4fc2200209fe4480841224b44aa92a860
6dfc 12 0 9 11 11 042f6c150248c460c0208eba71caaa618
6e05 12 0 9 11 11 4102fc0108fc4101fe0844fc4848fc884
6e0a 12 0 9 11 11 4922920d68ba4920fe0924ba4d6892912
6e0c 12 0 9 11 11 4fc2040fc8045fe0100924544388549b2
6e0d 12 0 9 11 11 8105fe0108fc4101fe0844944948289c6
6e0e 12 0 9 11 11 8104fc0109fe4421280885fe410864982
6e10 12 0 9 11 11 8425ec08894854e1ea04a46a5ca84a852
6e11 12 0 9 11 11 8f84880f88205fc1241fc5245fc82281e
6e14 12 0 9 11 11 44027c0849fe4920fe0924924fe8009fe
6e16 12 0 9 11 11 4102fe0828104fe0920fe4924fe810810
6e17 12 0 9 11 11 4202440fa8205fe04808451a4e080c8f0
6e1a 12 0 9 11 11 4202fa0248285fe02007c4c457c84487c
6e1d 12 0 9 11 11 43024808497a4001ea12a5ea52a9e2926
6e20 12 0 9 11 11 4fe2808fc4840fc280cfe040ffe248c46
6e21 12 0 9 11 11 8105fe1449fe54417c10057c544938ac6
6e23 12 0 9 11 11 8105fe0549924fc0840fc4844fc8009fe
6e24 12 0 9 11 11 8887e809ebea62a1ca04a4ea7928929a6
6e25 12 0 9 11 11 9fe5021fe9005fe1441fa51057c910afe
6e29 12 0 9 11 11 47c24407c84447c0000fe4aa4aa8aa9fe
6e2b 12 0 9 11 11 4542fe05485c44007e0104fe438854892
6e2d 12 0 9 11 11 9fe5121fe9125fe0840fc4844fc88488c
6e2f 12 0 9 11 11 4482fc0489fe44808417a44847884283e
6e32 12 0 9 11 11 8105fe1028fc4000fc0844e44bc8009fe
6e34 12 0 9 11 11 4fc2840fc8844fc0400fe5124aa8fa806
6e38 12 0 9 11 11 9104903de92051c1c414857e548948ad8
6e3a 12 0 9 11 11 9c854814c9da56a1481ca5425449c8830
6e43 12 0 9 11 11 83e5c405e8445e405e0445e445e884904
6e44 12 0 9 11 11 4fe2920fe8804be0a20be4a24be8a293e
6e4d 12 0 9 11 11 4922920fe8004fe0100fe4aa4aa8aa886
6e4e 12 0 9 11 11 9fe4200409fe54a17a14a54a57a94a9fe
6e54 12 0 9 11 11 8844481fe8005ea12a1ea52a5ea922966
6e56 12 0 9 11 11 89e4923f289e4920921de5525529529e6
6e58 12 0 9 11 11 89e4923f289e4921922d20be49249289e
6e5b 12 0 9 11 11 4442fe04487c44407c0445fe4a88c48fe
6e5f 12 0 9 11 11 4202fc0848fc4840841fe4104fc8109fe
6e6b 12 0 9 11 11 84858808a8aa5ec0a81885d46948948a2
6e6e 12 0 9 11 11 4fe2280fe8aa4aa0fe0004104fe8109fe
6e7e 12 0 9 11 11 8105fe0ac92a4fc0040fc4804fe80281c
6e7f 12 0 9 11 11 9fc5041fc9045fc0502525544d8850bfe
6e83 12 0 9 11 11 4102fc0948fc4101fe0844944948288c6
6e85 12 0 9 11 11 bea62a2aeab86a82ae2b86aa48494aa32
6e89 12 0 9 11 11 1de9545d415497e5c410452454c994866
6e8f 12 0 9 11 11 8105fe11097c5141fe11457c544944a7c
6e90 12 0 9 11 11 9fe51017c94457c14417c510554952ab2
6e98 12 0 9 11 11 4102fe0109fe4200440fa4004fe8aa9fe
6e9c 12 0 9 11 11 4202de08a8aa4d60000fe4924fe8928fe
6e9f 12 0 9 11 11 9fe5020fc8844fc0840fc4205fe884902
6ea2 12 0 9 11 11 8824441fe8004440820004fe4aa8aa9fe
6ea5 12 0 9 11 11 4142fe0108fe4920fe0924044fe84482c
6ea7 12 0 9 11 11 4fe2280fe8aa4aa0fe0105fe438854992
6eaa 12 0 9 11 11 1fa9224940488925fe0105fe428844982
6eaf 12 0 9 11 11 25ea927f209ea926923fe092292522926
6eb1 12 0 9 11 11 4202fc0208fc4401fe0945124fe854992
6eb2 12 0 9 11 11 4502960928d64920fe0104fe4448389c6
6eb4 12 0 9 11 11 4202fe0828fe4820fe0144fe4108288c6
6eb6 12 0 9 11 11 8105fe14a8844300481864fc4848848fc
6eb7 12 0 9 11 11 9fe5021fe9625b615a1b255a5969629fe
6eba 12 0 9 11 11 9ee4220229ee5081ee1224aa4668aa966
6ebb 12 0 9 11 11 4fc2840fc8844fc0001ee4aa4668aa966
6ebd 12 0 9 11 11 9fe5001fe9545481661045fe544924a0c
6ec1 12 0 9 11 11 1d89645421be94854817e1483ac54a918
6ec2 12 0 9 11 11 8105fe0449fe5020101fe42043e84298c
6ec7 12 0 9 11 11 4102fe01087c44407c0444445fe844982
6ecb 12 0 9 11 11 8844481fe8844841281ce48450894a9ae
6ecf 12 0 9 11 11 8445aa0108685860fc0105fe4928549fe
6ed1 12 0 9 11 11 4fc2840e48a45fe1020fc4844fc88488c
6ed3 12 0 9 11 11 8105fe1128fc4480481fe4104fc810810
6ed4 12 0 9 11 11 8065f81228944201ce1025ee5029029fe
6ed5 12 0 9 11 11 e52a54afee24bfea44e92b54a58a94b32
6ed7 12 0 9 11 11 8884ee15481c5e003c1e043e5e082281e
6eda 12 0 9 11 11 0109fe4480a492a4440fc4525948888e6
6ede 12 0 9 11 11 8a45fe0a48005fe1220fc4a44a48ac820
6edf 12 0 9 11 11 91051c3a497e52a3aa13e5207a292291e
6ee0 12 0 9 11 11 9fe4840fc88449e1e40005ee52a8c492a
6ee1 12 0 9 11 11 8485fe0489fe4481fe14a54a5b6902906
6ee2 12 0 9 11 11 8445fe0449fe5020fc0104fc4108149fe
6ee4 12 0 9 11 11 83c4201fe92253c1e213e520550944aba
6ee5 12 0 9 11 11 85055015e9605480440004fe4aa8aa9fe
6ee6 12 0 9 11 11 0109fe4280ac92a4480105fe450894912
6ee8 12 0 9 11 11 4102fe08a87044007c0484485fe844982
6ee9 12 0 9 11 11 8145d405e97455e15409449e554954a1e
6ef4 12 0 9 11 11 8105fe0449fe51217a11257a54a97a906
6f02 12 0 9 11 11 4fe2280fe8aa4fe00007c4004fe8548b2
6f06 12 0 9 11 11 8105fe0548925280c6112494458894932
6f09 12 0 9 11 11 0209fe5281fe92a5fe14856e548a5aae6
6f0f 12 0 9 11 11 9fe5021fe90057e10817e56e55a96ea5a
6f13 12 0 9 11 11 8105fe0288924aa0fe0105fe52a976902
6f14 12 0 9 11 11 8105fe1028fc4100fc0944fc4948fc986
6f15 12 0 9 11 11 4282fe0288fe4aa0fe0aa4fe44484487c
6f20 12 0 9 11 11 8485fe0488fc4840fc0845fe430848986
6f24 12 0 9 11 11 8485fe0488ec55a0480205fe444878986
6f29 12 0 9 11 11 09089e5f009e88a4e80ae5285288388c6
6f2a 12 0 9 11 11 a9057e110aa84c40fe1846bc4ac8bcb04
6f2b 12 0 9 11 11 4fc2840fc8845fe14a1fe4844488309ce
6f2f 12 0 9 11 11 4fe2920fe8924fe0280d04245fa894932
6f31 12 0 9 11 11 8907f009ebf26aa2a83e84885d4a948a2
6f33 12 0 9 11 11 8104fc0489fe4840fc0844fc4109fe810
6f36 12 0 9 11 11 41027c05487c4100fe0924fe4508c497a
6f3e 12 0 9 11 11 8445fe0108fc4101fe0205f6458894932
6f46 12 0 9 11 11 8485fe0489fe52a0d00245fa410894932
6f47 12 0 9 11 11 8445fe0548fe4121fe0124fe4928ba956
6f4b 12 0 9 11 11 8484a810e8125ea00a15a4aa40486a992
6f4d 12 0 9 11 11 89449411e9545be0941145de41485499e
6f58 12 0 9 11 11 40e2f00549fe4540921fe4924fe8928fe
6f5c 12 0 9 11 11 4442ee0449ee4441aa0fc4844fc8848fc
6f5e 12 0 9 11 11 9e852e1329ea44404a17055e552972b9e
6f62 12 0 9 11 11 4482fc0489fe4100fc0944fc4948fc986
6f66 12 0 9 11 11 8105fe0aa87c4c617c04447c410894932
6f6d 12 0 9 11 11 9fe4481fe94a5fe0840fc4845fe810810
6f6e 12 0 9 11 11 84e5ea04a9ee52a1ea12e5ea44a9ea856
6f72 12 0 9 11 11 84a5ac0888be5e20be1a25fe6a28a28a6
6f74 12 0 9 11 11 9484be08a94c47e0480de57245e85299e
6f78 12 0 9 11 11 0489fe4480da96e4480fe0822fe482886
6f7a 12 0 9 11 11 1fe9025fe1089fe51017e5126fea2486c
6f7c 12 0 9 11 11 4102fc0489fe4940fc0944945fe8109fe
6f84 12 0 9 11 11 4ea22c0aa8444fc1020fc4844fc8489fe
6f88 12 0 9 11 11 8485e808e92a5d212a1ea52a5e492a972
6f89 12 0 9 11 11 9d04503de9645d41541d45545c8b54862
6f8c 12 0 9 11 11 9467f81509d055e1d41547f4414954a24
6f8d 12 0 9 11 11 8845e409e9e44041f412c5e45248b49cc
6f8e 12 0 9 11 11 8825f40889e04021e41285e05228b49c8
6f9c 12 0 9 11 11 93e48201297e51217e15655657e93a956
6fa1 12 0 9 11 11 47c24407c8ee4aa0ee0105fe438854992
6fa7 12 0 9 11 11 4282fe0aa8fe4aa1fe0824fe4448289fe
6fb3 12 0 9 11 11 4102fe0d68924fe0ba0d65fe428844982
6fb6 12 0 9 11 11 8105fe0ba8aa4ba0820fe44447c8449fe
6fb9 12 0 9 11 11 8784881fe8a44c20880fe4804be8a293e
6fc0 12 0 9 11 11 8885e812e9f252a1ea04a5fa4a48aa972
6fc2 12 0 9 11 11 8105fe1449fe52a1fe12a5fe52896caaa
6fc9 12 0 9 11 11 9d455415e9f455e1541d455e5549d481e
6fd1 12 0 9 11 11 8907dc0a4bfe6a22aa3ea4aa588ad48a2
6fd2 12 0 9 11 11 8be4c82beaa27ea0aa2aa4aa448894b22
6fde 12 0 9 11 11 41027c0448fe4920fe0924fe4009fe844
6fe0 12 0 9 11 11 8105fe0848fc4001fe11246859a86c9ba
6fe1 12 0 9 11 11 4fe2100fe8924540000fe4104fe8aa8aa
6fee 12 0 9 11 11 8aa4ec17eb2457e11017e51057e928946
6fef 12 0 9 11 11 4ee2aa0668aa4220480fe5884fe8888fe
7011 12 0 9 11 11 4fc2840fc8845fe0481fe4545ba8549b2
701a 12 0 9 11 11 8885d40a29c05761d217a5d64ba9d28b6
701b 12 0 9 11 11 8205fe0808fc4841fe15a5fa56e9da96a
7023 12 0 9 11 11 0de8824d43588e64501de4505de8509fe
7035 12 0 9 11 11 8924541fe8545ba0540fe4545fe844982
7039 12 0 9 11 11 8784841fe94a5fe0001fe54a5fe94a94a
704c 12 0 9 11 11 4442fe0448aa4ee04807e4c857e84887e
704f 12 0 9 11 11 9ee5241ee92a5ea04a3fa52a5e495aaca
705e 12 0 9 11 11 4fe2100fe8924541fe05a4fe4aa9fe82a
706b 12 0 9 11 11 0400402442444480400a00a0110208c06
706c 12 0 1 11 3 524492892
706d 12 0 9 11 11 ffe0400402442444480a00a0110208c06
706f 12 0 9 11 11 27e208a08b08a08208208208508508838
7070 12 0 9 11 11 200ffe2002202a42a4328420450888306
7075 12 0 9 11 11 7fc0043fc0047fc0402444480a0318c06
7076 12 0 9 11 11 210210a10b10a7c2102102105105108fe
7078 12 0 9 11 11 1003f0c10060198e062444480a0318c06
707c 12 0 9 11 11 240240b7ea82a0222221221250250280c
707e 12 0 9 11 11 040ffe8020402442444a80a0110208c06
707f 12 0 9 11 11 210210a10b92a922922922925924928fe
7080 12 0 9 11 11 2fc208a10b20afe22a24a29251252284c
7085 12 0 9 11 11 7fc4047fc4047fc0402444480a0318c06
7089 12 0 9 11 11 210208a7eb42a4227e240240540540880
708a 12 0 9 11 11 240240a7eb42a94210210228528544882
708e 12 0 9 11 11 0402444480a0318c462444480a0318c06
7092 12 0 9 11 11 210210a54b52a522902122045085308c0
7094 12 0 9 11 11 210210a7cb14a142142fe210528544882
7095 12 0 9 11 11 220210afeb00a7824824824854a54a88e
7096 12 0 9 11 11 2102feb10a92a922922fe21051051280e
7099 12 0 9 11 11 0fe724098060f800402444480a0318c06
709c 12 0 9 11 11 210210afeb10a7c2102fe212512516810
709d 12 0 9 11 11 210228b44a82a7c24424425c54054283e
70ab 12 0 9 11 11 220210afeb10a202442f82105245448fa
70ac 12 0 9 11 11 27e240a40b7ea4224224227e54054087e
70ad 12 0 9 11 11 4444447fc200ffe2202a45284208d8306
70ae 12 0 9 11 11 24027ea82b7aa4a24a27a24654054283e
70af 12 0 9 11 11 2fe282a82bbaaaa2aa2aa2ba582482886
70b3 12 0 9 11 11 2fe210b10afea922922aa2c6582482886
70b7 12 0 9 11 11 220210afeb10a1021027c2105105108fe
70b8 12 0 9 11 11 220220a3eb50a9021e21021051e510810
70b9 12 0 9 11 11 04007e0400407fc4044047fc000524892
70bb 12 0 9 11 11 27e210a10b10a2023e2622a252252283e
70bc 12 0 9 11 11 2202fea40bf0a902fe210254552492830
70bd 12 0 9 11 11 27c244a44b44a4427c200200528544882
70c0 12 0 9 11 11 20e2f0a10a92b542102fe210510510870
70c1 12 0 9 11 11 20c270b40a90a902fe210254552492830
70c2 12 0 9 11 11 244228afeb00a0020027c2005005008fe
70c3 12 0 9 11 11 27c204a08b10a282c627c2105105108fe
70c8 12 0 9 11 11 fc22123d2652952092302c06000524892
70ca 12 0 9 11 11 244228afeb10a1027c2102105fe510810
70d8 12 0 9 11 11 224224afeb24a242242fe200524542882
70d9 12 0 9 11 11 22023cb44aa8a102282c627c54454487c
70db 12 0 9 11 11 210210afeb92a922922fe21051451a8e2
70df 12 0 9 11 11 2fe282a92b92afe2922aa2aa5c64828fe
70e4 12 0 9 11 11 21027ab14afea1023e2e023c504504818
70e6 12 0 9 11 11 2fe210afeb82a92292292292528544882
70e7 12 0 9 11 11 220226af8b24a1a2e62002fe52854a88e
70e8 12 0 9 11 11 22822ab4cad8a4a24e2102fe510510810
70e9 12 0 9 11 11 210228b44a82a7c2002002fe5205448fa
70eb 12 0 9 11 11 4fc2108fe44a292c260002444480a0f1e
70ec 12 0 9 11 11 27e242a42b7ea442442a229a50056081c
70ed 12 0 9 11 11 210f7c214214364e2425264a000524892
70ef 12 0 9 11 11 266218ae6b10afe22827e2ca54a54e808
70f7 12 0 9 11 11 2102fea82b7ca002002fe22852854a88e
70f9 12 0 9 11 11 040ffe2083f80007f80200400c0524892
70fd 12 0 9 11 11 22023cac4b38ad627c21027c5104fe810
7109 12 0 9 11 11 ffe04027c240ffe2003fc4007fe002956
710a 12 0 9 11 11 27c244a7cb44a7c20027c2105fe510810
7110 12 0 9 11 11 27e210a7cb24a242fe20027e54254287e
7113 12 0 9 11 11 218224ad2b08a7e20420827e54254287e
7115 12 0 9 11 11 220238b48afca942942942fe528544882
7116 12 0 9 11 11 29e242b12a8aa822aa2e62a25aa49a886
7118 12 0 9 11 11 0407fc080ffe1083fe488848018524892
7119 12 0 9 11 11 21027ca00b44a282fe20027c54454487c
711a 12 0 9 11 11 208fbe20871caaa2082444480a0318c06
7126 12 0 9 11 11 2207fec207fc4207fc4207fe000524892
712f 12 0 9 11 11 21021eb10afca842fc2842fc5105fe810
7130 12 0 9 11 11 22023cb44a88a202ce2822ee5824828fe
7131 12 0 9 11 11 0402444480a0318c06208aaaaaa5148a2
7136 12 0 9 11 11 4147924fca90110528244c82000524892
7145 12 0 9 11 11 22e2caa8abeaa922e029e2925ea48489a
714a 12 0 9 11 11 2102fea82b7ca0027c24427455c5008fe
714c 12 0 9 11 11 21027ca44b7ca442442fe21057c5108fe
714e 12 0 9 11 11 110ffe0007d44547d44544cc000524892
715c 12 0 9 11 11 2fe282afeb82afe2102fe2445245288fe
715e 12 0 9 11 11 7a08be124784094fc80947a2000524892
7164 12 0 9 11 11 2442fea44b7ca4427c2102fe538554892
7166 12 0 9 11 11 f4097e982f7a94a94a97af06000524892
7167 12 0 9 11 11 f7e912922f4690097e942f7e000524892
7168 12 0 9 11 11 27e24aa7eb4aa7e2002fe24854a554862
716e 12 0 9 11 11 0827f4088ffe2047fca043fc000524892
7172 12 0 9 11 11 2fc2844fcc105fe4545922444480a0f1e
7173 12 0 9 11 11 24e24abfaa4ea4a24a2ee2aa5aa4aa8f6
7178 12 0 9 11 11 2102fea82bfea802fe2aa2aa5fe4aa92a
717a 12 0 9 11 11 29e252a1eb12ade25425625455a4a089e
717d 12 0 9 11 11 2102feb82afea802f62922da5b64da936
7184 12 0 9 11 11 2202fca84bfca842fc2842fc5504c497a
718a 12 0 9 11 11 426938fa289efa48b8fa289e000524892
718f 12 0 9 11 11 7fc040ffe0407fc5547fc040ffe524892
7194 12 0 9 11 11 2102feaaab44a102282c627c54454487c
7198 12 0 9 11 11 2202dea8abaaad62002fe2925fe4928fe
7199 12 0 9 11 11 fbe922ba2abeaa0ba0922f9e000524892
719f 12 0 9 11 11 110fd04bc794134fd412a342000524892
71a0 12 0 9 11 11 2ee2aab66aaaa2221027e24257e54287e
71a8 12 0 9 11 11 7c44447de4047d454c72494c2444a8f1e
71ac 12 0 9 11 11 210f9e224fd44147884949a2000524892
71b3 12 0 9 11 11 27c244a7cb44afe2aa2fe2445285108ee
71b5 12 0 9 11 11 2102fea44b28afe2aa2c62ba5aa4ba886
71b9 12 0 9 11 11 040ffe0407fc2083f8110ffe2083f8912
71c3 12 0 9 11 11 2ea2aaabeb68aa82482945224008a4912
71ce 12 0 9 11 11 2102feaaab7cac627c24427c5105548b2
71d4 12 0 9 11 11 20e2f0a54bfea542922fe2925fe4928fe
71d5 12 0 9 11 11 110ffe1101f020aeec2aa6ee800524892
71e0 12 0 9 11 11 2102fead6b92afe2ba2d63fe528544882
71e5 12 0 9 11 11 27c244b7caeeaaa2ee2102fe538554892
71e7 12 0 9 11 11 21433ea90a68b1a2ac21a5aa4988c0b3e
71ee 12 0 9 11 11 2e8b1aaea2085f48a20a0ffe2081f0e0e
71f9 12 0 9 11 11 fbe410aaa71caaa6180402444481b0e0e
7206 12 0 9 11 11 27c244a7cb44afe2282fe2545ba5548b2
721d 12 0 9 11 11 20e2f0b54afeaaa2fe2a42ee5944a48ec
7228 12 0 9 11 11 6ec4a4ffe9123b8554ffe208d560a071c
722a 12 0 9 11 11 03c7c8448448448448448448444444842
722c 12 0 9 11 11 1c0ebeaaaaaaabeaa0aa2aa2a9ea40a3e
7230 12 0 9 11 11 01c7e42487fc080ffe1003f8d080f070e
7231 12 0 9 11 11 01c7e4248ffe8827fc1003f8d080f070e
7235 12 0 9 11 11 01c7e4248ffe912ffe4847be41448474c
7236 12 0 9 11 11 110208404a0a2081100a00400a0318c06
7237 12 0 9 11 11 110208d160e0318c063f80880880b0080
7238 12 0 9 11 11 110208d160e0318c067fc4447fc4023fe
7239 12 0 9 11 11 318d160e0358cf61906601bcec40383c0
723b 12 0 9 11 11 604198060198e061101100a00401b0e0e
723d 12 0 9 11 11 040ffe0405542485542485540a0318c06
723f 12 1 9 8 11 2121213f0101ff21214181
7247 12 0 9 11 11 2102102103fe2002003f8208408408808
7248 12 0 9 11 11 5065785407c047e4427625545485549a2
724c 12 0 9 11 11 52057e5527fe45247e7285485fe508908
724d 12 0 9 11 11 51057c5107fe4224987485fe5105249c2
7252 12 0 9 11 11 a54afea54f5c84087ee10afea38a54a92
7256 12 0 9 11 11 a10afea82ffe8948feed2afead2afeb52
7259 12 0 9 11 11 7fc2102104107fe030050090310c10070
725b 12 0 9 11 11 4404407fc440840040ffe040040040040
725d 12 0 9 11 11 240a40f42a4c270340e4024024224223e
725f 12 0 9 11 11 1002087f40004407fc840040ffe040040
7261 12 0 9 11 11 210a10f10a1027c310e102102102102fe
7262 12 0 9 11 11 040ffe8022403fc440040ffe040040040
7267 12 0 9 11 11 220a20f3ea442a4324e282282102282c6
7269 12 0 9 11 11 240a40f7eaaa22a32ae4a25229222224c
726e 12 0 9 11 11 12423eee021220e4407fc840040ffe040
726f 12 0 9 11 11 210a10f7ea10210310e7c24424424427c
7272 12 0 9 11 11 248a48f7ea48288308e7e2082082082fe
7275 12 0 9 11 11 040ffe110208ffea423fc440040ffe040
7279 12 0 9 11 11 210a7cf10a102fe304efe24422420421c
727a 12 0 9 11 11 2fea28f28afe2aa3aaeaa2ae2c22822fe
727e 12 0 9 11 11 27ea10f7ca2422437ee0027e24224227e
727f 12 0 9 11 11 250a7cf90a102fe300e7c24424424427c
7280 12 0 9 11 11 7fe4027fe4207264a87265fc6205fe820
7281 12 0 9 11 11 fd2112fd23125929464407fc840ffe040
7284 12 0 9 11 11 210afef10a282443fee0427425427420c
728a 12 0 9 11 11 210a7cf10afe222358e282fe2102242c2
728b 12 0 9 11 11 27ca44f7ca4427c344e7c2442fe244282
728d 12 0 9 11 11 208adef4aa7e28a3dee4825e2c826829e
728f 12 0 9 11 11 210afef82afe2803feeaa2aa2fe2aa32a
7292 12 0 9 11 11 210afef44a7c2003fee822ba2aa2ba286
729f 12 0 9 11 11 e7c244efe892efe210c543fe440ffe040
72ac 12 0 9 11 11 048044040ffe0400a00a0110110208c06
72ad 12 0 9 4 11 95259135916
72af 12 0 9 11 11 afc484484a8428429c680a80282282c7e
72b0 12 0 9 11 11 a40440440bf8248248648a4828a28ad0e
72b4 12 0 9 11 11 a7c410410a102102fe610a10210210c10
72b6 12 0 9 11 11 214212a106fe210228228628a44244282
72b7 12 0 9 11 11 a104fe480a80280280680a80280280d00
72b8 12 0 9 11 11 afc404444a4424427e602a022fa202c1c
72b9 12 0 9 11 11 a14412410afe210228628a2824a24ac8e
72c1 12 0 9 11 11 a20420444a843fa248648a4824a28ad0e
72c2 12 0 9 11 11 afe410410a102102fe610a10210210cfe
72c3 12 0 9 11 11 afc424424a242242fc644a44244244dfe
72c4 12 0 9 11 11 a10410452a52294210610a28228244d82
72c8 12 0 9 11 11 afe482492a92292292692a92228244c82
72cd 12 0 9 11 11 a804fc504af42942946f4a8c280282c7e
72ce 12 0 9 11 11 afe492492afe2922926fea10210210c10
72d0 12 0 9 11 11 a0e4f4494a94294294694a942a42aad76
72d2 12 0 9 11 11 a284284fea2a2fe2a86fea2a22a24ec88
72d7 12 0 9 11 11 a4047e482b0227a24a64aa4a27a202c0c
72d9 12 0 9 11 11 afc484484afc2842846fca84284284dfe
72de 12 0 9 11 11 a104fe482a002fe210610a10210210c70
72e0 12 0 9 11 11 afc4844fca842842fc692a942882a4cc2
72e1 12 0 9 11 11 a104fe400a44282344644a28210228cc6
72e8 12 0 9 11 11 a144124fea102522526f4a4824a296d22
72e9 12 0 9 11 11 a104fe482a8a2082fe608a48228208c18
72ec 12 0 9 11 11 a104104fea922922926fea1021421ace2
72ed 12 0 9 11 11 a104fe410a922542106fea10228244d82
72ee 12 0 9 11 11 abe488488abe2aa2aa6aaaaa2ae288d08
72ef 12 0 9 11 11 a10428444b8227c200600afe220244cfa
72f0 12 0 9 11 11 a40478488afc2143fe614afc210210c70
72f1 12 0 9 11 11 a8a44a408a3e388288694a942942d2ca2
72f2 12 0 9 11 11 bc8448488aa82ac2ea7aaaaa288288d98
72f3 12 0 9 11 11 a38444582a7c2102106fea10254292c30
72f7 12 0 9 11 11 a7c44447ca002fe2826fea822fe282c86
72f8 12 0 9 11 11 afe492492afe2922926fea102fe210cfe
72fa 12 0 9 11 11 a204105fea002fc2006fca002fc284cfc
72fc 12 0 9 11 11 a204fc484afc2842fc692a942882a4cc2
7301 12 0 9 11 11 a325c244aa4a3fa24a6caaea352242c4e
7303 12 0 9 11 11 a10428444a8227c2006a2a54254208cfe
730a 12 0 9 11 11 a204ce482aee2822826fea2822a24ad8e
730e 12 0 9 11 11 a484fc448a483fe2006fca842fc284cfc
7313 12 0 9 11 11 afe4924fea922fe2106fea38254292c10
7315 12 0 9 11 11 ad045e452aea28828c6daa5a26a248cd8
7316 12 0 9 11 11 a7c44447ca4427c2006fea822fe282cfe
7317 12 0 9 11 11 a104fe410a282442fe604a74254274c0c
731b 12 0 9 11 11 a7c408410afe210230600afe2aa2aadfe
731c 12 0 9 11 11 a104fc410afc2103fe684afc2842fcc84
731d 12 0 9 11 11 a104fe400a442442aa610afe210210c10
731e 12 0 9 11 11 a30448586a782103fe610afc284284cfc
7321 12 0 9 11 11 afe4aa4aaafe22023e642ba4214218ce0
7322 12 0 9 11 11 a4e44a5faa4e24a24a6eeaaa2aa2aacf6
7325 12 0 9 11 11 afe4924fea922fe2007fea9028a2a4cc2
7329 12 0 9 11 11 afe4824fea822fe2906feb102fe210dfe
732a 12 0 9 11 11 a204fa424a283fe22067cac437c244c7c
732b 12 0 9 11 11 a444fe444a002fe292692afe292292cfe
732c 12 0 9 11 11 afe4924fea922fe24467ca4427c244c4c
732e 12 0 9 11 11 20afca208ffed48a48fc8a54fd4a54ae2
7331 12 0 9 11 11 a7c4084fea322542b0610afe238254c92
7334 12 0 9 11 11 a5c4444bea9039e2a8688abe288294ca2
7337 12 0 9 11 11 84a48afc82befc8ac8cc8854fd4854fe2
7338 12 0 9 11 11 afe4924fea802be2a26beaa22be2a2d3e
7339 12 0 9 11 11 a104fe454a9227c24467ca4427c200cfe
733e 12 0 9 11 11 a7c444474a542fe28267ca4427c244c4c
733f 12 0 9 11 11 a1047c410afe24424467ca282ca254c62
734d 12 0 9 11 11 a104fc448bfe2842fc684afc24828ad0e
7350 12 0 9 11 11 a104fc448bfe2842fc684afc2103fec10
7352 12 0 9 11 11 210f9e224fd44889b6048ffe0a0318c06
7357 12 0 9 11 11 3fea5055e5eaa8a2aa7e8a94294322d22
7360 12 0 9 11 11 a105fe4aaa7c2c637c644a7c210294d32
736c 12 0 9 11 11 a5e46a4aaaf62a82fa6aeafa2ae2aad2a
736d 12 0 9 11 11 a905dc4a4bfe2a22aa7eaaaa3882d4ca2
736f 12 0 9 11 11 a7c4104fea102fe2aa6fea102fe200caa
737e 12 0 9 11 11 a444fe444aaa2ee24867eac837e248c7e
7384 12 0 9 11 11 080040ffe0801102207c00881082347c4
7387 12 0 9 11 11 040ffe4442a80404a49f2040ffe040040
7389 12 0 9 11 11 ffe0400400400407fc040048044040ffe
738b 12 0 9 11 11 ffe0400400400407fc040040040040ffe
738e 12 0 9 11 11 07ef08208208208f08208208308c08038
7391 12 0 9 11 11 0f8e88488488488e8848848868ad0a20e
7396 12 0 9 11 11 020e2043c444444e88408410628c44082
739b 12 0 9 11 11 0fce04444444444e7e4024026fac0201c
739f 12 0 9 11 11 020f102fe244244f44228228310c280c6
73a2 12 0 9 11 11 048e48484484502efc444444684c84118
73a9 12 0 9 11 11 0fce004004005fee4844844868ac8a10e
73ab 12 0 9 11 11 020f2023e2442a4f24228228310c280c6
73ae 12 0 9 11 11 020e205fe4204fce205fe422622c2c020
73af 12 0 9 11 11 0fef08210210234f52292210310c10010
73b0 12 0 9 11 11 0fce84494494494e9449441062ac4a18e
73b2 12 0 9 11 11 010f28244282210f082fe204348c3000c
73b3 12 0 9 11 11 054e5249049e5b0e9049048868ac86082
73b7 12 0 9 11 11 010f1021e210210f1027e242342c4207e
73ba 12 0 9 11 11 2003fcc4415064c040ffe0407fc048ffe
73bb 12 0 9 11 11 010efe4924904feec24a2494688c94162
73c0 12 0 9 11 11 008f1027e242242f4227e242342c4207e
73c2 12 0 9 11 11 0fee044044f4494e944944f4604c0401c
73c8 12 0 9 11 11 080e8e5ea4aa4aaeaa4aa4aa6aacaa16e
73c9 12 0 9 11 11 0fee824824fe490e904fe490688caa0c6
73ca 12 0 9 11 11 0eeeaa4aa4aa4aaffe4aa4aa6aacaa176
73cd 12 0 9 11 11 010e2844458a430ec44084326c4c180e0
73cf 12 0 9 11 11 0fef10210210210f7e210214312c100fe
73d0 12 0 9 11 11 010e1047c410410efe420444644c9a0e2
73d1 12 0 9 11 11 048e445fe450450e52454458692cb214e
73d9 12 0 9 11 11 048e485fe448448e485fe400648c84102
73de 12 0 9 11 11 040e7c484548430e485864fc684c840fc
73e0 12 0 9 11 11 090e904fc510410efe410438654d92010
73e5 12 0 9 11 11 0fee4447c444444e7c44444465ece4004
73e7 12 0 9 11 11 028e284aa46c428e2846c4aa628c4a18e
73e9 12 0 9 11 11 05ee8050045e484e84584484684c8408c
73ed 12 0 9 11 11 f3e4244a44a44a4ebe4a4424424444f5e
73f2 12 0 9 11 11 0fee824204fe440e904fe4106fec10010
7403 12 0 9 11 11 014e124fe410492e54418434652c90030
7405 12 0 9 11 11 020efc4844fc484efc492494688ca40c2
7406 12 0 9 11 11 0fee924924fe492e924fe4106fec101fe
7409 12 0 9 11 11 010efe4204444fae004a84a86a8caa12e
740a 12 0 9 11 11 1feeaa4aa52a5fce6a4aa4aa72ed28068
740f 12 0 9 11 11 108ebe4104245a4ebe4844be684d4413e
7410 12 0 9 11 11 092e544104fe482e92492492628c44082
741a 12 0 9 11 11 0fee824824fe488efe4884be6a2ca213e
741b 12 0 9 11 11 0fee82428444482e104fe410638c54092
7422 12 0 9 11 11 0fee10462594498e685cc45a66ad88030
7425 12 0 9 11 11 01ce104fe49249cef249e4806b8caa14e
7426 12 0 9 11 11 010efe410428444efe4044f4694cf400c
7428 12 0 9 11 11 0fce844fc4844fce0048a4ec688caa0ce
742a 12 0 9 11 11 044efe44447c444e7c4444fe600c44082
742c 12 0 9 11 11 010efe48244046eeaa4aa56e628c4a08e
742e 12 0 9 11 11 010efe48240047ce004fe410654c92030
7430 12 0 9 11 11 010e52494410428ec6410452694c280c6
7433 12 0 9 11 11 048e485fe448448ed84dc56a648c48048
7434 12 0 9 11 11 fbe208fbe208ffe0a0318c463f8010020
7435 12 0 9 11 11 fbe208fbe208fbe0004207a64385a261e
7436 12 0 9 11 11 fbe208fbe208fbe0007fc4447fc4023fe
743c 12 0 9 11 11 010efe40047c444e4447c410654c92030
7441 12 0 9 11 11 0fee824ba4824bae0047c44467cc4407c
7455 12 0 9 11 11 0eeea24a24ee480eee48a48a6e4c8a092
7457 12 0 9 11 11 00eef24544fe420efe44047c6a4d180e6
7459 12 0 9 11 11 052ea44a4452400e204fe4aa692caa0fe
745a 12 0 9 11 11 04ee4a5fa44e44ae4a4ee4aa6aacaa0f6
745b 12 0 9 11 11 048efe4484104fce944945fe610c281c6
745c 12 0 9 11 11 030e4848457a400eea4aa4ea6aace20a6
745e 12 0 9 11 11 092e924fe4004fee104fe4aa6aacaa086
745f 12 0 9 11 11 fbe208fbe208fbe08004851096418aef8
746d 12 0 9 11 11 010efe4884be48aefe48a4be6a2ca213e
7470 12 0 9 11 11 040efc4a44fc4a4efc42845465cc9211e
7476 12 0 9 11 11 0fee0245445447ee104fe410492e920fe
7477 12 0 9 11 11 00eef24544fe4a2e7c42047c6a4d180e6
747e 12 0 9 11 11 044efe4444fe492e924fe4106fec100fe
7480 12 0 9 11 11 092e924fe4484fee885fe4886fec880fe
7483 12 0 9 11 11 010efe4284924aaefe4104fe6aacf6082
7487 12 0 9 11 11 088e8e5f049e48aee84ae4a8528f38066
748b 12 0 9 11 11 010efc4485fe484efc4844fc610dfe010
748e 12 0 9 11 11 0eeeaa4aa4aa444eaa4104fe624c380c6
7490 12 0 9 11 11 1e8f2e5325ea444e4a57055e752d7219e
749c 12 0 9 11 11 048efc4485fe410efc4944fc694cfc186
749e 12 0 9 11 11 0aae6c4fe4444fee104fe4106fec280c6
74a7 12 0 9 11 11 7884be7944147bea887fc0407fc048ffe
74a8 12 0 9 11 11 0eee824ea5aa454e924544fe430e54192
74a9 12 0 9 11 11 03ce204fe4924fce904be4c853afcc032
74ba 12 0 9 11 11 2ec4a46ec4a4ffe8027fc0407fc048ffe
74d2 12 0 9 11 11 094efe5444ee444eaa4fe492692c280c6
74dc 12 0 9 11 11 03c7c84484484484484884884a45249d2
74de 12 0 9 11 11 1c8ea8abeac8a88abea88a94aa2b406be
74e0 12 0 9 11 11 202fbc52a8aa72a02afaa42a7aa0ae35a
74e2 12 0 9 11 11 fe22bcfeaaaafea02a7aa02afea52eb5a
74e3 12 0 9 11 11 8284c4eaeaaa4a4eae4a44a4eae4a4954
74e4 12 0 9 11 11 202ffcaaafaa52afaa52afea56acae65a
74e6 12 0 9 11 11 ffe1001001f02102902502304124d271e
74ee 12 0 9 11 11 0f0208c86108ffe1001f81082c823afce
74ef 12 0 9 11 11 fbe810c90a9caa4924934aacca4834fa6
74f4 12 0 9 11 11 27e2105108dc224124fb40ac524234126
74f6 12 0 9 11 11 8be510f9051c524524fb452c524534926
74f7 12 0 9 11 11 040e7e0922a8444ffe1001f828827af8e
74ff 12 0 9 11 11 27ef9001089c524fe4034fac8a48b4fa6
7504 12 0 9 11 11 fbe510f90a9caa4fa4234fac2243b4c26
750d 12 0 9 11 11 110ffe1107fc4a4ffe9021f828827af8e
750f 12 0 9 11 11 106fd81067d84467d8280ffe14822a78e
7511 12 0 9 11 11 4fe510f90abcfa4aa4fb494cf4497ef82
7513 12 0 9 11 11 7904fe7a48fef1097e910ffe24843afce
7518 12 0 9 11 11 208208ffe2082082083f82082082083f8
7519 12 0 9 11 11 014012ffe010450ff04507c844a4467c2
751a 12 0 9 11 11 208ffe2083f82083f8208ffe4905087fc
751c 12 0 9 11 11 1a4e2427e224fa422423cfa48a48a4fbc
751f 12 0 9 11 11 4404407fc4408400407fc040040040ffe
7525 12 0 9 11 11 27ea52f7ea5227e210f7e222222342c8c
7528 12 0 9 10 11 7fc4444447fc4444447fc44444444484c
7529 12 0 9 11 11 7fc4444447fc4444447fc44444c44283e
752b 12 0 9 11 11 048ffe0407fc4447fc4447fc44444444c
752c 12 1 9 9 11 ff0020140ff8888ff8888ff8888888898
752d 12 0 9 11 11 ffe0c0358c467fc4447fc4447fc44484c
752f 12 0 9 11 11 040ffe84252490a7fc4447fc4447fc444
7530 12 0 9 11 11 ffe842842842842ffe842842842842ffe
7531 12 0 9 11 11 040040ffe842842842ffe842842842ffe
7532 12 0 9 11 11 ffe842842ffe842842ffe040040040040
7533 12 0 9 11 11 040040ffe842842ffe842842ffe040040
7535 12 0 9 11 11 080ff8888888ff8888888ff808208207e
7537 12 0 9 11 11 7fc4447fc4447fc040ffe082102202c1c
7538 12 0 9 11 11 2003fe402bfa24a3fa24a24a3fa00200c
753a 12 0 9 11 11 07ef88a88a88a88f88a88a88a88f88038
753b 12 0 9 11 11 ffe0003f8a4aa4abfaa4aa4abfa802ffe
753e 12 0 9 11 11 2224448884442220007fc4447fc4447fc
7540 12 0 9 11 11 7fc4447fc4447fc000ffe208208408808
7545 12 0 9 11 11 27c208f90aa0afefaaacaa92f9222224c
7548 12 0 9 11 11 006fb8aa0aa0abefa2aa2ab4aa8fd4062
754b 12 0 9 11 11 020fa0abeac4aa4fa4aa8aa8a90fa8046
754c 12 0 9 11 11 7fc4447fc4447fc110208d16110210c10
754e 12 0 9 11 11 014f92a90afea90fa8aa8aa8a44f44082
754f 12 0 9 11 11 7fc4447fc4447fc000ffe4204144c8706
7554 12 0 9 11 11 008fcaaaca88afef88a88afea88f88008
7559 12 0 9 11 11 1bee128128a2f460007fc4447fc4447fc
755a 12 0 9 11 11 0901087fc040ffe1083fce4a3f82483f8
755b 12 0 9 11 11 018fa4ac2a88ab0f84a88ab0a82f8c070
755c 12 0 9 11 11 040ffe1002107e0084ffe4447fc4447fc
7565 12 0 9 11 11 010f9eaa2ad4a88f94ae2abeaa2fa203e
7566 12 0 9 11 11 008fbea88a88abef80a88abea88f8803e
756a 12 0 9 11 11 00c7f0248ffe150248ffe4447fc4447fc
7572 12 0 9 11 11 0e0318df60007fc248ffe4447fc4447fc
7574 12 0 9 11 11 008fbea88abea90ffeaa4afeaa4f9400c
7578 12 0 9 11 11 008fbea88a94aa2ffea82abaaaafba006
7579 12 0 9 11 11 010ffea82a80aeefaaaaaaeeaa8faa04e
757f 12 0 9 11 11 44854aa5454af5e024ffeaa0f94a8afb6
7583 12 0 9 11 11 008fbea94afeaaafbeaaaaaaafef8807e
7586 12 0 9 11 11 ffe154f7c854f7c500ffe554f7c1546fe
758b 12 0 9 11 11 ffe04204404024027c2402405404c083e
758f 12 0 9 11 11 f101fe220244afab00a54a54b54c54096
7591 12 0 9 11 11 9bee02894f8843e78aa08fae2285588c6
7592 12 0 9 11 11 0203fea00600200200600a00200400800
7594 12 0 9 11 11 0207fe400c005fe410c10410410410870
7596 12 0 9 11 11 0207fe400dfc444444c44444458440840
7597 12 0 9 11 11 0207fe400dfc408410c204204204208e0
7599 12 0 9 11 11 0207fe480cfe5006fcc084304c05028fe
759a 12 0 9 11 11 0207fe400c40478488d08410428444982
759d 12 0 9 11 11 0207fe400c20420524d245245245249fc
759f 12 0 9 11 11 0207fe400c005fc500d007fe5005009fc
75a0 12 0 9 11 11 0207fe4007fec804804fcc84484504a18
75a1 12 0 9 11 11 0207fe400df8410420dfe44a49252284c
75a3 12 0 9 11 11 0207fe420c225fe420c20450452892b0e
75a4 12 0 9 11 11 0207fe400dfc524524dfc5005025028fe
75a5 12 0 9 11 11 0207fe420c50488706c88488488488908
75ab 12 0 9 11 11 0207fe400cf848870ec005fc488470b8e
75ac 12 0 9 11 11 0207fe400dfe5205fed22522522542a8c
75ae 12 0 9 11 11 0207fe420c50488706cf84884b848287e
75af 12 0 9 11 11 0207fe400dfc50458cd5452455458ea02
75b0 12 0 9 11 11 0207fe440c207fe420c205fc420420bfe
75b1 12 0 9 11 11 0207fe480cfc5046f4c944f448c48287e
75b2 12 0 9 11 11 0207fe410dfe512510dfe542524518ae6
75b3 12 0 9 11 11 0207fe400c845fe484c844fc4844848fc
75b4 12 0 9 11 11 0207fe400dfe4044f4c944944f440481c
75b5 12 0 9 11 11 0207fe448c4854a57cd4854854897ab8e
75b8 12 0 9 11 11 0207fe400cfc4844fcc844844fc4009fe
75b9 12 0 9 11 11 0207fe420c50488736cc84305c44189e0
75bc 12 0 9 11 11 0207fe440c78588470f8e4604184c083c
75bd 12 0 9 11 11 0207fe400cfc4844fcc844fc4844849fe
75be 12 0 9 11 11 0207fe400c804fc520c205fe450488b06
75c2 12 0 9 11 11 0207fe480c8e7ea4aacaa4aa52a52aa6e
75c3 12 0 9 11 11 0207fe410dfe440488df04204444849fa
75c4 12 0 9 11 11 0207fe480cfe520620c3e42043e420820
75c5 12 0 9 11 11 0207fe400dfe4105fed1252a5c6502906
75c7 12 0 9 11 11 0207fe400dfe420420d3c520520520bfe
75c8 12 0 9 11 11 0207fe400dfc5245fcd245fc524524a2c
75c9 12 0 9 11 11 0207fe400df8410468d864fc4204209fe
75ca 12 0 9 11 11 0207fe420c50488706cf84205fc420bfe
75cd 12 0 9 11 11 0207fe420dfe4245fcd205fe422450b8e
75d2 12 0 9 11 11 0207fe484c485fe410cfc4105fe410810
75d4 12 0 9 11 11 0407fe420dfc4207fec087fe488448818
75d5 12 0 9 11 11 0207fe400dfc5045fcd045fc514548986
75d6 12 0 9 11 11 0207fe400dfc450450d544d8450450bfe
75d8 12 0 9 11 11 0207fe400dfe4004fcc844fc4844489fe
75db 12 0 9 11 11 0207fe400df84505fcd245fc5245fc924
75de 12 0 9 11 11 0207fe400dfc420468da44205fc5049fc
75e2 12 0 9 11 11 0207fe430dc244a5fac4a4ca4ea55284e
75e3 12 0 9 11 11 0207fe400c207fe420dfc42055454aa3a
75e4 12 0 9 11 11 0207fe400c20524524eaa4205fc420bfe
75e6 12 0 9 11 11 0207fe400dfc4405f8c887fe5045049fc
75e7 12 0 9 11 11 0207fe408d084ac62ad4a408482504a38
75e8 12 0 9 11 11 0207fe448dfe4485fed224fc424444998
75ea 12 0 9 11 11 0207fe440c784885fcd245247fe488b06
75eb 12 0 9 11 11 0207fe400d3c484524dfc5245745ac924
75f0 12 0 9 11 11 0207fe400c92514468d86410494868b86
75f1 12 0 9 11 11 0207fe400c485ce448dce4484485ce848
75f4 12 0 9 11 11 0207fe500dde692492ff249255255ea00
75f9 12 0 9 11 11 0207fe400dfc5245fcd247fe488488908
75fc 12 0 9 11 11 0207fe400dfc5245fcd245745545549fc
75ff 12 0 9 11 11 0207fe4fcc105fe454c925fe444478986
7600 12 0 9 11 11 0207fe508c887d4522dd8546540558ac6
7601 12 0 9 11 11 0207fe400c205fc488d544205fc420820
7603 12 0 9 11 11 0207fe400dfe4605b2cd45b84d4592860
7605 12 0 9 11 11 0207fe488c505fc524dfc5247fe420820
760a 12 0 9 11 11 0207fe400cbc48457ef2854853e514962
760c 12 0 9 11 11 0207fe480ff248a7eaeaa7ea48a5c2aae
7610 12 0 9 11 11 0207fe480d2c5245acd245fc450488b06
7615 12 0 9 11 11 0207fe400ddc5445dcd005dc5145c8914
7617 12 0 9 11 11 0207fe420dfc4a87fec887265fc420bfe
7618 12 0 9 11 11 0207fe524ffe4a8726c407fe4884f0b0e
761f 12 0 9 11 11 0207fe400cf84884f8c885fc554554bfe
7620 12 0 9 11 11 0207fe420fae4204f8f065fc5049fc904
7622 12 0 9 11 11 0207fe480ddc5545f6d407fe5529cc972
7624 12 0 9 11 11 0207fe440d9e50a552dfe4924fe4928fe
7625 12 0 9 11 11 0207fe444dfe4104fec205fe44848897e
7626 12 0 9 11 11 0207fe4a0d2c5245acd245fc488470b8e
7629 12 0 9 11 11 0207fe488ffe488420cd87065fc5049fc
762a 12 0 9 11 11 0207fe504dfc5045fcc887165e05048fc
762b 12 0 9 11 11 0207fe400dd445e574d5e49449e554a5e
762d 12 0 9 11 11 0207fe450dfc5545fcc005fc4204a8964
7630 12 0 9 11 11 0207fe524dfc5245fcca04485f44a8964
7633 12 0 9 11 11 0207fe554ccc754470c887364c04189e0
7634 12 0 9 11 11 0207fe420dfc4505fcc884f84885fe820
7635 12 0 9 11 11 0207fe488cee5aa444dba4005fe494932
7638 12 0 9 11 11 0207fe500fde5526dec205fc5245dc904
763c 12 0 9 11 11 0207fe448dfe4844fcc845fe410468986
763e 12 0 9 11 11 0207fe400dcc55455ed8255e5485d292c
763f 12 0 9 11 11 0207fe554d54488554c807fe4884f0b0e
7640 12 0 9 11 11 0207fe488dfc4887fed245fc5245fcb06
7643 12 0 9 11 11 0207fe408dce57254cdb255455e5e493e
764c 12 0 9 11 11 0207fe400cfc4845fed2a5ee4105129fe
7654 12 0 9 11 11 0207fe420dfc4887fed045fc4a0594a7a
7656 12 0 9 11 11 0207fe548d7e5d4514dfe74857e9489c8
765c 12 0 9 11 11 0207fe400dee52a5ead505ee54a5e4aba
765e 12 0 9 11 11 0207fe480fdc4a47feea27ea4aa5d4aa2
7663 12 0 9 11 11 0207fe594ebe7c857efc85487fe408bc8
766b 12 0 9 11 11 0207fe480fde4845ded525d65567e495a
766f 12 0 9 11 11 0207fe554ddc5545dcca05107fc5109fe
7678 12 0 9 11 11 7a40a851020a5f48420407fc0a0110e0e
767b 12 0 9 11 11 7a40a851020a7fc8023f82083f8110ffe
767d 12 1 9 9 11 080100ff8808808808ff8808808808ff8
767e 12 0 9 11 11 ffe0400807fc4044047fc4044044047fc
7682 12 0 9 11 11 0807fc4047fc4047fc1001fef001020fe
7684 12 0 9 11 11 220420fbe8c2882892f8a88a882882f8c
7686 12 0 9 11 11 820fa68389a2e3e0807fc4047fc4047fc
7687 12 0 9 11 11 0803f82083f82082087fc0407fc040ffe
7688 12 0 9 11 11 40e8f0e80a80afeec2aa2a94a88e94162
768b 12 0 9 11 11 0807fc4047fc4047fc100ffe444bfa040
768e 12 0 9 11 11 4108fee00a44a82f44a44a28a10e280c6
7691 12 0 9 11 11 492892efea00afee02a02afea80e8207e
7693 12 0 9 11 11 4908fcf10a10bfee00afca84a84e840fc
7696 12 0 9 11 11 4108fee82a7ca00e00afea28a28e4a18e
7699 12 0 9 11 11 20cf7024077ea482887fc4047fc4047fc
76a4 12 0 9 11 11 40e8f0e54bfea54e92bfea92afee920fe
76ae 12 0 9 11 11 0207fe4224207fc5044844484304c8b06
76b1 12 0 9 11 11 4087be8aa128fbe0a20b2faa0a40aafd2
76b2 12 0 9 11 11 f888be22afa843ea22fb222a3a4e2a252
76b4 12 0 9 11 11 2084bef6a5288be4227b28aa52422ad52
76bf 12 0 8 11 9 7fc4a44a44a44a44a44a44a4ffe
76c2 12 0 9 11 11 7fc040040ffe0401c00007fc4a44a4ffe
76c5 12 0 9 11 11 0407fc4444447fc0400407fc4a44a4ffe
76c6 12 0 9 11 11 110208c063f81086180007fc4a44a4ffe
76c8 12 0 9 11 11 7f81081ee3224c2b360007fc4a44a4ffe
76ca 12 0 9 11 11 208110ffe000318c060007fc4a44a4ffe
76cd 12 0 9 11 11 0407fc040ffe1002087f40007fc4a4ffe
76ce 12 0 9 11 11 0407fc444ffe0a0318c067fc4a44a4ffe
76cf 12 0 9 11 11 048ffe040ffe0281d2e0e7fc4a44a4ffe
76d0 12 0 9 11 11 1107d01181141d2e100007fc4a44a4ffe
76d1 12 0 9 11 11 11091091e9209481040007fc4a44a4ffe
76d2 12 0 9 11 11 0400a0318df60003f82087fc4a44a4ffe
76d4 12 0 9 11 11 200ffe2205245548883067fc4a44a4ffe
76d6 12 0 9 11 11 110ffe0407fc040ffe0007fc4a44a4ffe
76d7 12 0 9 11 11 44027e0922104288c60007fc4a44a4ffe
76d8 12 0 9 11 11 0403fc244224ffe24442c0007fc4a4ffe
76db 12 0 9 11 11 0247fe4207a449458a8167fc4a44a4ffe
76df 12 0 9 11 11 f7e942f7e942f7e0821067fc4a44a4ffe
76e5 12 0 9 11 11 240c469d2ce6952cc60007fc4a44a4ffe
76ee 12 1 9 9 11 ff8808808ff8808808808ff8808808ff8
76ef 12 0 9 11 11 f7e908908f08908908f08908908f08038
76f1 12 0 9 11 11 e7ca10a10e10a10afee10a10a10e10070
76f2 12 0 9 11 11 040ffe4004007fc2083f82083f82083f8
76f4 12 0 9 11 11 0407fc0403f82083f82083f8208208ffe
76f8 12 0 9 11 11 27e242fc227e2427426c2a7e24224227e
76f9 12 0 9 11 11 e10afea10e92a92a92efea10a10e1200e
76fc 12 0 9 11 11 e48a48a84e84b02afce44a44a84e84118
76fe 12 0 9 11 11 7fc4207fe4205fc5045fc5045fc5049fc
7701 12 0 9 11 11 24844484a0501fce043fc2043fc2043fc
7704 12 0 9 11 11 efea10a10e9ea92a92efea02a02e0200c
7707 12 0 9 11 11 e10a10a94e92a92b10e12a04a08e300c0
7708 12 0 9 11 11 e10a10afee92a92a10e28a28a4ae4a08e
7709 12 0 9 11 11 7fe4227fe4005fe5025fe5025fe5029fe
770b 12 0 9 11 11 7fc0407fc080ffe2047fca043fc2043fc
770d 12 0 9 11 11 efea80aa4e94a94a88e88a94aa4e800fe
7719 12 0 9 11 11 e20a20a44e84bfaa02efca84a84e840fc
771a 12 0 9 11 11 4407fc8407fc040ffe2083f82082083f8
771f 12 0 9 11 11 0407fc0403f82083f8208208ffe208c06
7720 12 0 9 11 11 efea82a82efea90a90efea90a88eaa0c6
7722 12 0 9 11 11 3bcca42ac122ffe2083f82083f82083f8
7726 12 0 9 11 11 090e90a92ef4a98a90e90a90a92ef238e
7728 12 0 9 11 11 e06af8a20e10afea02e04a08a10e6009e
7729 12 0 9 11 11 e20a10afee10a20a44ef8a10a24e440fa
772d 12 0 9 11 11 e10a7ca10e10afea00e10a7ca10e100fe
772f 12 0 9 11 11 e10a92a54e10afea10e38a54a92e10010
7735 12 0 9 11 11 e10a3eac2e24a18ae0e3eac2a24e180e0
7736 12 0 9 11 11 efea80abee88a88abee88a88abee800fe
7737 12 0 9 11 11 2482507fc110ffe2087fca0a3f82083f8
7738 12 0 9 11 11 e20a44afae00a50a7ee90a10afee10010
773a 12 0 9 11 11 e28a28aaae6ca28a28e6caaaa28e4a18e
773c 12 0 9 11 11 efca84afce84a84afce92a94a88ea40c2
7740 12 0 9 11 11 110ffe0807fc100ffe204604bfc2043fc
7741 12 0 9 11 11 e40a78a88efca14bfee14afca10e10070
7747 12 0 9 11 11 e44a28afee12afea90efea32a52e96010
7750 12 0 9 11 11 e10afea10e92a54afee10a38a54e92010
7751 12 0 9 11 11 e10a28a44f82a7ca00ea2a54a54e080fe
775a 12 0 9 11 11 efea88a88ebea88afee88a88abee8817e
775b 12 0 9 11 11 e10afca10efca10bfee84afca84efc084
7761 12 0 9 11 11 e0ca70a10efea54afee54a54afee1007c
7762 12 0 9 11 11 e50a48afef88afea88e88afea88e880fe
7763 12 0 9 11 11 2003be222f94608ab67fc4047fc4047fc
7765 12 0 9 11 11 e20afea92efea92afee28a48afee08008
7766 12 0 9 11 11 e10afea10ffea28a2aecea10afee101fe
7768 12 0 9 11 11 e20acea82eeea82a82efea28a2ae4a18e
776b 12 0 9 11 11 e20bfea24ffea24afce20abcaa0f6011e
776c 12 0 9 11 11 e06af8a22e92a44a10efea38a54e92010
7779 12 0 9 11 11 e20afaa24e28bfea20e7cac4b7ce4407c
777d 12 0 9 11 11 eeaa2caaae44a7ca92e10afea28e44182
777e 12 0 9 11 11 1007fc4a47fc040ffe1107fc040ffe040
777f 12 0 9 11 11 0f8080ffe8025f48a23f8e0e3f82083f8
7780 12 0 9 11 11 79011efe45549883367fc4047fc4047fc
7784 12 0 9 11 11 e44afea44e00afea92e92afea92e920fe
7785 12 0 9 11 11 e28ac8a4ae5abeca48ec8af4b54e54062
778c 12 0 9 11 11 e10afea10efea20a44efaa00afeeaa1fe
778d 12 0 9 11 11 e50a96a92ed6a92afee10afea44e381c6
778e 12 0 9 11 11 e10afea92e7ca10a7ce10afea44e4407c
7791 12 0 9 11 11 efea82a7ce44a7ca44e7ca10afee44082
7792 12 0 9 11 11 e44afea44efea28afeeaaaaaad6e82086
779f 12 0 9 11 11 efea28afeeaaafea00e7ca00afee540b2
77a0 12 0 9 11 11 e92a54afee82a7ca44e7ca10a7ce100fe
77a2 12 0 9 11 11 110ffe1107fc4a4ffea0a2083f82083f8
77a5 12 0 9 11 11 aa0fbeae4f98af64047fc4047fc4047fc
77a7 12 0 9 11 11 e48afeb88efea88afee88afea00eaa0aa
77a9 12 0 9 11 11 efea82afee88abeaaaebea88afef4a15e
77aa 12 0 9 11 11 eeaa2caaae44a7ca82e7ca44a7ce280fe
77ac 12 0 9 11 11 0fee52a54ffea82af4e9eaf4b14e3e0c4
77b0 12 0 9 11 11 ee8a28beeeb2aeaaaaeeaaaaae4faa032
77b3 12 0 9 11 11 e10afca48ffea94afce94a94bfee101fe
77b5 12 0 9 11 11 e92a54afee54a92a44e7ea94a54e2e1c4
77bb 12 0 9 11 11 e78a88bfeea4ac2a88efea80abeea213e
77bd 12 0 9 11 11 fc823ef888bef9252cffe4047fc4047fc
77bf 12 0 9 11 11 fbe8a2fbe8a2fbe2207fec207fc4207fe
77cd 12 0 9 11 11 7bc4a47bc4a47387fcc207fe2081f0e0e
77d7 12 0 9 11 11 0407fc208248ffe110ffe4a47bc4a4ffe
77db 12 0 9 11 11 7fc008190060ffe0c2144248c400401c0
77dc 12 0 9 11 11 f900a8544202f9028877e602a04208610
77e2 12 0 9 11 11 2003fc440840040ffe0400a0110208c06
77e3 12 0 9 11 11 1002087f42003fc440040ffe0a0318c06
77e5 12 0 9 11 11 4007de512912112fd211229225245e800
77e7 12 0 9 11 11 47a70aa0a27a242f4227a20a50a50a832
77e9 12 0 9 11 11 47e740a4027e242f4224227e54054087e
77eb 12 0 9 11 11 40c770a102fe228f442a6224524544884
77ec 12 0 9 11 11 410754a542542baf9221027c5105108fe
77ed 12 0 9 11 11 4fe700a7c244244f7c2002445245288fe
77ee 12 0 9 11 11 40e770a102fe254f922202fe5245388c6
77f3 12 0 9 11 11 ffe0800801001003fc604a042042043fc
77f6 12 0 9 11 11 f78248248448748d4854854854a74a08e
77f8 12 0 9 11 11 f7c210210410710dfe510510510710010
77fd 12 0 9 11 11 020fbe22222225278ac84484488790060
77fe 12 0 9 11 11 f78248248448768d5854854854a74a08e
77ff 12 0 9 11 11 f0827e240440740d40540540540740080
7800 12 0 9 11 11 f7c20821042077ed2a54a59251272204c
7801 12 0 9 11 11 f7c204224424724d3e50250257a70201c
7802 12 0 9 11 11 f10210254452752d905125045087300c0
7809 12 0 9 11 11 040ffe0407fc040ffe1003fc604a043fc
780c 12 0 9 11 11 f5e24a24a4ea74ad4a54a56a552712026
780d 12 0 9 11 11 f4024027e442794d10510528528744082
7811 12 0 9 11 11 f7e22422444477ed1451452452474400c
7812 12 0 9 11 11 f4824824844a76cd4854854854a75a06e
7814 12 0 9 11 11 f7e224224424724dfe524524544744084
7816 12 0 9 11 11 f1027c2104107fed2057c504528710008
7817 12 0 9 11 11 e204fe440890e90afea10a10afee10010
7818 12 0 9 11 11 f1027e210452752d5257e51051071200e
781a 12 0 9 11 11 f7c244254454754d5455451052a74a08e
781c 12 0 9 11 11 efc4844cc8ace94a94aacaacac4e86102
781d 12 0 9 11 11 f1021027c410710dfe52054454479a0e2
781f 12 0 9 11 11 f4024027e4a0720d3e52052053e720020
7823 12 0 9 11 11 f102fe282440744d4857054054274203e
7825 12 0 9 11 11 f06278248448748d7e54854454475206a
7826 12 0 9 11 11 220bbea20be2e1e000ffe1003fce043fc
7827 12 0 9 11 11 f1021021e410710d1057e54254274207e
7829 12 0 9 11 11 e284284fe82aefeaa8afea2aa2ae4e188
782c 12 0 9 11 11 f202102fe400744d445245245287080fe
782d 12 0 9 11 11 f062f822041077ed0250450851076009e
7830 12 0 9 11 11 efe210292454710dfe510510510710010
7834 12 0 9 11 11 f0827e24a44877ed425625545487540a2
7837 12 0 9 11 11 e104104fe892e92afea92a92afee10010
7838 12 0 9 11 11 efe4884888beeaaaaaaaaaaea88e880fe
7839 12 0 9 11 11 f442fe244400744d445285285107280c6
783a 12 0 9 11 11 f7e24027e450750d5e5525525527520a6
783b 12 0 9 11 11 088ffe128232cde000ffe1003fce043fc
783c 12 0 9 11 11 f10228244482700d7c5105105107100fe
783e 12 0 9 11 11 e0c470440890e90afea10a54a52e92030
7840 12 0 9 11 11 e10492492892efea10a10a92a92e920fe
7845 12 0 9 11 11 f1027c21041077ed0051057c5107100fe
7847 12 0 9 11 11 f0821027e442766d5654a54a55676207e
784c 12 0 9 11 11 f2023c2444a8710d285c657c54474407c
784e 12 0 9 11 11 ff24aa4aa8aaeaabfaaaaaaaaa2ea212e
7850 12 0 9 11 11 efe4824ba882ebaaaaaaaaaaabae82086
7852 12 0 9 11 11 efe4284288feeaaaaaaaaaaeac2e820fe
7855 12 0 9 11 11 f7e21027e442752d52552552528744082
7856 12 0 9 11 11 f102fe210492754d105fe510528744082
7857 12 0 9 11 11 f202262f842471ade65005fe52874a08e
785d 12 0 9 11 11 e924544108fee82afea82afea82e82086
786a 12 0 9 11 11 e2c5ca4489fee48a4aa6abc4a44e4a0d2
786b 12 0 9 11 11 f102fe2204447fad00554554554754096
786c 12 0 9 11 11 efe4104fe892efea92afea50a20e5018e
786d 12 0 9 11 11 f442fe244410708dfe54054054074007e
786e 12 0 9 11 11 f2023c2444fe752d7e55257e552752096
7877 12 0 9 11 11 f1022824448277cd005a25545547080fe
787c 12 0 9 11 11 eee4aa4aa8eeeaaaaaaeeaaaaaaeaa176
7887 12 0 9 11 11 f102fe28240077ed1055055e5507b008e
7889 12 0 9 11 11 f7e25227a45277ad4257a56a57a742086
788c 12 0 9 11 11 07ef442fc2082fe708d6a50c52a54a798
788d 12 0 9 11 11 f7c24427c44477cd005fe5085fe748018
788e 12 0 9 11 11 f102fe200444744daa5105fe510710010
7891 12 0 9 11 11 f2027e25247e752d7e5285485fe708008
7893 12 0 9 11 11 f2822827e4c877ed4854857e54874807e
7897 12 0 9 11 11 e104fe482840e6eaaaaaab6ea28e4a08e
7898 12 0 9 11 11 e284fe4aa8aaefeaaaaaabfea00e44182
789a 12 0 9 11 11 f1027c200444728dfe50057c54474407c
789b 12 0 9 11 11 f102fe21047c710dfe5445545547280c6
789c 12 0 9 11 11 f202442fa4107fed2854459a56070c070
789f 12 0 9 11 11 f542fe25445c740d7e5105fe538754092
78a1 12 0 9 11 11 f1027c21047c710dfe5545fe55477e004
78a3 12 0 9 11 11 f7c24427c44477cd2057e58a55677a006
78a5 12 0 9 11 11 e104fe4828fee80afeaaaaaaafeeaa12a
78a7 12 0 9 11 11 010fbe222fbe222ffe1003fc604a043fc
78b0 12 0 9 11 11 f442282fe428728d285aa56c5287280fe
78b1 12 0 9 11 11 f0a20a27e44877ad4a57a55457474a092
78b2 12 0 9 11 11 f102fe2444287fed9257c55455475c010
78b3 12 0 9 11 11 e924924fe880ffea88aaaacca88f14062
78b4 12 0 9 11 11 f102fe25449277cd4457c54457c7000fe
78b9 12 0 9 11 11 f102fe28247c700d7c54457455c7000fe
78be 12 0 9 11 11 efe4824fe894efea94afeaa8aaaea4132
78c1 12 0 9 11 11 e444284fe844e44a88aeea44a88eaa0ee
78c5 12 0 9 11 11 f102fe2444fe782d105fe52053e74208c
78c9 12 0 9 11 11 f7c2442284fe7aad445aa5105fe754092
78ca 12 0 9 11 11 ffe1003fc604bfc000fbe20879ecb279e
78cb 12 0 9 11 11 f2427e20847e708d7e51053e54878803e
78d0 12 0 9 11 11 23c7a44c66bc4a4f984a4ffe104304dfc
78d4 12 0 9 11 11 f4427e29445472edc45105fe538754092
78d5 12 0 9 11 11 e104fe4109fee20a44afaa00afeeaa1fe
78e8 12 0 9 11 11 0207fe4887fe5dc6aa7fe4404fe582afe
78ec 12 0 9 11 11 fbc224ffeaa4f98824ffe1003fce043fc
78f2 12 0 9 11 11 f5e23029e45271ed5059e5105fe754092
78f4 12 0 9 11 11 f6a22c2aa44477cd8257c54457c7280fe
78f7 12 0 9 11 11 f922542fe454792d4457e59455472e0c4
78fa 12 0 9 11 11 f2827c2284fe710d7c55457c55477c0c6
7901 12 0 9 11 11 f2827e2c847e748d7e54857e5007aa0aa
7905 12 0 9 11 11 e485f84ae8eae12aeaa2aa7abc4e4a0d2
7913 12 0 9 11 11 ffe25427c45477cd005fe55457c7540fe
791e 12 0 9 11 11 f242fe2244fe782d7c51052a5dc72a0d8
7924 12 0 9 11 11 f442fe24446e7aad445ba5005fe7540b2
7934 12 0 9 11 11 e485fe448914efeb54afca54afef4412c
793a 12 0 9 11 11 7fc000000ffe0400402482444428421c0
793b 12 0 9 5 11 4020f010203068a0202020
793c 12 0 9 11 11 420220f201202203206a0a2022222221e
793e 12 0 9 11 11 410210f1011027c310690a102102102fe
7940 12 0 9 11 11 8fc484e842844846fcd8048048248247e
7941 12 0 9 11 11 43e222fa20a4124222722aa222c220220
7946 12 0 9 11 11 27e210f101101fe210610b10228244282
7948 12 0 9 11 11 40c270f4014027e3486c8a48248248288
7949 12 0 9 11 11 810410e1029049e690d904904904905fe
7953 12 0 9 11 11 848444efe24044067cd444444a849056e
7956 12 0 9 11 11 47c244f4417c2443446fca442442442fe
7957 12 0 9 11 11 80c4f0e902904906fed9048848a4a64d2
795a 12 0 9 11 11 420220f3e15029021e710a9021e210210
795b 12 0 9 11 11 810410e7c2104106fed2044444449a4e2
795c 12 0 9 11 11 810410efe210410610d7c44444444447c
795d 12 0 9 11 11 8fc484e842844846fcd4844844a48a50e
795e 12 0 9 11 11 810410efe2924926fed924924fe410410
795f 12 0 9 11 11 4447fc842ffe0007fc000ffe040248cc6
7960 12 0 9 11 11 47e202f7a10227a34a6caa4a27a20220e
7962 12 0 9 11 11 84047ee42292410654d54492492410430
7965 12 0 9 11 11 844428efe21041067cd104104fe410410
7967 12 0 9 11 11 828428eaa26c428628d6c4aa42844a58e
7968 12 0 9 11 11 ffe0a07fc4a47fc0007fc000ffe248cc6
796d 12 0 9 11 11 4207beaa2514208df60007fc040248cc6
796f 12 0 9 11 11 81041ee102fe482692d92492428444482
7977 12 0 9 11 11 8104fee102fe4206fed444fe54442440c
7978 12 0 9 11 11 87c444e4427c4106fed924aa4c6482486
797a 12 0 9 11 11 8444fee4427c44467cd444fe400444482
7980 12 0 9 11 11 040ffe5145f44047fc000ffe040248cc6
7981 12 0 9 11 11 208fbe71caaa2087fc000ffe040248cc6
7984 12 0 9 11 11 87c404e7c2044fe410e925544384544b2
7985 12 0 9 11 11 844428efe2924fe692dfe4104fe410410
798a 12 0 9 11 11 45e5eae4a3ea2524f6650dfe428444582
798f 12 0 9 11 11 8fe400e7c24447c600dfe4924fe4924fe
799a 12 0 9 11 11 844428efe21041067cd104fe40045448a
79a7 12 0 9 11 11 4102fef1017c24427c728afe24424427c
79b3 12 0 9 11 11 8105feeaa2ee4446fed444fe42a5d4462
79b9 12 0 9 11 11 03c7c00407fc4447fc040ffe852bea806
79ba 12 0 9 11 11 7fc4447fc4447fc040ffe842852bfa806
79bb 12 0 9 11 11 040ffe1104e45147fc040ffe912bea806
79bd 12 0 9 11 11 0e0318c467fc1104a47fc080ffe912bea
79be 12 0 9 11 11 03c7c0040040ffe0e0150248444842040
79c0 12 0 9 11 11 7fc040ffe150248c467f810810e202c1c
79c1 12 0 9 11 11 190e10210210f902207246a4a4224e2f2
79c3 12 0 9 11 11 03c7c0040ffe150248df6110110212c1e
79c6 12 0 9 11 11 17ce10210210f102fe610710a10210210
79c9 12 0 9 11 11 03c7c0040ffe044ffe0447fc150248c46
79cb 12 0 9 11 11 110e10252252e94210610728a28244282
79cd 12 0 9 11 11 110e102fe292f922926fe710a10210210
79d1 12 0 9 11 11 104e24214204f4422460671ca64204204
79d2 12 0 9 11 11 110e10254252f52290612704a082302c0
79d5 12 0 9 11 11 148e4824824af6c248648748a4a25a26e
79d8 12 0 9 11 11 120e12202224f242a86aa732a2026229e
79df 12 0 9 11 11 17ce4424427cf4424467c744a442442fe
79e3 12 0 9 11 11 110e102fe210f1027c610738a54292210
79e4 12 0 9 11 11 1fee10292254f102fe610710a10210210
79e6 12 0 9 11 11 0407fc0807fc100ffe2e8444bfa15064c
79e7 12 0 9 11 11 110e1027c254f542546fe710a28244282
79e9 12 0 9 11 11 150e5027c290f102106fe710a28244282
79eb 12 0 9 11 11 114e122102fef10238638754a54292210
79ef 12 0 9 11 11 17ce44244244f4427c600700a28244282
79f0 12 0 9 11 11 140e7e242292f10254754692a92210230
79f8 12 0 9 11 11 110e102fe210f1027c60077ca4424427c
79fb 12 0 9 11 11 110e3e2c2224f182e063e6c2b242182e0
79fd 12 0 9 11 11 192e922fe220f402fe742624a142182e0
7a00 12 0 9 11 11 166e18266210f7e22867e6cab4a24e208
7a02 12 0 9 11 11 110e7e24227ef4227e64874aa44254262
7a03 12 0 9 11 11 10cef02a2254f7c2087106fea10210270
7a06 12 0 9 11 11 17ce44244244f7c2006fe782a822822fe
7a0b 12 0 9 11 11 17ce4424427cf002fe61077ca102102fe
7a0d 12 0 9 11 11 192e542102fef822fe6827fea82282286
7a0e 12 0 9 11 11 144e2827c244f4424467c728a2a24a28e
7a14 12 0 9 11 11 110e28244292f0827c604708a502c433a
7a17 12 0 9 11 11 120efe2922fef922fe628748afe208208
7a1a 12 0 9 11 11 128e2827e2c8f7e24864877ea4824827e
7a1e 12 0 9 11 11 17ee4a27e24af7e2086fe718a2c2ca208
7a20 12 0 9 11 11 17ee5227a252f7a24267a76aa7a242286
7a23 12 0 9 11 11 406738908f88afef88a98fac04a188e08
7a33 12 0 9 11 11 13ce442fe202ffe2026fe720a542ca37a
7a37 12 0 9 11 11 1fee922fe292ffe2286c663cac4a383c6
7a39 12 0 9 11 11 110efe21027cf4427c644744afe244282
7a3b 12 0 9 11 11 106ef8222294f202ce6826eeb822822fe
7a3c 12 0 9 11 11 110efe28227cf1022a6dc728adc22a2d8
7a3d 12 0 9 11 11 194efe2282cef7824267e700a7ea4227e
7a3f 12 0 9 11 11 110efe24427cf002fe6827baaaa2ba286
7a46 12 0 9 11 11 1a0efe2822fef102546b270ca72a0c2f0
7a51 12 0 9 11 11 110efe254210ffe2006fe782aba2aa2fe
7a57 12 0 9 11 11 110efe25427cf5427c6146fab102a42ba
7a70 12 0 9 11 11 110efe2aa2eef442fe6446feb2a2d4262
7a74 12 0 9 11 11 080040ffe802802110110208208404802
7a76 12 0 9 11 11 040ffe912208c860807f808810a20ac0e
7a77 12 0 9 11 11 040ffe912208c86080ffc084104204c18
7a79 12 0 9 11 11 040ffe912208dfe0047fc4007fe00203c
7a7a 12 0 9 11 11 040ffe802110208c067fc040040040ffe
7a7f 12 0 9 11 11 040ffe9122087fc2104107fe090310c30
7a81 12 0 9 11 11 040ffe912208c56048ffe0400a0318c06
7a83 12 0 9 11 11 040ffe91260c0004fe722c2254264208c
7a84 12 0 9 11 11 040ffe91260c1001fe280cfc0800fc080
7a86 12 0 9 11 11 040ffe91260c3f8040ffc0181e06009fe
7a88 12 0 9 11 11 040ffe91260c21041097ee122124a2f4c
7a8d 12 0 9 11 11 040ffe912208f7e22024027e202302c1c
7a91 12 0 9 11 11 040ffe9122083fc440040ffe0404447fc
7a92 12 0 9 11 11 040ffe91260c0007fc0801087f4040ffe
7a95 12 0 9 11 11 040ffe91260c120924528330d2c222c3e
7a96 12 0 9 11 11 040ffe91264c3f8440ffe0007fc4047fc
7a97 12 0 9 11 11 040ffe8a273c0407fc4947244e45147fc
7a98 12 0 9 11 11 040ffe8a21207fc088ffe0883fce043fc
7a9c 12 0 9 11 11 040ffe912208c463f82487fc4447fc040
7a9d 12 0 9 11 11 040ffea0a7fca0a3f80407fc4a471c404
7a9f 12 0 9 11 11 040ffe9122087fe4027fe5245fca22bfe
7aa0 12 0 9 11 11 040ffe9127fc4447fc444ffe150248c46
7aa5 12 0 9 11 11 040ffe91260827cf44254f5421052a8ce
7aa6 12 0 9 11 11 040ffea4a5f4040ffe5222a0ffe088f06
7aa8 12 0 9 11 11 040ffe91264c3f8110ffe2083f82083f8
7aac 12 0 9 11 11 040ffe9126ec318df60007d44547d444c
7aad 12 0 9 11 11 040ffe912248ffe15064cffe1081f0e0e
7ab3 12 0 9 11 11 040ffe91228af3caaaaaaaaaaaabae6da
7abf 12 0 9 11 11 040ffe912208e3cac4c38ad6a7ce908fe
7acb 12 0 9 11 11 080040ffe000208208108110110020ffe
7ad6 12 0 9 11 11 17e9429249189661000407fc208110ffe
7ad9 12 0 9 11 11 410210f9e01091051057e2423c2c4207e
7ade 12 0 9 11 11 0407fc110ffe0003f82083f8110212c1e
7adf 12 0 9 11 11 0407fc110ffe2083f82083f8110212c1e
7ae0 12 0 9 11 11 0407fc110ffe2083f82083f8040ffe040
7ae3 12 0 9 11 11 424444ffe228a2aac6a3cac4248f380c6
7ae5 12 0 9 11 11 0407fc110ffe2483f82482487fc040ffe
7ae6 12 0 9 11 11 8105fee100fea92a92afe438654992010
7aed 12 0 9 11 11 8fc484efc084afca40afe5126aa8fa006
7aef 12 0 9 11 11 892492efe000afea10afe4aa6aa8aa086
7af9 12 0 9 11 11 2102103de52494410410410410410411c
7afa 12 0 9 11 11 4207be9480000007fc000000000000ffe
7afd 12 0 9 11 11 4207be9480007fc040040ffe0400401c0
7aff 12 0 9 11 11 4207be9480007fc040040ffe040040040
7b03 12 0 9 11 11 4207be9487f80082083fe002ff200201c
7b04 12 0 9 11 11 4207be9480007fc110110ffe110210c10
7b06 12 0 9 11 11 4207be9480007fc4444447fc4004023fe
7b08 12 0 9 11 11 4207be9487f820821023c304288470b8e
7b0a 12 0 9 11 11 4207be9480007fc448448448444444842
7b0b 12 0 9 11 11 4207be9487fc044ffe0447fc080300c00
7b0f 12 0 9 11 11 4207be9482003fe49289211212222244c
7b11 12 0 9 11 11 4207be94800003c7c0040ffe0a0318c06
7b14 12 0 9 11 11 4207be94807c7800fc7800fef8008207e
7b15 12 0 9 11 11 4207be9480007fc4044444440a0122e3e
7b19 12 0 9 11 11 4207be9484407fc4408407fc040040ffe
7b1b 12 0 9 11 11 4207be9480407fc4444447fc4444447fc
7b1e 12 0 9 11 11 4207be948080108ffc0023f82082083f8
7b20 12 0 9 11 11 4207be948040ffe000208108110020ffe
7b24 12 0 9 11 11 4207be9487fc0841046180007fc4047fc
7b25 12 0 9 11 11 4207be9487fc0047f40043e42243e401c
7b26 12 0 9 11 11 4207be9482002084fec08488448408438
7b28 12 0 9 11 11 4207be948000040ffe0e0150248df6040
7b2a 12 0 9 11 11 4207be9480007fc4047fc4047fc000ffe
7b2c 12 0 9 11 11 4207be9487fc0447fc4407fe142242c4c
7b2e 12 0 9 11 11 4207be9482003fe4808fc0800fc080080
7b31 12 0 9 11 11 4207be9482003fe402bf22122123f200c
7b33 12 0 9 11 11 4207be948200fde25225225245245299e
7b38 12 0 9 11 11 4207be9480007fc4005f85085f84007fc
7b3a 12 0 9 11 11 4207be94804407efc007efc40280f2f0e
7b3c 12 0 9 11 11 4207be948090088ffe0a0128130262cbe
7b45 12 0 9 11 11 4207be9482403fc440040ffe110212c1e
7b49 12 0 9 11 11 4207be9487fc040ffe008ffe108088038
7b4b 12 0 9 11 11 4207be9480107904fe7924927a24a29cc
7b4c 12 0 9 11 11 4207be9480a0318c063f80407fc040ffe
7b4f 12 0 9 11 11 4207be9482102124fec104144084344c2
7b50 12 0 9 11 11 4207be9480007fc4005fc4205fc4207fc
7b51 12 0 9 11 11 4207be948000f7c224264234324c44186
7b52 12 0 9 11 11 4207be9487fc4045f44045f45145f440c
7b54 12 0 9 11 11 4207be9480e0318df60007fc4044047fc
7b56 12 0 9 11 11 4207be948ffe0407fc44444c0e0358c46
7b5a 12 0 9 11 11 4207be9484247b84205a461c040ffe040
7b5b 12 0 9 11 11 4207be9480002fea10afea92292496810
7b5d 12 0 9 11 11 4207be9482107fc044ffe0447fc0401c0
7b60 12 0 9 11 11 4207be94842047ee8247240243aec200c
7b62 12 0 9 11 11 4207be9480004fee924926fec80482c7e
7b6e 12 0 9 11 11 4207be9480007fc2482485548e2040ffe
7b71 12 0 9 11 11 4207be94822043ed24544554514518466
7b72 12 0 9 11 11 4207be9480004442487fc4047fc40441c
7b75 12 0 9 11 11 4207be948006ef821049ee90afe6009fe
7b77 12 0 9 11 11 4207be94821027ca14b14afe2102282c6
7b79 12 0 9 11 11 4207be9480407fc080ffe1083fe488858
7b7b 12 0 9 11 11 4207be948ffe4447fc4447fc240180e7e
7b7e 12 0 9 11 11 4207be9480a0318df6004488248010ffe
7b80 12 0 9 11 11 4207be9485fc0045f45145f45145f440c
7b85 12 0 9 11 11 4207be9487fc4447fc444ffe208208408
7b8d 12 0 9 11 11 4207be9480002fef882be3aaeae2886fe
7b90 12 0 9 11 11 4207be9480407fc040ffe2083f8208218
7b94 12 0 9 11 11 4207be9484202fe8824820fe2824828fe
7b95 12 0 9 11 11 4207be948208ffe2083f8208ffe208c06
7b97 12 0 9 11 11 4207be9487fc4047fc4047fc110ffe210
7b9c 12 0 9 11 11 4207be948040ffe91260c3f8040040ffe
7b9d 12 0 9 11 11 4207be948000244ffe24437ce4424467c
7ba1 12 0 9 11 11 4207be948ffea0a3f82003fc2042043fc
7ba2 12 0 9 11 11 4207be948040ffea023bc4a4aac122e1e
7ba6 12 0 9 11 11 4207be9487fc040ffe2082482480a071c
7ba7 12 0 9 11 11 4207be9487fc4205fc4a85fc4504887fc
7ba8 12 0 9 11 11 4207be9480004fce444386c6c104fec10
7ba9 12 0 9 11 11 4207be9487fc4a47fc0801fc6480303c0
7baa 12 0 9 11 11 4207be9502081107fc4447fc444ffe040
7bab 12 0 9 11 11 4207be9487fc044ffe0447fc4444e4954
7bac 12 0 9 11 11 4207bea48110ffe110ffe1003fc604bfc
7bad 12 0 9 11 11 4207be948210ffe0007d44547d44544cc
7bb1 12 0 9 11 11 4207be94800023efa223e7226bea2223e
7bb4 12 0 9 11 11 4207be9480147fe4105d24145c854a9d6
7bb8 12 0 9 11 11 4207be9480827f4088ffe2047fca043fc
7bc1 12 0 9 11 11 4207be9480803f82083f82087fc040ffe
7bc6 12 0 9 11 11 4207be9481f8210ffe1486501a8e260c0
7bc7 12 0 9 11 11 4207be9487fe4027fe4005fe54a5fe94a
7bcc 12 0 9 11 11 4207be9482fc2045fec905104fe4285c6
7bd1 12 0 9 11 11 4207be9487fc444ffe0007fc4441b0e0e
7bd3 12 0 9 11 11 4207bea48150ffe15064cffe1081f0e0e
7bd9 12 0 9 11 11 4207be948ffe2083f8000ffe9129f2806
7bda 12 0 9 11 11 4207be9480007fc4505dc4505dc4507fc
7bdd 12 0 9 11 11 4207be9487fc110ffe4447fc444ffe404
7be1 12 0 9 11 11 4207be9487fc4047fc404ffe288d163e8
7be5 12 0 9 11 11 4207be948ffe4a44a47fc040ffe248c46
7be6 12 0 9 11 11 4207bea487fc4a45147fc4207bc422f9e
7bea 12 0 9 11 11 4207be9487fc5205385e253e54854aa8e
7bee 12 0 9 11 11 4207bea4812093e9489047fc4a44a4ffe
7bf1 12 0 9 11 11 4207be948ffe1104e4514ffe912bea806
7bf7 12 0 9 11 11 4207be94407898847018ec205fc420bfe
7bfe 12 0 9 11 11 4207be9487fc4a47fc0247fe42861296e
7c07 12 0 9 11 11 4207be94847efa043e74897e908114662
7c0c 12 0 9 11 11 4207be948110fde112fea948fc8394d62
7c16 12 0 9 11 11 4207be948006d78ba0ffe924ba4d64fc4
7c1f 12 0 9 11 11 4207be948ffe4a47fc2083f8208ffe040
7c26 12 0 9 11 11 4207be9487a48aa5143f860cbfa110ffe
7c27 12 0 9 11 11 4207be9507fc110ffe4447fc4447fcc06
7c2a 12 0 9 11 11 4207be948fbe924fbe5149267fc4047fc
7c38 12 0 9 11 11 4207be9484befea4a87be4b2fea4a485a
7c3f 12 0 9 11 11 4207be9488245fe0a48fc4a41fe44482c
7c40 12 0 9 11 11 4207be9480205def2a5fe692cfe492cfe
7c41 12 0 9 11 11 4207be94821cfa427efa2aaafaa714aa2
7c4d 12 0 9 11 11 4207be948224f7e224f7e24277ea4227e
7c73 12 0 9 11 11 444248150040ffe0400e0150248c46040
7c74 12 0 9 11 11 1c00a0318c06040444248ffe150248c46
7c7b 12 0 9 11 11 444248ffe0e0358c46040ffe0a0318c06
7c7c 12 0 9 11 11 210b10610292f92292692792a922922fe
7c7d 12 0 9 11 11 27cb04608210f102fe610710a10210270
7c89 12 0 9 11 11 228b28644244f8227c624724a44244298
7c91 12 0 9 11 11 2feb92692292f922fe680780a8228227e
7c92 12 0 9 11 11 220b106fe200f44244624724a282082fe
7c95 12 0 9 11 11 208b1067e242f4224267e742a4224227e
7c97 12 0 9 11 11 27cb4464427cf4424467c744a442442fe
7c98 12 0 9 11 11 210a9071e210f9021067e742ac224227e
7c9c 12 0 9 11 11 4447fc040842ffe444248ffe150248c46
7c9d 12 0 9 11 11 2feb806fe290f9029e692792aa22a234c
7c9e 12 0 9 11 11 2feb286282fefaa2aa6aa7aeac22822fe
7c9f 12 0 9 11 11 ffe0a07fc4a44a47fc248ffe150248c46
7ca2 12 0 9 11 11 040e7e092290428a46148ffe0d0348c46
7ca4 12 0 9 11 11 0807fc5547fc55464cffe2003fc004038
7ca5 12 0 9 11 11 e4e3522e2e4e9f8848e4e2e2352242c4c
7caa 12 0 9 11 11 444248ffe150e4e1107fc110ffe208c06
7cae 12 0 9 11 11 210b7e64227ef4227e64874aa44254262
7cb1 12 0 9 11 11 27c914456294424a4c150ffe0d0348c46
7cb2 12 0 9 11 11 3be2023a4c98366e48150ffe0d0348c46
7cb3 12 0 9 11 11 2feb106fe292ffe2926fe750a2025028e
7cb9 12 0 9 11 11 210afe700244f442aa6106feb10210210
7cbc 12 0 9 11 11 92a54afea5549144687f495454a2eac4a
7cbd 12 0 9 11 11 210afe782200f7c2006fe710a54292230
7cbe 12 0 9 11 11 210b7c61027cf102fe64477ca4427c244
7cc1 12 0 9 11 11 220b446fa210f7e22864479aa6020c270
7cc5 12 0 9 11 11 27cb086fe232f542b06106feb38254292
7cc7 12 0 9 11 11 25cb446be290f9e2a86887bea882942a2
7cc8 12 0 9 11 11 2feb1265c250fbe24467c744a7c24424c
7cca 12 0 9 11 11 24ea4a7fa24ef4a24a6ee7aaaaa2aa2f6
7ccc 12 0 9 11 11 288aec7aa248fbe2006fe782afe2822fe
7ccd 12 0 9 11 11 244a48afe224f482926fe724a48a922fe
7cd5 12 0 9 11 11 244b286fe210f1027c6106feb0025428a
7cd6 12 0 9 11 11 210afe7882bef8a2fe68a7beaa22a233e
7cd7 12 0 9 11 11 220afe7822fef822fe6146feb102282c6
7cd9 12 0 9 11 11 294b5e624204fde24065e752a5e2a029e
7cdc 12 0 9 11 11 0207fe4887fe5dc6aa5244a87fe4a8b26
7cdf 12 0 9 11 11 228afe7282fefaa2fe6aa6feb4424427c
7ce0 12 0 9 11 11 210afe7882bef8a2fe68a7beaca2ac35a
7ce8 12 0 9 11 11 2dcb5465c2c8fbe2aa6ea77ea4824a2be
7cef 12 0 9 11 11 2feb106fe292f542006fe710afe2aa2aa
7cf8 12 0 9 11 11 0801102207c0088104ffa040248c461c0
7cfb 12 0 9 11 11 01c7e00883300c0304ffa040248c461c0
7d0a 12 0 9 11 11 040ffe2081f0e0e110660184ffa248cc6
7d20 12 0 9 11 11 0407fc0403f8040ffe120244ffa248cc6
7d22 12 0 9 11 11 040ffe040ffe912660184ffa040248cc6
7d27 12 0 9 11 11 17e902924918966090124ffe040248c46
7d2b 12 0 9 11 11 220bbea20be2e3e120244ffe040444842
7d2f 12 0 9 11 11 7fc4447fc4447fc110660184ffa248cc6
7d6e 12 0 9 11 11 200fbe4a2322cbe110660184ffa248cc6
7da6 12 0 9 11 11 208ffe2083f8208ffe248494bfa1506cc
7dae 12 0 9 11 11 11079e4a47d44088963200c4ffa248cc6
7e3b 12 0 9 11 11 0207fe4887fe5dc6aa4905247fa4a8b66
7e41 12 0 9 11 11 408fee55afea5447da120244ffa248cc6
7e82 12 0 9 11 11 4207be9487fc4047fc404ffe248d562c8
7e9b 12 0 9 11 11 0407fc040ffe444ffe4884b4fda528b5a
7e9f 12 0 9 5 11 10204088f02040f80018e0
7ea0 12 0 9 11 11 202222422922e22222422f2e032302c02
7ea1 12 0 9 11 11 27c210410910e102fe410f10010310c70
7ea2 12 0 9 11 11 2fe210410910e10210410f10010310cfe
7ea3 12 0 9 11 11 20420447e904e04244424f24004304c1c
7ea4 12 0 9 11 11 20c270410910e102fe410f10010310c10
7ea5 12 0 9 11 11 44047e880a00cfc408810e20040282c7e
7ea6 12 0 9 11 11 44044087ea82d02422812e12002202c0c
7ea7 12 0 9 11 11 4fc444844a48c4e442862e54088294d62
7ea9 12 0 9 11 11 4104fe880a80c80480880e80080280d00
7eaa 12 0 9 11 11 4fc404804a04c044fc880e80082282c7e
7eab 12 0 9 11 11 27e412912f52252492822f22042344c18
7eac 12 0 9 11 11 4204209fea20cfc4209fee2202222cc20
7ead 12 0 9 11 11 47c400800a00cfe420820e4404429ace2
7eaf 12 0 9 11 11 4104fe810a92c924928fee10010212c0e
7eb0 12 0 9 11 11 488488888a8acec488888e8808a2aacce
7eb1 12 0 9 11 11 410410894a92c92510812e04008230cc0
7eb2 12 0 9 11 11 4fe482882ac6caa4928aaec6082282c86
7eb3 12 0 9 11 11 4104108fea92c924aa8aaec6082282c86
7eb5 12 0 9 11 11 248448948f482484488a8f94094322d22
7eb6 12 0 9 11 11 410428844a82c40444848e70042242c3e
7eb7 12 0 9 11 11 448448884a84d024fc844e44084284d18
7eb8 12 0 9 11 11 40c4f0890a90c904fe890e8808a2a6cc2
7eb9 12 0 9 11 11 2202104fe944e44244428f28010328cc6
7eba 12 0 9 11 11 4204109fea40c4047c844e44084284d18
7ebd 12 0 9 11 11 4fc424824a24c244fc844e44044244dfe
7ebe 12 0 9 11 11 27c204428910efe212414f10010310c70
7ebf 12 0 9 11 11 21421241e970e1021e470f1200c31ace6
7ec0 12 0 9 11 11 2442444fe944e4424447cf44044344c7c
7ec1 12 0 9 11 11 4a44a48a4bfeca44a48a4ebc080280cfe
7ec2 12 0 9 11 11 4484449fea40c4047c844e440a8290d6e
7ec3 12 0 9 11 11 4205fe8409f0e904fe810e54052292c30
7ec4 12 0 9 11 11 4fc484884afcc844848fce84084284dfe
7ec5 12 0 9 11 11 4104108fea92c924fe892e920fe210c10
7ec6 12 0 9 11 11 4fe492892a92c924fe892e92092292cfe
7ec7 12 0 9 11 11 27c244444944e4427c400f00028344c82
7ec8 12 0 9 11 11 44047c884b48c30448986e600182c0c3c
7ec9 12 0 9 11 11 44047c884a08cfe402802efe002202cfe
7eca 12 0 9 11 11 210292454910efe210410efe010310c10
7ecb 12 0 9 11 11 2282284fe92aefe2a84fef2a02a34ec88
7ecc 12 0 9 11 11 410492892a92cfe410810e92092292cfe
7ecd 12 0 9 11 11 27e212412922e4620047ef42042342c7e
7ece 12 0 9 11 11 4fe482844a38cc641087ce100fe210c10
7ecf 12 0 9 11 11 4fc404808a10c6858687ce10010210cfe
7ed0 12 0 9 11 11 210210424944efa20047ef42042342c7e
7ed1 12 0 9 11 11 44e5ea84aa4adec44a84adea04e248c88
7ed2 12 0 9 11 11 4144128fea10c524529f4e4804a296d22
7ed3 12 0 9 11 11 2102104fe910e1027c400f7c044344c7c
7ed4 12 0 9 11 11 4205fe848a84d7a4009fee4007c204c18
7ed5 12 0 9 11 11 4204268f8a24c1a4e6800efe02824ad8e
7ed7 12 0 9 11 11 45e480900a5ec84584884e84084284c8c
7ed8 12 0 9 11 11 410428844a82c7c400800efe020244cfa
7ed9 12 0 9 11 11 410428844a82c7c4008fee82082282cfe
7eda 12 0 9 11 11 4804fe902afac8a4fa88ae8a0fa202c0c
7edb 12 0 9 11 11 42043c8c4a38cc64108fee5005027ec10
7edc 12 0 9 11 11 44047c884b48c30448986efc084284cfc
7edd 12 0 9 11 11 4404788889fee924928fee80082282c7e
7ede 12 0 9 11 11 4104fe800a44c82544844e28010228cc6
7edf 12 0 9 11 11 4205fe840a44c845fa848e4804828ad0e
7ee0 12 0 9 11 11 4fe4108fea92cfe4928fee50020250d8e
7ee1 12 0 9 11 11 492454810afec824fe882efe082282c86
7ee2 12 0 9 11 11 47c44487ca00cfe4828fee820fe282c86
7ee3 12 0 9 11 11 47c4108fea38c5459287ce24026242d8c
7ee5 12 0 9 11 11 40e4f08a2a52c544208fee24068218ce6
7ee6 12 0 9 11 11 44047c884b48c305ce810efe010254cb2
7ee7 12 0 9 11 11 4884aa89ca88cbe48889ceaa088280cfe
7ee8 12 0 9 11 11 4444288fea12cfe4908fee32052296c10
7ee9 12 0 9 11 11 4105fe810afcc105fe884e94094228cc6
7eea 12 0 9 11 11 4204fa824a28dfe42087cec407c244c7c
7eeb 12 0 9 11 11 41047c810afec444a283ce440a8210cee
7eed 12 0 9 11 11 41047c810afec424a8848efe010224cc2
7eee 12 0 9 11 11 2102fe410928e442fe404f74054374c0c
7eef 12 0 9 11 11 4484489cea48c485ce848e481ce248c48
7ef0 12 0 9 11 11 41041e810afcc844fc884efc0102fec10
7ef1 12 0 9 11 11 492454810afec824ba8aaeaa0ba282c86
7ef2 12 0 9 11 11 4fc4848fca84cfc40088aeec0882aacce
7ef3 12 0 9 11 11 4f84888f8a20dfc5249fcf241fc222c1e
7ef4 12 0 9 11 11 4504488fea88dfe488888efe088288cfe
7ef5 12 0 9 11 11 4204fe882afec824fe810efe092296c10
7ef6 12 0 9 11 11 40c5f08a2a54dfe5028fce84048230dce
7ef7 12 0 9 11 11 4ee4aa8aaaeecaa4aa8eeeaa0aa2aad76
7ef8 12 0 9 11 11 4fe4928baa92cba4828baeaa0ba282d06
7efa 12 0 9 11 11 4884e892caaac484be900efe082282cfe
7efb 12 0 9 11 11 4924548fea20dfe4448fad48058242c3e
7efc 12 0 9 11 11 4104fe882a00c7c4008fee10054292c30
7efd 12 0 9 11 11 4104fe882a00cfe410850e5e0502b0c8e
7efe 12 0 9 11 11 2102fe48297ce4427c440f7e042342c7e
7eff 12 0 9 11 11 4fc4048fca04dfe410892e54038254db2
7f00 12 0 9 11 11 4ee4228aaa44caa4008eee2a0aa244caa
7f01 12 0 9 11 11 492492924a92c924008fee920fe292cfe
7f02 12 0 9 11 11 4444fe844a7cc104fe892efe0102fec10
7f03 12 0 9 11 11 45e4529f2a5ec524d2972e5e052252c5e
7f04 12 0 9 11 11 40a40a8fea88cea48a8eaea40e428ad32
7f05 12 0 9 11 11 4fe410820afecaa4ba8aaeaa0ba2aacfe
7f06 12 0 9 11 11 45055e954b62cfc484894e9401022acce
7f07 12 0 9 11 11 4fc4848fca84cfc4009fee5005e2b0d0e
7f08 12 0 9 11 11 5c854894cbdad6a5489caf421443c8c30
7f09 12 0 9 11 11 47c44487ca00cfe44487ce4405e2e4c04
7f0b 12 0 9 11 11 4104fc894afcc105fe884e94094228cc6
7f0c 12 0 9 11 11 4fe4928fea92c924fe820e540c234ac38
7f0d 12 0 9 11 11 20c2704108fee542fe454f540fe310c7c
7f0e 12 0 9 11 11 42e4ca88aaeac924e089ee921ea284c9a
7f0f 12 0 9 11 11 47e4488beaaadbe4aa8bee880a8290cae
7f11 12 0 9 11 11 45c4448bea90d9e4a8888ebe088294ca2
7f12 12 0 9 11 11 5084be822a3eda04be8a2ea20be340d3e
7f13 12 0 9 11 11 40e4f2854afec204fe840e7c0a4318ce6
7f14 12 0 9 11 11 2102fe444928efe29247cf5405435cc10
7f15 12 0 9 11 11 4924548fea38c54492820efe024238cc6
7f16 12 0 9 11 11 4104fe882afec804fe8aaeaa0fe2aad2a
7f17 12 0 9 11 11 4fe4828fea90cfe4888fee4207e242c7e
7f18 12 0 9 11 11 27e4448fcf082fe45083aecc03a2cac30
7f19 12 0 9 11 11 4fe4288aaa6ccfe40087ce4407c244c7c
7f1a 12 0 9 11 11 4144fe810afec924fe892e040fe244c2c
7f1b 12 0 9 11 11 4fe4808feaaaca44b2884efe0a4294d0c
7f1c 12 0 9 11 11 2102fe41097ce4427c444f440fe344c82
7f1d 12 0 9 11 11 51049e822a1cda24888bee880be348d3e
7f1f 12 0 9 11 11 4104fe844a7cc004fe882eba0aa2bac86
7f20 12 0 9 11 11 4104fe8aaaaacbe4aa8bee880be288d7e
7f21 12 0 9 11 11 4104fe828a92caa4fe810efe0aa2f6c82
7f22 12 0 9 11 11 4824448fea00c44482800efe0aa2aadfe
7f23 12 0 9 11 11 4444fe828afec2a4fe82aefe02826ccaa
7f24 12 0 9 11 11 4104fe88aa70c4047c848e480fe244c82
7f25 12 0 9 11 11 4fe4288feaaacfe40087ce000fe254cb2
7f26 12 0 9 11 11 47c44487ca44cfe4aa8fee44028210cee
7f27 12 0 9 11 11 4fe4928fea92cfe4288d0e240fa254cb2
7f28 12 0 9 11 11 4ee4aa8aaaaac444aa810efe024238cc6
7f29 12 0 9 11 11 4205fe902a5cc484909beea20be2a2cbe
7f2a 12 0 9 11 11 4ee4228aaa66caa438844e9a06020ccf0
7f2b 12 0 9 11 11 4544a8854afcc944fc894dfe038254d92
7f2c 12 0 9 11 11 4be4889feaa2caa5ea82adea148354de2
7f2d 12 0 9 11 11 4105fe8aaa7ccc657c844e7c010294d32
7f2e 12 0 9 11 11 4444fe810a7cc104fe854efe044244c7c
7f2f 12 0 9 11 11 4445fe912b56dfe4008fce840fc284cfc
7f30 12 0 9 11 11 5fe4948fca94cfc4009fee940fc294dfe
7f31 12 0 9 11 11 5084be82aa7ed804bc8a4ebe0a22a2d7e
7f32 12 0 9 11 11 47c44487caeecaa4ee810efe038254c92
7f33 12 0 9 11 11 4fe4aa8fea00cfe44487ce281ca254c62
7f34 12 0 9 11 11 4885e892ebf2d2a5ea84adfa0a42aad72
7f35 12 0 9 11 11 4944fe944aeec444aa8fee92092228cc6
7f36 12 0 9 11 11 4007fc440840040ffe0404444444447fc
7f38 12 0 9 11 11 43e788a08208208f88208a88a88a88fbe
7f3a 12 0 9 11 11 410790a7c214214f9427ea90a90aa8fc6
7f42 12 0 9 11 11 fbe8a2aaaaaa514aa23fc440ffe4447fc
7f44 12 0 9 11 11 fbc224ffeaa4f988247fc840ffe4447fc
7f45 12 0 9 11 11 81cf90a7e252ffc25027eaaaafea88fb8
7f50 12 0 9 11 11 42477ea2425a27ef9423eaa4afeaa4fbe
7f51 12 0 9 11 11 ffe80288aaaa912912aaaaaac4280280e
7f54 12 0 9 11 11 ffe9128a2ffe842bfa9029029f280280e
7f55 12 0 9 11 11 ffe802110208c067fc040040ffe040040
7f57 12 0 9 11 11 ffe912912ffe0800fc304c88050060780
7f58 12 0 9 11 11 ffe912912ffe000ffe0200c0358c46040
7f5a 12 0 9 11 11 ffe912ffe200102012e1221229230220e
7f5f 12 0 9 11 11 ffe912912ffe040ffe0407fc4044047fc
7f61 12 0 9 11 11 ffe912ffe000ffe04024027c240240ffe
7f62 12 0 9 11 11 ffe912912ffe0407fc040ffe1002087f4
7f68 12 0 9 11 11 7fc4a47fc100ffe2487fca4a3f804203e
7f69 12 0 9 11 11 ffe912ffe0407fe4047fc404ffe040040
7f6a 12 0 9 11 11 ffe912ffe000110f1e110f1e110f1e110
7f6e 12 0 9 11 11 ffe912ffe040ffe0403f82083f8208ffe
7f71 12 0 9 11 11 7fc4a47fc040ffe0407fc4a45f444444c
7f72 12 0 9 11 11 7fc4a47fc0827f4088ffe2047fca043fc
7f74 12 0 9 11 11 ffe912ffe0407fc040ffe2043fa524892
7f79 12 0 9 11 11 7fe4927fe22427eac8b7ea48a7e24827e
7f81 12 0 9 11 11 ffe912ffe524fa452423ef82abafc220e
7f8a 12 0 9 11 11 2081107fc0400403f8040040ffe040040
7f8c 12 0 9 11 11 2081107fc0403f8040ffe0a0120222c3e
7f8e 12 0 9 11 11 110ffe0407fc040ffe040ffe0a0318c06
7f94 12 0 9 11 11 2081107fc0400403f8040ffe000524892
7f9a 12 0 9 11 11 a10428e44582e104084fee0444843080c
7f9d 12 0 9 11 11 a0c4f0e90490e904fe490e8848a4a68d2
7f9e 12 0 9 11 11 110ffe0407fc080ffe124224dfc0443fe
7f9f 12 0 9 11 11 afc404e08410e6858647ce104104108fe
7fa1 12 0 9 11 11 110ffe0407fc040ffe052e94010228cc6
7fa4 12 0 9 11 11 7a2294fbe28878823e408788cbe488788
7fa7 12 0 9 11 11 924a44f7e214f1426621cf64224418466
7faf 12 0 9 11 11 afc484efc484efc4404fef124aa4fa806
7fb0 12 0 9 11 11 a92492efe480ffe4884aaecc488514862
7fb2 12 0 9 11 11 110ffe040ffe214ffe710ad478809a3a6
7fb8 12 0 9 11 11 040ffe4007fc208ffeaaaffaa4effaa4a
7fb9 12 0 9 11 11 1107fc040ffe524892ffe040ffe110e0e
7fbc 12 0 9 11 11 7fe4027fe4485fe42054abde8887de088
7fbd 12 0 9 11 11 fbe0828a249228a08218628acb208230c
7fbf 12 0 9 11 11 fbe49228a4928a2006110ffe110210210
7fc1 12 0 9 11 11 0f0208c861087f8000fbe49228a4929a6
7fc5 12 0 9 11 11 4ee422eaa466422e66aaaa22466a009fe
7fca 12 0 9 11 11 4ee422f222aaa66a22a66aaa232f22066
7fcc 12 0 9 11 11 fbe49228a4928a2040ffe208108110ffe
7fce 12 0 9 11 11 67e912012f5a036f1251253665a412436
7fd4 12 0 9 11 11 9eea22f324aae66422466eaa532822866
7fd5 12 0 9 11 11 0e0318df60003f8208ffe49228a4929a6
7fd8 12 0 9 11 11 47e592e5a536292db605af925365009fe
7fdf 12 0 9 11 11 fbe49228acb20822207fec207fc4207fe
7fe0 12 0 9 11 11 fbe49228acb2040ffe208514040ffe040
7fe1 12 0 9 11 11 0a0fbe0a07bc0a0f3e120fbeaaa4929a6
7fe5 12 0 9 11 11 0827f4088ffe604bfc204fbe49228adb6
7fe6 12 0 9 11 11 110ffe4447d44544cc000fbe49228adb6
7fe9 12 0 9 11 11 276f928dafb6812f92ab6adaf92a92ab6
7fee 12 0 9 11 11 ffe49279205afb6a92db68daf92a92ab6
7ff0 12 0 9 11 11 208f94222f808b6f928baf9623af92236
7ff1 12 0 9 11 11 476f928dafb6892f92236fda512a92236
7ff3 12 0 9 11 11 fbcb24d7eba291caa2ffe49228a4929a6
7ffb 12 0 9 11 11 1b6e12adafb6712a92fb6adaf92a92fb6
7ffc 12 0 9 11 11 fbe49228acb23f82487fc248ffe208c06
8000 12 0 9 11 11 276a5aab675a212f9453e56453e5a493e
8001 12 0 9 11 11 0847e80900a0ffe080304d181e01020fe
8003 12 0 9 11 11 0847e8090ffe0401fc300dfc004004038
8004 12 0 9 11 11 0847e8090ffe310d220fef800fcf8207e
8005 12 0 9 11 11 0827f4088090ffe1003fc604bfc2043fc
8006 12 0 9 11 11 0847e8090ffe310d227fe4047fc4047fc
800b 12 0 9 11 11 0847e8090ffe310524ffe2087f4040ffe
800c 12 0 9 11 11 ffe040080ffe912912912912912912806
800d 12 0 9 11 11 ffe0407fc4a44a4080ffe1083100e0f1e
8010 12 0 9 11 11 fe410421efe4aa4ab4aacaa4aa4aa486c
8012 12 0 9 11 11 0400407fc0403f8040ffe150248c46040
8014 12 0 9 11 11 27c204f08210f102fef10210610b10270
8015 12 0 9 11 11 224224f7e224f24224f7e224724a44284
8016 12 0 9 11 11 210210f54252f52290f12204608b302c0
8017 12 0 9 11 11 20e270f9021ef70210f9e270710a9220e
8018 12 0 9 11 11 27c200f00200ffe220f20244744a9a2e2
8019 12 0 9 11 11 27e24af4a24af4a27ef40240642b4223e
801c 12 0 9 11 11 27c244f4427cf40240f7e242642b4227e
8020 12 0 9 11 11 210228f44282f7c200f7e242642b4227e
8022 12 0 9 11 11 22427ef2427ef42210f7e212612b222cc
8025 12 0 9 11 11 292254f102fef822bafaa2aa6bab82286
8026 12 0 9 11 11 2fe292ffe292ffe210ffe292796afa286
8027 12 0 9 11 11 292254ffe238f54292f202fe624b382c6
8028 12 0 9 11 11 2fe280ffe2aafa42b2f842fe7a4a9430c
8029 12 0 9 11 11 2282fef282fef282fef5427c754afe244
802a 12 0 9 11 11 21027ef2427ef42210f7e22063eb4228c
8033 12 0 9 11 11 ffe2083f82082083f820820823efc8008
8035 12 0 9 11 11 ffe4887884884887884884885c8e88098
8036 12 0 9 11 11 fde4927924944947924924925dce90090
8037 12 0 9 11 11 040ffe1103f8e0e3f82083f8208ffe008
8038 12 0 9 11 11 1101102a8c46000ffe2083f8208ffe008
803b 12 0 9 11 11 f8850870852852e7285285287a8d2817e
803d 12 0 9 11 11 f9051077e5525527105285287aad4a18e
803f 12 0 9 11 11 f90510752552594710528528744d44182
8042 12 0 9 11 11 ffe2083f820827ef88000fbe8a271c8a2
8043 12 0 9 11 11 f9057c75455457c7545545fe744d4414c
8046 12 0 9 11 11 f9c922f4097e900f0097e912f12916110
804a 12 0 9 11 11 f20aceeaaaaaaaaeaaaaaaeaeaea48388
804b 12 0 9 11 11 088ffe1282304e2ffe2083f8208ffe008
804c 12 0 9 11 11 fbe52272252252273e5005007a4d22142
804d 12 0 9 11 11 f8857e74250057e708508508788d08138
8052 12 0 9 11 11 f86978f0890897ef0890897ef4294217e
8054 12 0 9 11 11 f4452877c5105107105fe5107a8d44182
8058 12 0 9 11 11 f9057c75457c5547fe52053c784d04118
805a 12 0 9 11 11 ffe4827a24a4798ca40c2248248554842
8069 12 0 9 11 11 f9057c75457c5107fe5445547d4d281c6
806a 12 0 9 11 11 fa4928f7e942942f4297e910f449a211c
8071 12 0 9 11 11 220fbe244fd42087fca0a3f820e3f8c08
807f 12 0 9 11 11 0407fc044ffe0447fc0407fc040ffe040
8080 12 0 9 11 11 0407fc044ffe0447fc040040040040040
8083 12 0 9 11 11 0407fc044ffe0447fc0404e4554444844
8084 12 0 9 11 11 988e3e88afbe40a7bea08fbe20853e888
8086 12 0 9 11 11 71047c7144fe71447cf1047c810afed10
8087 12 0 9 11 11 11079e4a4798466bfc044ffe044ffe040
8089 12 0 9 11 11 040040ffe8428a2b1a8428a2b1a80280e
808b 12 0 9 11 11 e20a20afee22a22a22e22a22a42a42a8c
808c 12 0 9 11 11 e78a48a48e48a48a48e48a48a8aa8ab0e
8093 12 0 9 11 11 040ffe4007fc0007fc4047fc4047fc404
8096 12 1 9 9 11 888490080ff8808ff8808ff8808808838
8098 12 0 9 11 11 70450457e704504544724524504504b1c
809a 12 0 9 11 11 e10a10a10e10a7ca10e10a10a10a10afe
809b 12 0 9 11 11 efea10a10e10a10a10e10a10a10a10afe
809c 12 0 9 11 11 78248c4b078048248c7b048048248c9b0
809d 12 0 9 11 11 77c5105107105105fe710510510510b10
809f 12 0 9 11 11 efca00a00ffea20a40e7ca04a04a04a18
80a0 12 0 9 11 11 efca08a10e20afea2ae4aa92a12a22a4c
80a1 12 0 9 11 11 e78a48a48e48b8ea00efca84a48a30ace
80a2 12 0 9 11 11 e10a10bfee10a10afce84a84a48a30bce
80a4 12 0 9 11 11 e10a10a7ce10a10afee10a28a28a44a82
80a5 12 0 9 11 11 efea92a92e92a92afee80a80a82a82a7e
80a9 12 0 9 11 11 0207fe4027fe4005fe5025fe5025fe902
80aa 12 0 9 11 11 e20a10bfee40a40a7ce44a44a84a84b18
80ab 12 0 9 11 11 e10afea10e92a92a92efea10a10a12a0e
80ad 12 0 9 11 11 e10a10afee92a92aaaeaaac6a82a82a86
80ae 12 0 9 11 11 7205105fe70057854874854854a54ab8e
80af 12 0 9 11 11 04027c240ffe0003f82083f82083f8208
80b1 12 0 9 11 11 e40a40bfee40a50a50e90a90aa4aa4b7a
80b2 12 0 9 11 11 040ffe1002087f42083f82083f8208218
80b4 12 0 9 11 11 71c0e071c080ffe2007fca043fc20421c
80b7 12 0 9 11 11 74054057e742594510710528528544b82
80ba 12 0 9 11 11 e10a10afee10afea92e92a92a96a10a10
80bc 12 0 9 11 11 e24a24afee24a24a24efea24a24a44a84
80bd 12 0 9 11 11 e10a10a10efea10a28e28a28a44a64a92
80be 12 0 9 11 11 17e9429249181667fc4047fc4047fc404
80bf 12 0 9 11 11 e10a10afee92a92a92efea10a10a10a10
80c0 12 0 9 11 11 e44a44a48e50a40afee50a48a48a54a62
80c1 12 0 9 11 11 e40a40bf8e48a48accf4aa4aa88a88b30
80c2 12 0 9 11 11 e10a10afee92a92afee92a92afea10a10
80c3 12 1 9 9 11 ff8888ff8888ff84107f04107f0410430
80c4 12 1 9 9 11 080ff8888ff8888ff84107f04107f0410
80c6 12 0 9 11 11 e7ca44a44e44a7ca44e44a44a7ca00afe
80cc 12 0 9 11 11 120f26138322d1e3f82083f82083f8208
80cd 12 0 9 11 11 e0eaf4a94e94a94a94e94a94aa4aaab76
80ce 12 0 9 11 11 7105105247445fa50077e542542542b7e
80d6 12 0 9 11 11 e10a92a54e10afea10e10afea10a10a10
80d7 12 0 9 11 11 e10a28a44f8aa30ac4e08a32ac4a18ae0
80d9 12 0 9 11 11 72052053e75059051e71051051e510b10
80da 12 0 9 11 11 efea08a10e10a34a52e92a10a10a00afe
80db 12 0 9 11 11 efea92a92efea92a92efea10a10a10a10
80dc 12 0 9 11 11 e90a90afce90b10a10efca10a10a10afe
80dd 12 0 9 11 11 e0caf0a90e90a90afee90a88a8aaa6ad2
80de 12 0 9 11 11 e80afcb04ef4a94a94ef4a8ca80a82a7e
80e1 12 0 9 11 11 23e222fa223e222222fbe8a28a28a2fc6
80e4 12 0 9 11 11 4885285c84885285e85285e852a5ea92e
80e5 12 0 9 11 11 ffe04227c240dfe4047fc4047fc40441c
80e7 12 0 9 11 11 e48a44bfee50a50a52e54a58a92ab2b4e
80e8 12 0 9 11 11 e20afea40e90a90afee10a54a52a92a30
80e9 12 0 9 11 11 e20a20a3ce20a20bfee20a30a28a24a20
80ea 12 0 9 11 11 e20a3ea20efca84a84efca80a80a80b00
80eb 12 0 9 11 11 efca04a08e10a68b86e7ca10a10a10afe
80ec 12 0 9 11 11 200fbe4a231cca20407fc4445b44445b4
80ed 12 0 9 11 11 efea82a92e92afea92eaaaaaac6a82afe
80ef 12 0 9 11 11 e20bfea48e84b7aa00ffea40a7ca04a18
80f0 12 0 9 11 11 e10afea10efea12afee90afea12a28ac6
80f1 12 0 9 11 11 e10a92a52e54a10afee28a28a2aa4aa8e
80f2 12 0 9 11 11 e10afea20e44af8a10e22ac4a08a34ac2
80f3 12 0 9 11 11 e40a7ca84f48a30a48f86afca84a84afc
80f4 12 0 9 11 11 efea82abae82abaaaaeaaaaaabaa82a86
80f6 12 0 9 11 11 e10afea00e44a82b44e44a28a10a28ac6
80f8 12 0 9 11 11 e40a7ea82f0aadaaaaedaa8aafaa02a0c
80fa 12 0 9 11 11 e10afea82e10a10afee24a44a28a18ae6
80fc 12 0 9 11 11 e42a24afee24a24a24efea24a24a44a84
80fd 12 0 9 11 11 426938ea0022f9e880fa68b8fa08a299e
8102 12 0 9 11 11 74254c57074253e50077e54257e542b7e
8106 12 0 9 11 11 e40a78a88efeb80abcea4aacaa0aa2b1e
8109 12 0 9 11 11 e30a08af0e12bdaa5ae54a94a92b12a30
810a 12 0 9 11 11 4442484a49122087fca0a3f82083f8208
810d 12 0 9 11 11 e10a28a44f82a7ca00e00afea20a44afa
810f 12 0 9 11 11 e10afea80e88a88abee88a88a88a88b7e
8110 12 0 9 11 11 e10afea44e28a10a28ec6a44a44a44a84
8111 12 0 9 11 11 e10afea00e82ac6aaae92aaaac6a82afe
8112 12 0 9 11 11 e10a92a54e10afea10e38a54a92a10a10
8113 12 0 9 11 11 e10afea92e20a20a52e94b48a48a54a62
8116 12 0 9 11 11 e10afea10efea82a7ce08a10afea10a30
8118 12 0 9 11 11 e10afea82e7ca00a00efea28a28a4aa8e
811a 12 0 9 11 11 e4ea4abfae4aa4abfae4aa8aaaeb28bd8
811e 12 0 9 11 11 e10a54a54e54abaa92e10a7ca10a10afe
812c 12 0 9 11 11 e0caf0aa2e54afca08e10bfea10a10a70
812f 12 0 9 11 11 e14afea10efea92afee92afea92a92a96
8131 12 0 9 11 11 e84a48afce84a84a84efca48a4aa8ab0e
8132 12 0 9 11 11 efea82a82efea88a8aeecaa8aacacab18
8136 12 0 9 11 11 e7ca44a44e7ca10afee92aaaac6a82a86
8138 12 0 9 11 11 e10a28a44f82a7ca00ea2a54a54a08afe
813e 12 0 9 11 11 e20afea92efea92afee28a48afea08a08
8146 12 0 9 11 11 e28afeaaaeaaafeaaaeaabfea00a44a82
8148 12 0 9 11 11 71057c51077c5105fe74457c54457cb44
814a 12 0 9 11 11 72857c5287285fe50077c54457c544b7c
814b 12 0 9 11 11 e20afea50e5ea92aaafa4ad4a88a94aa2
814c 12 0 9 11 11 e20afca48ea4bfeaa4efcaa4afca22a1e
8150 12 0 9 11 11 0207fe4444be79448c5fe51256e51296e
8151 12 0 9 11 11 e10afea80e94a94aaeee4ab4aacaa4b2c
8153 12 0 9 11 11 e28a28aeee28a28aeee28a28aeea28a28
8154 12 0 9 11 11 e10afea82e28a44a82e7ca10a10a10afe
8155 12 0 9 11 11 e10afea82e40a6eaaaeaab6ea28a4aa8e
8159 12 0 9 11 11 e10afea82e00a7ca00efea10a54a92a30
815a 12 0 9 11 11 e10afea82e00afea10e50a5ea50ab0a8e
8160 12 0 9 11 11 e10a7ca10e7ca20afee54a92a7ca28ac6
8165 12 0 9 11 11 efea82afee82afea90efeb10afea10bfe
8167 12 0 9 11 11 e30a48a84f7aa00aeaeaaaeaaaaae2aa6
8169 12 0 9 11 11 e10afea10efeaaaa92efea92afea92a96
816d 12 0 9 11 11 eeeaaaaeee00a7ca00efea40a7ca04a18
816e 12 0 9 11 11 efea92afee92a92afee20a54ac2b4aa38
8170 12 0 9 11 11 efea28afeeaaafea10efea24a68a18ae6
8171 12 0 9 11 11 e08bbea8aefeb0abbee88abeb88ac8b3e
8174 12 0 9 11 11 e50a96a92ed6a92a92efea10a28a44a82
8179 12 0 9 11 11 74057e5c477c54457c72057c5a4518b66
817a 12 0 9 11 11 e10afea82efea82afee10bd6a58a94b32
817b 12 0 9 11 11 e0aafea08ef8a08bf8e94ab4aa4a52a8a
817c 12 0 9 11 11 efea10a20efeaaaabaeaaaaaabaaaaafe
817d 12 0 9 11 11 e7ca44a7ce44a7ca00efeaaaaaaaaabfe
817e 12 0 9 11 11 e54afea20efea44afae48a7ea02afaa06
817f 12 0 9 11 11 f3eaa2a3ee22bbeaa8eaaaa4ab2b40a3e
8180 12 0 9 11 11 e10afea44efea82a10efea20a3ea42a8c
8182 12 0 9 11 11 220fbe4687aa8a4ffe4047fc4047fc404
8188 12 0 9 11 11 efea00a7ce44a7ca00efeaaaafea92a96
818a 12 0 9 11 11 e14afea10efea92afee92a04afea44a2c
818f 12 0 9 11 11 040ffe2083f8000ffea0a3f82083f8208
8191 12 0 9 11 11 e10afea8ae70a40a7ce48a48afea44a82
8198 12 0 9 11 11 efea28afeeaaafea00e7ca00afea54ab2
819b 12 0 9 11 11 e92a54afee82a7ca44e7ca10a7ca10afe
819c 12 0 9 11 11 e48bfea48efca84afce84bfea30a48b86
819d 12 0 9 11 11 e10afea54e92a28ac6e92a54a38a54ab2
81a3 12 0 9 11 11 e10afeaaae44a00afee20a44afaa10afe
81a6 12 0 9 11 11 e92a54afee54a92a44e7ea94a54a2eac4
81a8 12 0 9 11 11 e42af4a48ef0a02af4e98af0a92a54ae8
81aa 12 0 9 11 11 e10afea44efea92a7ce54a10a7ca44a7c
81b3 12 0 9 11 11 e44afea10e7ca10afee54afea44a44a7c
81ba 12 0 9 11 11 0207fe4a457e7c857e5485fe9029fe102
81bb 12 0 9 11 11 e10bfeabaeaaabaa82efea44a7ca44afe
81c0 12 0 9 11 11 fdc854fe6abcfe4a98c667fc4047fc404
81c1 12 0 9 11 11 e10afeaa4efeaaaafeeaaafeaa8aecb2a
81c2 12 0 9 11 11 7884be7946bea887fc4047fc4047fc404
81c3 12 0 9 11 11 e20bfea54e94bbea64ebeba4a7eaa4b3e
81c6 12 0 9 11 11 e10afca48ffea84afce84afca50ac4b3a
81ca 12 0 9 11 11 e7ca44a7ceeeaaaaeee10afea38a54a92
81cc 12 0 9 11 11 e44bf4a4eee4a04aeeeaaaeaa04aaabf2
81e3 12 0 9 11 11 ffe840840ffc804804804ffc840840ffe
81e7 12 0 9 11 11 00abfea08ef82aa2fae9aaf4aa4af440a
81ea 12 1 9 9 11 080100ff8808ff8808808ff8808808ff8
81ec 12 0 9 11 11 0807fc4047fc4047fc040ffe150248c46
81ed 12 0 9 11 11 0807fc4047fc4047fc048ffe0a0318c06
81f3 12 0 9 11 11 ffe0801102087f40440407fc040040ffe
81f4 12 0 9 11 11 fa022043e944ea4224224f94208394c62
81fb 12 0 9 11 11 f1027c41097cf202fe254f922fe354c92
81fc 12 0 9 11 11 080300c3e802802802fbe802802802ffe
81fe 12 0 9 11 11 14065c44475c4444447fc0400a0318c06
8200 12 1 9 9 11 038fc0908490100e78808f78808808ff8
8201 12 0 9 11 11 08073c4047bc4047fc110ffe110210c10
8202 12 0 9 11 11 040ffe0807fc110fbe2087bca0a2083f8
8204 12 0 9 11 11 08073c4047bc4047fc2007fe80255294c
8205 12 0 9 11 11 fbe802fbe802ffe4447fc444ffe102e1c
8206 12 0 9 11 11 2404ec4846ec4446ec444ffe000208c06
820c 12 0 9 11 11 03c7c0040040ffe0400407fc4044047fc
820d 12 0 9 11 11 0e0318c063f8040ffe0407fc4044047fc
8210 12 0 9 11 11 186e38228228fe823e228fa88a48a4fb2
8212 12 0 9 11 11 33e48285478823efca20cf88888888f98
8214 12 0 9 11 11 17ce202202fef48284222f349aa92af60
821b 12 0 9 11 11 2082083be4884a8aa812813e208408808
821c 12 0 9 11 11 7fc244248ffe8027884bc7a88a817e608
821e 12 0 9 11 11 4007feaa8ffe2a8ffe4087feaa813ee08
821f 12 0 9 11 11 0803f8208288248ffe208288448408838
8221 12 0 9 11 11 23e788488688588f884886885884889be
8222 12 0 9 11 11 2087884886aa5aafaa4aa6aa5aa4aa9be
8223 12 0 9 11 11 21078a4aa6a25a2fa24946945884949a2
8228 12 0 9 11 11 20677854074057ef42562754548554ba2
822a 12 0 9 11 11 2207105fe700578f4854874854a54ab8e
822b 12 0 9 11 11 2207105fe720520f3e522722542542b8c
822c 12 0 9 11 11 21c7944946945e6f804be6a25944889b6
822d 12 0 9 11 11 24874854874a56cf4854874854a55ab6e
822f 12 0 9 11 11 2087884be6aa5aafaa4be688588488988
8230 12 0 9 11 11 27c744544754554f5455475052a54ab8e
8231 12 0 9 11 11 21072854478257cf4454475c540542b3e
8233 12 0 9 11 11 20870857e74a54af4a57e74a54a54ab7e
8234 12 0 9 11 11 22072053e750590f1e51071051e510b10
8235 12 0 9 11 11 2107fe502740544f48570740542542b3e
8236 12 0 9 11 11 20871057e742542f4257e742542542b7e
8237 12 0 9 11 11 2207105fe710520f445f8710524544bfa
8238 12 0 9 11 11 2fe704504774554f54554774504504b1c
8239 12 0 9 11 11 23c7a44a46a45c6f804be6a25a24a29be
823b 12 0 9 11 11 20878e4886be5a2fa24be6a05a04a09c0
823e 12 0 9 11 11 27e7a84a86fe5aafaa4aa6ae5c24829fe
8244 12 0 9 11 11 29275451077e542f7e54277e542542b46
8247 12 0 9 11 11 26272c52474456ef2452476452e550b4e
8249 12 0 9 11 11 27e74257e744578f4e57874e57854ab8e
824b 12 0 9 11 11 27c7085107fe510f3050077c554554bfe
824f 12 0 9 11 11 24272457e71057ef4257e74257e542b7e
8258 12 0 9 11 11 22874e54a76e54af7e50877e52251cb62
825a 12 0 9 11 11 2287fe4a86fe5aaffe4aa6fe5a44a49bc
825f 12 0 9 11 11 21077c5287fe554f7c5547545fe510bfe
8268 12 0 9 11 11 22477e52477e542f3c51072a55c52ab58
826e 12 1 9 10 11 ff8808ff8808808ff8880844828b10c0c
826f 12 1 9 10 11 080ff8808ff8808ff8880844828b10c0c
8270 12 0 9 11 11 07ef4217e94254257e24824a544554862
8272 12 0 9 11 11 2003f0410ffc4444447fc4004024023fe
8273 12 0 9 11 11 440478e885fe492e924fe480e8248247e
8274 12 0 9 11 11 29029cfe42befeaaaaffe2a02a24e289e
8279 12 0 9 11 3 110ffe110
827a 12 0 9 11 11 110ffe1100007f80100601802004023fe
827d 12 0 9 11 11 110ffe110080080ff0090110112212c1e
827e 12 0 9 11 11 110ffe1100002082081100a00401b0e0e
827f 12 0 9 11 11 110ffe1100007f810810e20220240281c
8282 12 0 9 11 11 110ffe1100007fc084084084098080080
8284 12 0 9 11 11 110ffe1100800807f0090290112292c5e
8288 12 0 9 11 11 040150f5e1501507fc040040ffe040040
828a 12 0 9 11 11 110ffe11003c7c0040040ffe040040040
828b 12 0 9 11 11 110ffe1100007fc040040ffe0400401c0
828d 12 0 9 11 11 110ffe1102003fe40288204204200200c
828e 12 0 9 11 11 110ffe1107fc0043fc2007fe40200203c
828f 12 0 9 11 11 110ffe1100000400407fc040040040ffe
8291 12 0 9 11 11 110ffe1100007fc0040047fc4004023fe
8292 12 0 9 11 11 110ffe110040020ffe2002002002003fc
8297 12 0 9 11 11 110ffe1100801103e00843f8010060f80
8298 12 0 9 11 11 110ffe1100004204227a44384205a261e
8299 12 0 9 11 11 110ffe1100407fc040040ffe0a0318c06
829c 12 0 9 11 11 110ffe1107fc040040ffe0a00a0122e3e
829d 12 0 9 11 11 110ffe110040ffc0080100601806009fe
829f 12 0 9 11 11 110ffe1103f8208408bfe2081100e0f1e
82a1 12 0 9 11 11 110ffe1104007fe8428440400a0318c06
82a4 12 0 9 11 11 110ffe110fa00a01202203a0e22222e1e
82a5 12 0 9 11 11 110ffe1100400a0318d16110110210410
82a6 12 0 9 11 11 110ffe1100407fc4044047fc400400800
82a8 12 0 9 11 11 110ffe110ff820821023c304288470b8e
82a9 12 0 9 11 11 110ffe1100e0318c460207fc008010020
82ab 12 0 9 11 11 110ffe1100007fc000ffe110110212c1e
82ac 12 0 9 11 11 110ffe110000110208c063f8088108618
82ad 12 0 9 11 11 110ffe1100007fc4444447fc4004023fe
82ae 12 0 9 11 11 110ffe1100407fc4444a451460c40440c
82af 12 0 9 11 11 110ffe11000004012052450250a90a0f8
82b0 12 0 9 11 11 110ffe110040ffe0403f81081100e0f1e
82b1 12 0 9 11 11 110ffe11000012022262caf022022221e
82b3 12 0 9 11 11 110ffe110040ffe0800fc084104204c18
82b4 12 0 9 11 11 110ffe1102003fe49289211212222244c
82b7 12 0 9 11 11 110ffe11004004024027c240240240ffe
82b8 12 0 9 11 11 110ffe1100007fc000000ffe1002087f4
82b9 12 0 9 11 11 110ffe11000c3f02003fe210210410810
82bd 12 0 9 11 11 110ffe1100007fc2104107fe090310c30
82be 12 0 9 11 11 110ffe110040ffe0407fc44444444c040
82c4 12 0 9 11 11 110ffe110080040ffe040058044040040
82c7 12 0 9 11 11 110ffe1100407fc0403f8040ffe04204c
82c8 12 0 9 11 11 110ffe1107fe4204205fe442442482b0c
82ca 12 0 9 11 11 110ffe1107fe4004fc48449c48048287e
82cb 12 0 9 11 11 110ffe1107fc4044444444440a0122e3e
82cc 12 0 9 11 11 110ffe1102082302c0ffe220210288306
82cd 12 0 9 11 11 110ffe1100401b0e0e3f82082382021fe
82ce 12 0 9 11 11 110ffe110080040ffe802802000000ffe
82cf 12 0 9 11 11 110ffe1100807f808848c90a108208c30
82d1 12 0 9 11 11 110ffe1102003bc4a4aa412c120222c1e
82d2 12 0 9 11 11 110ffe1100407fc4447fc444ffe40441c
82d3 12 0 9 11 11 110ffe1500a0318c460207fc090060018
82d4 12 0 9 11 11 110ffe0801102087fc0023f82082083f8
82d5 12 0 9 11 11 110ffe1107fc0841046180007fc4047fc
82d7 12 0 9 11 11 110ffe1100007fc4444447fc4444447fc
82d8 12 0 9 11 11 110ffe1107fc4045f45145145f440441c
82db 12 0 9 11 11 110ffe110000ffe0043e42242243e401c
82dc 12 0 9 11 11 110ffe1100007fc4047fc4047fc4047fc
82de 12 0 9 11 11 110ffe1102003fc404be42243ec2021fe
82df 12 0 9 11 11 110ffe1102003fe402bf22122123f200c
82e0 12 0 9 11 11 110ffe1107fc4047fc4207fe41058a606
82e1 12 0 9 11 11 110ffe11000048844840848871046c182
82e3 12 0 9 11 11 110ffe1107fe4007fc4044047fc4007fe
82e4 12 0 9 11 11 110ffe110000ffe0200c0358c46040ffe
82e5 12 0 9 11 11 110ffe110080ffe1002007fca042043fc
82e6 12 0 9 11 11 110ffe110040ffe0400407fc4044047fc
82eb 12 0 9 11 11 110ffe11004007e0400407fc4044047fc
82ef 12 0 9 11 11 110ffe110040ffe0400e0150248df6040
82f1 12 0 9 11 11 110ffe1100407fc444444ffe0a0318c06
82f4 12 0 9 11 11 110ffe1100003f82083f82083f8208ffe
82f7 12 0 9 11 11 110ffe110208ffe2082083f82082083f8
82f9 12 0 9 11 11 110ffe1107fc040444248ffe040040040
82fb 12 0 9 11 11 110ffe1102082084fec08488448408438
8301 12 0 9 11 11 110ffe1100402482483f80404444447fc
8302 12 0 9 11 11 110ffe1100447fe44042442841042a8c6
8303 12 0 9 11 11 110ffe1104002fc88448409c28048287e
8304 12 0 9 11 11 110ffe110200fde25225225245245299e
8305 12 0 9 11 11 110ffe1107fc008090ffe144248c401c0
8306 12 0 9 11 11 110ffe1100c071e452452452fd2096310
8307 12 0 9 11 11 110ffe110088ffe1001fc104288470b8e
8309 12 0 9 11 11 110ffe110040ffe0407fc150248c46040
830c 12 0 9 11 11 110ffe110000210410dfe4104104104fc
830e 12 0 9 11 11 110ffe1107fc0080f0f0e3f8040040ffe
830f 12 0 9 11 11 110ffe110090088ffe0a0128130262cbe
8311 12 0 9 11 11 110ffe1100803f82882483fe002ff200c
8314 12 0 9 11 11 110ffe110000ffe8420407fc040040ffe
8315 12 0 9 11 11 110ffe110ffe8027f8088088fea08a084
8317 12 0 9 11 11 110ffe1100fc1046980601fef021021fe
831b 12 0 9 11 11 110ffe1107fc4047fc4047fc42859060e
831c 12 0 9 11 11 110ffe110ffe0a07fc4a452463c4047fc
8327 12 0 9 11 11 110ffe1100407fc4444447fc040044ffa
8328 12 0 9 11 11 110ffe11004047e292114010228444982
832b 12 0 9 11 11 110ffe1104202108fe44004024044087e
832c 12 0 9 11 11 110ffe110080ffe1102106fea102102fe
832d 12 0 9 11 11 110ffe110040ffe2085148a20401b0e0e
832f 12 0 9 11 11 110ffe110220228424dfe420450488506
8331 12 0 9 11 11 110ffe1102403fc440840ffe150248c46
8334 12 0 9 11 11 110ffe1100007fc4045f45145f44047fc
8335 12 0 9 11 11 110ffe1107fc4044445f44444a45147fc
8336 12 0 9 11 11 110ffe1100401b0e0e0407fc040248cc6
8338 12 0 9 11 11 110ffe110ffe2083f82083f8208ffe008
8339 12 0 9 11 11 110ffe11020023efa24a28a252223ed80
833a 12 0 9 11 11 110ffe110040ffe1002087f4110212c1e
833c 12 0 9 11 11 110ffe1107fc4045f44045f45145f440c
8340 12 0 9 11 11 110ffe1102003fe402bf22123f22123f6
8343 12 0 9 11 11 110ffe1500a0318c063f80407fc040ffe
8346 12 0 9 11 11 242fea24a00afea24a24afea24244284e
8347 12 0 9 11 11 110ffe11000033cc0037ee08208208218
8349 12 0 9 11 11 110ffe1107fc4047fc4047fc040ffe040
834f 12 0 9 11 11 110ffe11020c2f0410c105fe4104104fc
8350 12 0 9 11 11 110ffe110ffe10027c608a102fe210230
8351 12 0 9 11 11 110ffe150ffe0447fc4407fe0421b0e0e
8352 12 0 9 11 11 110ffe110040ffe2003fc00024824ac4e
8354 12 0 9 11 11 110ffe1507fc08471c208fbe28a4929a6
835a 12 0 9 11 11 110ffe1100407fc248150ffe0a0318c06
835b 12 0 9 11 11 110ffe11017ef8807278e000ffe110e1e
835c 12 0 9 11 11 110ffe1104247b84205a461c040ffe040
835e 12 0 9 11 11 110ffe1107fc080ffe110208d16110610
835f 12 0 9 11 11 110ffe1100e0318c063f8000ffe2087f4
8360 12 0 9 11 11 110ffe110040ffe1100e0318e0e208408
8361 12 0 9 11 11 110ffe1104fc2088104fe02a24a492826
8363 12 0 9 11 11 110ffe110ffe802040ffe150248c46040
8364 12 0 9 11 11 110ffe110ffe8827fc2407fc040ffe040
8365 12 0 9 11 11 110ffe110ffe802040042f6c150248cc6
8366 12 0 9 11 11 110ffe110ffe8024407fc840040ffe040
8367 12 0 9 11 11 110ffe110ffe8020402444480a0318c06
8368 12 0 9 11 11 110ffe1107fc0047fc004ffe208108038
8369 12 0 9 11 11 110ffe1103fc2043fc2084c4832180070
836a 12 0 9 11 11 110ffe110000f10110254352e92210e70
836b 12 0 9 11 11 110ffe110000f7e942a7e94297ee42886
836c 12 0 9 11 11 110ffe110ffe1224a4220ffe050188e06
836d 12 0 9 11 11 110ffe11040047c910e10410f10010f7e
836e 12 0 9 11 11 110ffe11040440497ee04444f24004f1c
836f 12 0 9 11 11 110ffe250440f7e242402fa2012182e0c
8377 12 0 9 11 11 110ffe1100002fe2044f4c944944f440c
8378 12 0 9 11 11 110ffe110040ffe040ffe8227fc0401c0
837b 12 0 9 11 11 110ffe110a10452a52294628a28244d82
837c 12 0 9 11 11 110ffe1100e0318df60407fc040248cc6
837d 12 0 9 11 11 110ffe1107fc484248080ffe1081f0e0e
8385 12 0 9 11 11 110ffe1102202fe400484c444484105fe
8386 12 0 9 11 11 110ffe110048ffe4447fc4447fc44444c
8389 12 0 9 11 11 110ffe1100c2712112fd2312592942106
838e 12 0 9 11 11 110ffe1104002108544920122044188e0
8392 12 0 9 11 11 110ffe1100003f82083f80007fc4047fc
8393 12 0 9 11 11 110ffe1107fea44224ffe4444247fe004
8398 12 0 9 11 11 110ffe1100407fc208110ffe0407fc040
839b 12 0 9 11 11 110ffe110e0c2f0410efe210afe6009fe
839e 12 0 9 11 11 110ffe150ffe802bfa000ffe110212c1e
83a0 12 0 9 11 11 110ffe1107fc040ffe248df609c104618
83a8 12 0 9 11 11 110ffe1507fc4047fc4047fc42859060e
83a9 12 0 9 11 11 110ffe110ffe4842487fc010ffe0401c0
83aa 12 0 9 11 11 110ffe110e14212ffe210394e0821a666
83ab 12 0 9 11 11 110ffe1107fc4047fc404ffe0a0318c06
83b1 12 0 9 11 11 110ffe1100407fc248150ffe0e0358c46
83b2 12 0 9 11 11 110ffe1108205fe090cfe4105fea109fe
83b3 12 0 9 11 11 110ffe110004f0497e904f44924904f1c
83b4 12 0 9 11 11 110ffe1103f82083f80407fc4a471c404
83b6 12 0 9 11 11 110ffe1100400a0318df6008488250ffe
83b7 12 0 9 11 11 110ffe110a00414a122fe610a28244c82
83b9 12 0 9 11 11 110ffe110ffe8027fc0407fc048044ffe
83ba 12 0 9 11 11 110ffe110ffe8823f82483fe002ff200c
83bd 12 0 9 11 11 110ffe110048ffe110e0e110ffe110610
83c0 12 0 9 11 11 110ffe110040ffea023bc4a4aac122e1e
83c1 12 0 9 11 11 110ffe1100407fc040ffe2083f8208218
83c5 12 0 9 11 11 110ffe110040ffe8023f82083fc2043fc
83c7 12 0 9 11 11 110ffe110000210f7e51097c544244d7c
83ca 12 0 9 11 11 110ffe5107fe402a4a1527fa0e215264c
83cc 12 0 9 11 11 110ffe1107fc4145e44445f44e45547fc
83cf 12 0 9 11 11 110ffe1104fe2048f44940942f440480c
83d4 12 0 9 11 11 110ffe1107be4a27ae4a04be7b24ac9b2
83d6 12 0 9 11 11 110ffe1103f82082087fc4047fc4047fc
83d8 12 0 9 11 11 110ffe11021c244f44292292620a4227e
83dc 12 0 9 11 11 110ffe11001c7e0484248ffe150248c46
83df 12 0 9 11 11 110ffe1103f8408ffc4447fc0b012ae3e
83e0 12 0 9 11 11 110ffe1104102fe8924fc0c42a4498966
83e1 12 0 9 11 11 110ffe1103f8020a4a952842952a4affe
83e5 12 0 9 11 11 110ffe11020c270f4027e648748a48288
83e9 12 0 9 11 11 110ffe1100407fc110ffe0003f82083f8
83f0 12 0 9 11 11 110ffe110000f7e154254354e5426aeb6
83f1 12 0 9 11 11 110ffe1507fc040ffe110ffe2081f0e0e
83f2 12 0 9 11 11 110ffe1100a07bc0a07bc0a0fbe0a00a0
83f8 12 0 9 11 11 110ffe110210fa84467b048c4804b098c
83f9 12 0 9 11 11 110ffe1104fc2848fc4840fc2844849fe
83fd 12 0 9 11 11 110ffe1102003be222fa2214688a54622
8401 12 0 9 11 11 110ffe110208ffe2083f8208ffe208c06
8403 12 0 9 11 11 110ffe1100407fc208514040ffe040040
8404 12 0 9 11 11 110ffe5107fea023f24827f20824927f6
8406 12 0 9 11 11 110ffe1507fc4447fc4447fc220ffe020
840b 12 0 9 11 11 110ffe1507fe044ffe044ffe1081f0e0e
840c 12 0 9 11 11 110ffe110000f7e942f7e94297ef42086
840d 12 0 9 11 11 110ffe1104002fe8104920542fe410810
840e 12 0 9 11 11 110ffe150ffe248c46080ffe1081f0e0e
8418 12 0 9 11 11 110ffe110040ffe1102e8c067fc248cc6
841d 12 0 9 11 11 110ffe1107fc4a47fc0801fc6480303c0
8424 12 0 9 11 11 110ffe110ffe8427fc4444447fc044ffa
8425 12 0 9 11 11 110ffe110ffea0a3f80007fc4044047fc
8426 12 0 9 11 11 110ffe110ffe912660184ffa040248cc6
8427 12 0 9 11 11 110ffe1507fc044ffe0447fc4444e4954
8428 12 0 9 11 11 110ffe110e08afea44c28afea80e80900
8431 12 0 9 11 11 110ffe110040ffe8023f82083f8208ffe
8438 12 0 9 11 11 110ffe15064c44475c4447fc0a0318c06
843c 12 0 9 11 11 110ffe1107bc4a44a4ffe2003f8008070
843d 12 0 9 11 11 110ffe11042027c8c44380c627c44487c
8446 12 0 9 11 11 110ffe1102fc2844fcc105fe438454592
8451 12 0 9 11 11 110ffe110204f8427e204fa4214384c1c
8457 12 0 9 11 11 110ffe1100827f4088ffe2047fca043fc
8459 12 0 9 11 11 110ffe11000023e222fbe22273eaa223e
845a 12 0 9 11 11 110ffe110208ffe2083f8208ffe4907fc
845b 12 0 9 11 11 110ffe1107fc4047fc4047fe8825427ec
8461 12 0 9 11 11 110ffe5107fe8a27fa4927f24927f2496
8463 12 0 9 11 11 110ffe110040ffe2483f82487fc040ffe
8469 12 0 9 11 11 110ffe1104008fee92a92efea80e8207e
846b 12 0 9 11 11 110ffe11023efa223e222fa28be8a2fc6
846c 12 0 9 11 11 110ffe110ffe4a4ab8122e1e110ffe210
846d 12 0 9 11 11 110ffe1107bc4847bc4007bc424798466
8471 12 0 9 11 11 110ffe1103fc4949542240481245028f8
8473 12 0 9 11 11 110ffe1107fe4087ea48a7f45248cab32
8475 12 0 9 11 11 110ffe1107a409850a3f4c427fc110e0e
8476 12 0 9 11 11 110ffe110040ffe208ffe802bfa0401c0
8478 12 0 9 11 11 110ffe1107fc4447fc4447fc1405248fa
847a 12 0 9 11 11 110ffe1103f8208ffe2083f8208ffe008
8482 12 0 9 11 11 110ffe110040ffe110ffe8427fc44444c
8487 12 0 9 11 11 110ffe1100247fe4107d445454850aad6
8488 12 0 9 11 11 110ffe110826f388a2ffe4047fc4047fc
8489 12 0 9 11 11 110ffe1507fc444ffe0007fc4441b0e0e
848b 12 0 9 11 11 110ffe11021eae262c2142fe644a2420c
848c 12 0 9 11 11 110ffe110248ffe15064cffe1081f0e0e
848e 12 0 9 11 11 110ffe11040c2f08864b80aa2aa4a4932
8499 12 0 9 11 11 110ffe110ffe8027fc0c236ccb0328cc6
849c 12 0 9 11 11 110ffe1100007bc000fbe20871caaa618
84a1 12 0 9 11 11 110ffe110040ffe110ffe8821fc204c18
84af 12 0 9 11 11 442fea44a00aeeaaaaeeaaaaee2aa2b6e
84b2 12 0 9 11 11 110ffe1104142fe8104fe0922fe492896
84b4 12 0 9 11 11 110ffe11053efa223eaa2abefa2222c26
84b8 12 0 9 11 11 110ffe1107f8022f54248cc63f8524892
84b9 12 0 9 11 11 110ffe1100a0ffe0a4ffe0a47fc2a8ca6
84ba 12 0 9 11 11 110ffe1100207fec804fc520ffe450b8e
84bd 12 0 9 11 11 110ffe1107fc4445f44a47fc1405248fa
84bf 12 0 9 11 11 110ffe150ffe2083f8000ffe9129f2806
84c1 12 0 9 11 11 110ffe1507fc0807fc100ffe248df6358
84c4 12 0 9 11 11 110ffe150ffe120244ffe4447fc4447fc
84c9 12 0 9 11 11 110ffe150ffe91264c1b0e0e3f82083f8
84ca 12 0 9 11 11 110ffe110248c963f8000fbeaaa4929a6
84cd 12 0 9 11 11 110ffe1100847e8090ffc2227fec047fc
84d0 12 0 9 11 11 110ffe1107fe4007fe5145ce4087fe918
84d1 12 0 9 11 11 110ffe150ffe208ffe2083fa114ec8306
84d3 12 0 9 11 11 110ffe1102202fc4485fec004fc4844fc
84d6 12 0 9 11 11 110ffe5544a45547fc4207be4204e2f3e
84dd 12 0 9 11 11 110ffe11002093e9489047fc4a44a4ffe
84df 12 0 9 11 11 110ffe310482fd2a52fd2a52fd2002fce
84e0 12 0 9 11 11 110ffe110040ffe1104e4514ffe912bea
84e3 12 0 9 11 11 110ffe110fbe50823efa22aa32a214622
84e6 12 0 9 11 11 110ffe1107fc404ffe2087fc8067e4018
84ec 12 0 9 11 11 110ffe110878588070d8e4205fc420bfe
84f0 12 0 9 11 11 110ffe11021045ea505fec1045e4505be
84fc 12 0 9 11 11 110ffe1107bc29418c6f4318ce60187e0
84ff 12 0 9 11 11 110ffe110040ffea222fc484cfc4844fc
850c 12 0 9 11 11 110ffe110fde112fea948fc8388554922
8511 12 0 9 11 11 110ffe1107fc4a47fc0247fe42861296e
8513 12 0 9 11 11 110ffe1103f8208ffe912ffe2081f0e0e
8517 12 0 9 11 11 110ffe1507fe4887fe4884f8400554a2a
851a 12 0 9 11 11 110ffe110fc4844fde804fd490cd44b2c
851f 12 0 9 11 11 110ffe54047efa04be74897e908114662
8521 12 0 9 11 11 110ffe1103bcea4518ef60007fc248cc6
852b 12 0 9 11 11 110ffe110ffe04027c240ffe2007fe952
852c 12 0 9 11 11 110ffe110008f7e12427ab00a54b54c96
8537 12 0 9 11 11 110ffe1507fc248150ffe4045f45147fc
8539 12 0 9 11 11 110ffe11029045eba40545542881d4e22
853a 12 0 9 11 11 110ffe1104fc2044a45f47245f45245f4
853b 12 0 9 11 11 110ffe150ffe81271c010fbc52455a9fe
853c 12 0 9 11 11 110ffe1104fc2840fcc844fe5126aa4fc
853d 12 0 9 11 11 110ffe110aa0abe224fc4a94f94a98ae6
8543 12 0 9 11 11 110ffe110248ffe2487fcc467fc4447fc
8548 12 0 9 11 11 110ffe110ffe4a47fc2083f8208ffe040
8549 12 0 9 11 11 110ffe1102207fec207fc4207fe524892
854a 12 0 9 11 11 110ffe0401245028f8000294a52a101ce
8556 12 0 9 11 11 110ffe1104fe2848fc480ffe150248c46
8559 12 0 9 11 11 110ffe150ffe4447fc444ffe54452a8fa
855e 12 0 9 11 11 110ffe1107fc4047fc404ffe4a4798ca6
8564 12 0 9 11 11 110ffe110fa843ea485beb085be96061e
8568 12 0 9 11 11 110ffe1107fe4a07fe52a54a7c8a14a62
8572 12 0 9 11 11 110ffe1104462987d055e7d4554fe4124
8574 12 0 9 11 11 110ffe11047c444a7c4448feeaa0aadfe
857a 12 0 9 11 11 110ffe110794492ffe4907944887cacb6
857b 12 0 9 11 11 110ffe11072447e724424f7e400a24d42
857e 12 0 9 11 11 110ffe110ffeb5a0407fc4447fc4447fc
8584 12 0 9 11 11 110ffe1108285fe0a48fc4a41fe44482c
8585 12 0 9 11 11 110ffe1104fe480efeaa8ab6484afe92c
8587 12 0 9 11 11 110ffe1102a87ee8123ea40adc456a652
858f 12 0 9 11 11 110ffe1507fc110ffe2083f814452a8fa
859b 12 0 9 11 11 110ffe410f7e924f248fef0897e908f08
859c 12 0 9 11 11 110ffe1107fe4a47a487ef884fe488788
85a4 12 0 9 11 11 110ffe110f284ee728528bee128228cfe
85a8 12 0 9 11 11 110ffe4a47fc000ffe4a2abc2a0122e3e
85aa 12 0 9 11 11 110ffe110206fb8520fbe224fa4724ac4
85ae 12 0 9 11 11 110ffe110550fde3a4554fd4248394c62
85af 12 0 9 11 11 110ffe4a47fc0827f4088ffe604a043fc
85b0 12 0 9 11 11 110ffe1107fc040ffe5547fc040ffe514
85b7 12 0 9 11 11 110ffe1107fc842b5a000ffe080ffe912
85b9 12 0 9 11 11 110ffe150ffe208ffe9022087f4040ffe
85c1 12 0 9 11 11 110ffe110040ffe2087fc514ffe248c46
85c9 12 0 9 11 11 110ffe110224f7e224f7e24277ea4227e
85cf 12 0 9 11 11 110ffe11000abfeaa8efa29aef4aa4afa
85d0 12 0 9 11 11 110ffe110e7c54427cd4437c52892a6ce
85d3 12 0 9 11 11 110ffe1103a2494ffe5487fe5487befc8
85d5 12 0 9 11 11 110ffe11027cf5427cf542fe792afa286
85dc 12 0 9 11 11 110ffe210fbe24a712ae6358e4e358c46
85e4 12 0 9 11 11 110ffe112f5497ef289fef5493a9d4b32
85e9 12 0 9 11 11 110ffe1109fc4a89fe4a83261fc5249fc
85fb 12 0 9 11 11 110ffe11047c24487c4ee0aa2fe454892
85ff 12 0 9 11 11 110ffe1107fc040ffe94a2207fec207fe
8605 12 0 9 11 11 110ffe1102eed203fed545f44445f44ac
8611 12 0 9 11 11 110ffe4887de4a86aa5fa8809fe3025fe
8616 12 0 9 11 11 110ffe4947be4087be488ffe0d0348c46
8629 12 0 9 11 11 110ffe548fee55a7ea12424affc248cc6
8638 12 0 9 11 11 110ffe110fa453efe4abeaa4dbe880faa
864d 12 0 9 11 11 04007c0407fe40244044047c7c044283e
864e 12 0 9 11 11 07c0407fe4424785c247e4004f848ab0e
864f 12 0 9 11 11 07c0407fe4424785c247e4407fe482b1c
8650 12 0 9 11 11 07c0407fe4425f84425fe5007fe5009fc
8651 12 0 9 11 11 07c0407fe4424785c247e4404a458aa7a
8654 12 0 9 11 11 07c0407fe44a5f047e4207fe488470b8e
865a 12 0 9 11 11 07c0407fe4424785c247e4505544d8bfe
865e 12 0 9 11 11 07c0407fe4424fc5485fc424bfe888306
8662 12 0 9 11 11 19ce1007ead255c172fde14095c5543a6
866b 12 0 9 11 11 0400407fc4444444447fc04004407af82
866c 12 0 9 11 11 220220fa0aa0aa0aa0fa02202a23a2c9e
866e 12 0 9 11 11 23c224fa4aa4aa4aa4fa42242a43a4cc6
8671 12 0 9 11 11 ff80080e8f08108fe8928fe810a14afa4
8679 12 0 9 11 11 23e208f88a88a88a88f88208288388cbe
867a 12 0 9 11 11 f9051057e55255257e51051457a5009fe
867b 12 0 9 11 11 210208ffeaa0aa0aa0fa02202a03a0cbe
867c 12 0 9 11 11 22023efa0ac0abca84f882102a03a2c9e
867d 12 0 9 11 11 3f82083f80407fc4444447fc040044ffa
867e 12 0 9 11 11 27e210f90a90a98a94f92210290390c90
867f 12 0 9 11 11 ffe1001fc204c180407fc4447fc044ffa
8680 12 0 9 11 11 410610afe0924924924fe41051461a4e2
8681 12 0 9 11 11 21020afaaaa2aa2aa2f94214288394ca2
8682 12 0 9 11 11 27c204fa4aa4aa4abef822022ba382c9c
868a 12 0 9 11 11 210208ffeaa4aa4aa4f94214288394ce2
868b 12 0 9 11 11 210210ffea92a92aaafaa2c6282382c86
868c 12 0 9 11 11 208208fbea88a88abef882082be388c88
868d 12 0 9 11 11 288288f88a8aaeca88f8828828a3aacce
8693 12 0 9 11 11 23a20af8aabaaa2aa2fba20a28a38acb2
8695 12 0 9 11 11 7fc080ffe110208c467fc4447fc044ffa
869c 12 0 9 11 11 23e214f94aa4abea94f942242a43c4c8c
86a3 12 0 9 11 11 214214fa2aa2ac0a90f902142a43aacf2
86a4 12 0 9 11 11 7fc4443180e0f1e0407fc4447fc044ffa
86a7 12 0 9 11 11 210228fc4a82aa4aa4fa42242a43a4cc4
86a8 12 0 9 11 11 208208fbea88a88afef882142943a2cc2
86a9 12 0 9 11 11 4444447fc040ffe0407fc4447fc044ffa
86aa 12 0 9 11 11 204224f94a84aa4a94f8620c2b4384c84
86ac 12 0 9 11 11 23e222faaaaaaaaaaafaa20829a3aacce
86af 12 0 9 11 11 206238fa0aa0abeaa4fa42242a43a4cfe
86b0 12 0 9 11 11 210210ffea92a92a92ffe292292392cfe
86b1 12 0 9 11 11 220220fbead0a90a9ef9021029e390c90
86b4 12 0 9 11 11 248248f5ea8aaaaacaf4a24a28a3aacd6
86b5 12 0 9 11 11 27e204f84abcaacaacfac23c284384c9c
86b6 12 0 9 11 11 224224ffeaa4aa4aa4fbc2242a43a4cbc
86ba 12 0 9 11 11 20823efaaaaaabeaaafaa27e2a23a2ca6
86c0 12 0 9 11 11 210208fbea88a88a88fbe208288388cbe
86c4 12 0 9 11 11 208208fbea88a88a88fbe2222a23a2cbe
86c6 12 0 9 11 11 23c224fa4abcaa4aa4fbc2242a43a4cfe
86c7 12 0 9 11 11 21027efc2aa0aa4aa8fb02202a23a2c9e
86c9 12 0 9 11 11 208208f94ae2a88a84fbe202294388c84
86ca 12 0 9 11 11 0407fc4447fc044ffa0007fc4a44a4ffe
86cb 12 0 9 11 11 ffe04227c240dfe0407fc4447fc044ffa
86ce 12 0 9 11 11 2fe280ffea90a90a9ef922922a23a2ccc
86cf 12 0 9 11 11 23e222f94a88a94aa2f8823e288388cbe
86d0 12 0 9 11 11 228228ffeaaaaaaaaaffe2aa2aa3aacfe
86d1 12 0 9 11 11 210224ffaa80aa8abefc82082be388c88
86d4 12 0 9 11 11 2fe282f82abaaaaaaafaa2ba282382cfe
86d8 12 0 9 11 11 222214fbea88a88abef882082be388c88
86d9 12 0 9 11 11 20823ef88a88abea80f8823e288388cbe
86db 12 0 9 11 11 250250ffca90a90afef902382d4392c90
86de 12 0 9 11 11 206238f88a88afea88f8823e2a23a2cbe
86df 12 0 9 11 11 20827ef80aa4ac2aa4fa4214288394ce2
86e4 12 0 9 11 11 208208f94ae2a9ca80fbe2222a23a2cbe
86e9 12 0 9 11 11 f7c224264234324c463f82483f8042ffe
86ed 12 0 9 11 11 27e208f90aa4afaa88f8823e288388cfe
86ee 12 0 9 11 11 040ffe0904949123f82482483fa042ffe
86f0 12 0 9 11 11 210f7c214354e242567f82483f8042ffe
86f1 12 0 9 11 11 21027ef90ad2ab4a90ffe2102a83c4c82
86f2 12 0 9 11 11 220226ff8aa4a9aae6f8027e2a83cac8e
86f3 12 0 9 11 11 23e288fa8abeaaaaaafaa22a2ae3a8cc8
86f4 12 0 9 11 11 20827efa2a94a88a94fe22222a23a2cc2
86f8 12 0 9 11 11 24a22cf88abeaa2abefa223e2a23a2ca6
86f9 12 0 9 11 11 2fc228f90afea92afef922fe292392c96
86fe 12 0 9 11 11 22c2caf48afea48a4af6a2c424434acd2
8700 12 0 9 11 11 ffe912ffe2007fe8827f24927f2092fec
8702 12 0 9 11 11 21021efa2a9caeaabef8823e2883fec88
8703 12 0 9 11 11 7fe4007fe5145485a65fc5245fc424bfa
8707 12 0 9 11 11 20cf7024037ee482887fc4447fc044ffa
8708 12 0 9 11 11 23e222fa2abea80abef8827e288394ce2
8709 12 0 9 11 11 206278fd2aaaafca84f8827e288388cb8
870a 12 0 9 11 11 212262faaaaaafaaaafea26a2b23a2cae
870d 12 0 9 11 11 218224fc2abca88a88ffe2082ac3cac98
8712 12 0 9 11 11 2c225cfc4a84a96ad4fd42542de3a0c9e
8713 12 0 9 11 11 26222cfa4ac4aeeaa4fa42642ae3d0c8e
8715 12 0 9 11 11 222214fbeaa2aa2aa2fbe2142943a4cc6
8717 12 0 9 11 11 27c244fc4afca90afef922aa2c6382c86
8718 12 0 9 11 11 24024effaaaaaaaafafaa22a25a34ec80
871a 12 0 9 11 11 0a0fbe0a07bc0a0ffe2482483f8042ffe
871c 12 0 9 11 11 040ffe952524afa0407fc4447fc044ffa
871e 12 0 9 11 11 22427efa4abcaa4abcfa427e2803a4cc2
8721 12 0 9 11 11 21423ef94a94afea80fbe2222be3a2cbe
8722 12 0 9 11 11 23c204f88afea88a98f8023e2aa3aacfe
8723 12 0 9 11 11 242224ffea90afca90ffe2282a83aacce
8725 12 0 9 11 11 22222cff8aa8aaeaaaffa26a2aa3aacb2
8729 12 0 9 11 11 2fe292fbaa92abaa82fba2aa2ba382c86
872e 12 0 9 11 11 20a20affea88aeaaaafaa2e42043aacd2
8731 12 0 9 11 11 21023efaaabeaaaabef942242fe384c84
8734 12 0 9 11 11 23e222fbeaa2abea90f9e22a2ca392ca6
8737 12 0 9 11 11 24a22cffea90afeaa4fbe2642ac3a2c9e
873b 12 0 9 11 11 20823ef88abea88afefa223e2a23beca2
873e 12 0 9 11 11 23e22afbeaaaabea88fbe20829c3aac88
873f 12 0 9 11 11 21027efc2a80aeeaaafaa26e2a83aacce
8747 12 0 9 11 11 27c244ffca90afea92ffe2922fe390c8e
8748 12 0 9 11 11 2fe282ffea92a92abaf962922fe382cfe
8749 12 0 9 11 11 222214fbeaaaabeaaafbe2082be388c88
874c 12 0 9 11 11 21a262faaaa6af2aaafa22662ba2a2fa2
874e 12 0 9 11 11 23e222fbeaa2abea90fbe2522aa3bac86
8753 12 0 9 11 11 210228fc4abaa80aeafaa2ea2aa3e2ca6
8757 12 0 9 11 11 20823efa2abeaa2aa2ffe2082be388cfe
8759 12 0 9 11 11 2102fef82afea80afefaa2aa2fe3aacaa
8760 12 0 9 11 11 23e200fbeaa2abea80fbe22a2be3aacbe
8763 12 0 9 11 11 288248feea90a8eae2fa42ae2a42a4d6c
8764 12 0 9 11 11 242224ffeaa8afeaaafce2822fe382cfe
8765 12 0 9 11 11 79013efd4548b360407fc4447fc044ffa
876e 12 0 9 11 11 22023efe4abcaa4abcf9023c2e4398ce6
8770 12 0 9 11 11 20827ef94aaaadca88ffe2082be388cfe
8774 12 0 9 11 11 24e24affab4eb4ab4afee2aa2aa3aacf6
8776 12 0 9 11 11 22a27efaaaaeaa0abef8827e29c3aacca
877b 12 0 9 11 11 2102fef90afeaaaa92ffe2922fe392c96
877c 12 0 9 11 11 24a22cffea98aacacaf9027e294398ce6
877d 12 0 9 11 11 20827ef88afea90afefa42662bc3a4cbc
877e 12 0 9 11 11 22427efa4afea82a90ffe2382d4392c90
8782 12 0 9 11 11 25e2f2f92af4a98a94ff22922b22dcf90
8783 12 0 9 11 11 21027efa4afeac2a90ffe2202be3a2ccc
8785 12 0 9 11 11 20823efa2abeaa2abefa223e2943b2cdc
8788 12 0 9 11 11 2fe288fbeaa2abeaa2fbe2882ac3aacda
878b 12 0 9 11 11 250296f92ad6a92afef9027e2a4398ce6
878d 12 0 9 11 11 fc80087be4aa7aa02affeaa8fea92e972
8793 12 0 9 11 11 21027cf90afcaa0afef542922fe354c92
8797 12 0 9 11 11 2102fef88abea8aafef8a2be2a23a2cbe
879f 12 0 9 11 11 27e242fbcaa4abcaa4fbc2102fe3a4cc2
87a8 12 0 9 11 11 2242fefa4afeaa8afefaa2aa2d6382c86
87ab 12 0 9 11 11 1107de124fd4288ab67fc4447fc044ffa
87ac 12 0 9 11 11 22827efa8afeaaaafefaa2fe2a43a4cbc
87ad 12 0 9 11 11 2102fef28a92aaaafef102fe2aa3f6c82
87af 12 0 9 11 11 210f9e224fd44889b67fc4447fc044ffa
87b3 12 0 9 11 11 292254ffea82abcaa4fbc2102bc390cfe
87b5 12 0 9 11 11 2fe228ffeaaaafea80fbc2002fe354cb2
87ba 12 0 9 11 11 2fe292ffea92afeaa8fd02242fa354cb2
87bd 12 0 9 11 11 0f07100e0f1e0c0228fbeaaafbe24afbc
87c0 12 0 9 11 11 2102fef90aaaa90aecfba2102fe390c90
87c6 12 0 9 11 11 21427ef94abeaa2abefa227e288394ce2
87ca 12 0 9 11 11 3f8010ffe244c482c8fbeaaafbe28af7c
87cb 12 0 9 11 11 206278fcaaacafeaacfca2002943cacba
87d1 12 0 9 11 11 20823ef94afeaa2abefa223e2883fec88
87d2 12 0 9 11 11 2242fefa4a90afeaa4fc22242fe224fc4
87d3 12 0 9 11 11 238248ffea92afeab0fda22c2da3aacd8
87db 12 0 9 11 11 2422f4f48af0a02af4f982f0292354ce8
87e0 12 0 9 11 11 206278faaafea9caaaffe22a2be3aacbe
87e5 12 0 9 11 11 21423ef94afea88abefaa23e2aa3bece2
87ea 12 0 9 11 11 20827efaaabeaaaabef8a27e2883b2cdc
87ee 12 0 9 11 11 22427ef88abea88afefaa27e2a23a2cbe
87f9 12 0 9 11 11 3be492fe65547de5647de9447fc444ffa
87fe 12 0 9 11 11 238248ffeaa4ac2a88ffe2802be3a2cbe
8803 12 0 9 11 11 040ffe4007fc208ffea4aeeaaaee4aaea
880a 12 0 9 11 11 2102fefa4afeaaaafefaa2fe2a83eccaa
8813 12 0 9 11 11 22427efa4afea82afcf9022a2dc3aacd8
8815 12 0 9 11 11 2fe210ffea92ad4a80ffe2102fe3aacaa
8816 12 0 9 11 11 2482fefa8a7eac8a7ef482fe244238fc6
8821 12 0 9 11 11 1f8210ffe254ca8124ffeaaaf3c28afbe
8822 12 0 9 11 11 0807fc110ffe5149f2fbeaaafbe24afbc
8832 12 0 9 11 11 8be52afbe01053e8ca03efaaabea8afdc
8839 12 0 9 11 11 040ffe444ffe9027f82083f8fbeaaaf7c
883c 12 0 9 11 11 2ee2aafeeaaaac8afefc827e2c43b8cc6
8840 12 0 9 11 11 0400807fc4a44a44a44a44a44a44a4ffe
8844 12 0 9 11 11 23c414f94a94a94abca94a94bd4c1407e
8845 12 0 9 11 11 20844afaca88abea88a88abebc8c08008
884c 12 0 9 11 11 27c4008002fe408c08408408408408438
884d 12 0 9 11 11 29e44080029e444c0440444444448448c
8854 12 0 9 11 11 24e4608802ee444c444e444444446444c
8857 12 0 9 11 11 24e5f084024e5f4c044445f444447458c
8859 12 0 9 11 11 3ee4809e02ae4a4df44045e45245245ec
8861 12 0 9 11 11 2ee5209f035e5f4d545f44445f44a451c
8862 12 0 9 11 11 5fe5509f035e5f4ca45f47245f45245fc
8863 12 0 9 11 11 080040ffe0a0124228610a10248284302
8864 12 0 9 5 11 4020f010202870a8202020
8865 12 0 9 11 11 410210f10110218294712a90210210210
8868 12 0 9 11 11 0407fc0407fc040ffe0a0122e142c8306
8869 12 0 9 11 11 8fe482ea2292444544e445284104284c6
886b 12 0 9 11 11 40220cf3010020228c730a8020220c270
886c 12 0 9 11 11 404204f7e1042042a4714a9420420421c
8870 12 0 9 11 11 040ffe0003f8208ffe2083fa114ec8306
8872 12 0 9 11 11 810410efe2924925aaeaa5c6482482486
8877 12 0 9 11 11 040ffe0407fc4447fc0401a2e142c8306
887d 12 0 9 11 11 80c4f0e102104106fec106104104104fc
887e 12 0 9 11 11 0e0318df60007fc004048ffe124e183c6
887f 12 0 9 11 11 810428e44282410508e7e502404408410
8881 12 0 9 11 11 0407fc040ffe2082083f8122e142c8306
8882 12 0 9 11 11 820420efc224424624dfe620450488506
8884 12 0 9 11 11 80c4f0e102105106fed10428428444582
8885 12 0 9 11 11 1007f84487fe08204cffe120e142c8306
8888 12 0 9 11 11 200fbe2a24a29be040ffe120e142c8306
888b 12 0 9 11 11 12423eee021220e040ffe120e142c8306
888d 12 0 9 11 11 8804fcf042f4494594ef458c48048247e
8892 12 0 9 11 11 8fc484e842844fc684c846844fc4005fe
8896 12 0 9 11 11 810410efe292492592efe5924924924fe
889c 12 0 9 11 11 810410efe21041057ce10538454492410
88a2 12 0 9 11 11 810492e542104fe610c106fe410410410
88a4 12 0 9 11 11 040ffe1100a0ffe0c4358c421a4e183c6
88ab 12 0 9 11 11 8104fee922904fe5c2ea2594488494562
88ad 12 0 9 11 11 088ffe128232cde040ffe120e142c8306
88b1 12 0 9 11 11 84a44ae882be588688d944944944a24a2
88b7 12 0 9 11 11 810428e4428247c500efe5824824824fe
88bc 12 0 9 11 11 82043ce442a8410528ec657c44444447c
88c1 12 0 9 11 11 1147d2110ffe010112fd4208d4a496662
88c2 12 0 9 11 11 fc22127d2c52286140ffe120e142c8306
88c5 12 0 9 11 11 9105fe110310d7c040ffe120e142c8306
88c6 12 0 9 11 11 810492e542104fe602c026fe4024024fe
88c9 12 0 9 11 11 47e242f7e1422422fe748aca244254262
88ce 12 0 9 11 11 87c444e4427c4006fec1067c4104104fe
88d2 12 0 9 11 11 040ffe08073c4047bc4047fc114ec8306
88d4 12 0 9 11 11 040ffe120e142c83067fc5146fc5145f4
88d5 12 0 9 11 11 828444e92228444582e7c54444444447c
88d8 12 0 9 11 11 048ffe444358cc6040ffe120e142c8306
88d9 12 0 9 11 11 8fc424efe2244fc520e405fc4844844fc
88df 12 0 9 11 11 210954452094218c607fe120e142c8306
88e2 12 0 9 11 11 88445ee082144d455ee4455e4444a449e
88e3 12 0 9 11 11 810428e4428247c600ca26544544084fe
88e4 12 0 9 11 11 8084fee902fe4a05a8ebe5884fe488508
88e5 12 0 9 11 11 89e442e022ba4aa5aaeba5aa4aa4ba486
88e8 12 0 9 11 11 8204fee922fe4925fee285484fe408408
88f0 12 0 9 11 11 8ee422eaa2444aa600cee62a4aa4444aa
88f1 12 0 9 11 11 8104fee102fe4106fec2864a5c4454462
88f3 12 0 9 11 11 248ffe802bfa2083f8040ffe114ec8306
88f4 12 0 9 11 11 0a0fbe0a07bc0a0120ffe144e242187c6
88f8 12 0 9 11 11 8fe492efe2924fe510efe538454492410
88f9 12 0 9 11 11 040ffe4447fc444ffe248ca6114ec8306
88fc 12 0 9 11 11 8fc484efc2844fc640cfe52a64a492426
88fe 12 0 9 11 11 8fe482e822fe4885fee885be4a24a253e
8902 12 0 9 11 11 8484e8e482485fc60ac486e8448478588
890a 12 0 9 11 11 8104fee822fe4805feeaa5aa4fe4aa52a
8910 12 0 9 11 11 87c444e7c24447c520e7e58a45647a406
8912 12 0 9 11 11 040ffe2844fcc105fe4541a2e142c8306
8913 12 0 9 11 11 85e452e9229e588688cbe68849c4aa488
8919 12 0 9 11 11 8284eae2c26a4ae57ce4457c44447c444
891a 12 0 9 11 11 8204fae242284fe520e7c5444fc44447c
891b 12 0 9 11 11 892454efe238554692d204fe4244384c6
8921 12 0 9 11 11 8445fee442384446bac006fe4824824fe
8925 12 0 9 11 11 8fe480efe2aa4a45b2e845fe4a449450c
892a 12 0 9 11 11 89e452e1e2124de654c5665445a4a049e
892b 12 0 9 11 11 8fc488ebe2aa4ac5baeae5a04dc494526
8934 12 0 9 11 11 8284a8eae2b04a4622c006fe4aa4aa5fe
8936 12 0 9 11 11 9ee4aae662aa422510efe5824fe4824fe
8941 12 0 9 11 11 8dc454e5c2c84be5aaeea57e44844a4be
8944 12 0 9 11 11 040ffe4a47bc1107fc110ffe114ec8306
895e 12 0 9 11 11 7884fe7a487ef884fe488ffe124e183c6
895f 12 0 9 11 11 8444eee442ee5546fec006fe4104544b2
8966 12 0 9 11 11 8fe410efe292454600cfe6104fe4aa4aa
897f 12 0 9 11 11 ffe110110ffe912912912a1ec02802ffe
8981 12 0 9 11 11 ffe0a07fc4a47fc080ffe1083100e0f1e
8983 12 0 9 11 11 ffe110ffe912ffe2083f8208ffe040040
8986 12 0 9 11 11 ffe4a47fc24047e9842844fcd444385c6
89c1 12 0 9 11 11 7fc4044044444444444440a00a2122e3e
89c2 12 0 9 11 11 07cf4415495455455425421052a54a88e
89c4 12 0 9 11 11 27c244f54254254f5425421052a54a88e
89c5 12 0 9 11 11 01efe44842487fc4044444440a0122e3e
89c6 12 0 9 11 11 8fc484e94294494494e9451042a44a58e
89c7 12 0 9 11 11 47c444754454454454f5491092a94af8e
89c8 12 0 9 11 11 12093e9289447fc4044444440a0122e3e
89c9 12 0 9 11 11 484248ffe802bfa2082482480a0122e3e
89ca 12 0 9 11 11 abeaa2faa02afaa0aa0aaf8881a9aae4e
89cb 12 0 9 11 11 fbe22222aaaaaaaaaa76a20821a3aac4e
89cc 12 0 9 11 11 23efa222afea46ab2a52afc811a2aac4e
89ce 12 0 9 11 11 7be862faa02aeaaaaaeaaaaaea8a34a66
89cf 12 0 9 11 11 53efe252afea52afeaaaaf88a8afda8ae
89d0 12 0 9 11 11 53efa252afaaaaafaa22af8821a3aac4e
89d1 12 0 9 11 11 3be222faaa2abaae2abaaa88edaaaafce
89d2 12 0 9 10 11 2003f0410ffc4447fc4447fc44444484c
89d6 12 0 9 11 11 41071097cf94a94f94afef90a90aa8ac6
89da 12 0 9 11 11 40273c92afaaaaafaaaaafaaaaaaaeada
89dc 12 0 9 11 11 1125dc512fee2107fcc447fc4447fc844
89de 12 0 9 11 11 42073e940fbca88f90abef92aa6a8aa96
89e3 12 0 9 11 11 23e392492fe65407d455e7e455e544944
89e5 12 0 9 11 11 410752952fb4a90ffeaa8fa8aaaaaaace
89e6 12 0 9 11 11 40870893efaaaaafaaabef88a8aa8eab2
89eb 12 0 9 11 11 40877e908fbeaaafaaabef88a9caeaa88
89ef 12 0 9 11 11 42271493efaaabefaaabef88abea88a88
8a00 12 0 9 11 11 080040ffe0007fc0007fc0007fc4047fc
8a07 12 0 9 11 11 2003fe4828427fa0023f20023f22123f6
8a3e 12 0 9 11 11 220ba6a38a22ffe000ffe0007fc2083f8
8a48 12 0 9 11 11 ffe912ffe0003f8000ffe0003f82083f8
8a79 12 0 9 11 11 1f02107fec887064207fe4005fc5049fc
8a89 12 0 9 11 11 484248ffe110208c467fc0007fc4047fc
8a8a 12 0 9 11 11 2482507fc110ffe2485f48027fc2083f8
8a93 12 0 9 11 11 20cf7024037ee48288ffe0007fc4047fc
8b07 12 0 9 11 11 ffe9127fc110ffe2485f48023f82083f8
8b26 12 0 9 11 11 fbc224ffeaa4f98864ffe0007fc4047fc
8b66 12 0 9 11 11 520ffe5547580a4ffe0007fc2082083f8
8b6c 12 0 9 11 11 7884fe7a487ef884fe788040ffe2083f8
8ba0 12 0 9 5 11 40200000e0202020283020
8ba1 12 0 9 11 11 410210010010cfe410410410510610410
8ba2 12 0 9 11 11 47e208008008e08208208208288308238
8ba3 12 0 9 11 11 410210010010e18214212210290310210
8ba4 12 0 9 11 11 410210010010e10210228228244344282
8ba5 12 0 9 11 11 8f8488088088c8848848848848a68a50e
8ba6 12 0 9 11 11 87c410010010c104fe410410510610410
8ba7 12 0 9 11 11 4fe210010010c104104104105106104fe
8ba8 12 0 9 11 11 4042040fe004e0424422422428430421c
8ba9 12 0 9 11 11 410210010010e1e2102102102903102fe
8baa 12 0 9 11 11 810410010092c924924924925926924fe
8bab 12 0 9 11 11 84047e080100cfc40841042044068247e
8bad 12 0 9 11 11 882492092092c92492492492492692502
8bae 12 0 9 11 11 820492092082c444444444285106284c6
8baf 12 0 9 11 11 9f8408048048c485f844844854a64a444
8bb0 12 0 9 11 11 8fc404004004c044fc48048058268247e
8bb2 12 0 9 11 11 8444441fe044c444445fe444444684504
8bb3 12 0 9 11 11 8204201fe020cfc4205fe42242262c420
8bb4 12 0 9 11 11 8fe4800a4094c884884944945a46804fe
8bb5 12 0 9 11 11 4fe2800800fcc844844844fc4806804fe
8bb6 12 0 9 11 11 8fe444044084cfe41441442464458440c
8bb7 12 0 9 11 11 8104100fe092c924aa4aa4c6482682486
8bb8 12 0 9 11 11 8804fc110010c105fe410410410610410
8bb9 12 0 9 11 11 850450092094d984b049049049269248e
8bba 12 0 9 11 11 810428044182c4044444847044264243e
8bbc 12 0 9 11 11 848448084084d0242042044454469a4e2
8bbd 12 0 9 11 11 8fc4840cc0acc944944ac4ac4c4686502
8bbe 12 0 9 11 11 878448048048d8e4004fc4844486305ce
8bbf 12 0 9 11 11 8204101fe040c4047c444444484684518
8bc0 12 0 9 11 11 8204200fc024c244245fe420450688506
8bc1 12 0 9 11 11 9fe410010010c9049e4904904906905fe
8bc2 12 0 9 11 11 4102100fe010e1021027c2442c434427c
8bc3 12 0 9 11 11 9fe4040040f4c944944944f450460441c
8bc4 12 0 9 11 11 8fe410092054c104fe410410510610410
8bc5 12 0 9 11 11 4fc2840840fcc844844fc4844846845fe
8bc6 12 0 9 11 11 8fc484084084c844fc400400448684502
8bc8 12 0 9 11 11 84044007e0a0d2043e42042053e620420
8bc9 12 0 9 11 11 80c4f0080080cfe48849848c58a688508
8bca 12 0 9 11 11 81042804418ac304c44084324c46184e0
8bcb 12 0 9 11 11 80c4f0090090c904fe49048848a6a64d2
8bcc 12 0 9 11 11 84047c084108cfe4024024fe4026024fe
8bcd 12 0 9 11 11 8fe4020fa002cfa48a48a48a4fa60240e
8bce 12 0 9 11 11 810492092092cfe4104104925926924fe
8bcf 12 0 9 11 11 8fe412012022cc640047e44254264247e
8bd1 12 0 9 11 11 4fe282044038ec621027c2102fe310210
8bd2 12 0 9 11 11 820420048084dfa4024fc4845846844fc
8bd3 12 0 9 11 11 8fe4800be088c884be4884885be6804fe
8bd4 12 0 9 11 11 4102100fe010c7c4104fe438454692410
8bd5 12 0 9 11 11 8144121fe010c105f044844844a676582
8bd6 12 0 9 11 11 81047c010010cfe40041047c5106104fe
8bd7 12 0 9 11 11 81047c010010cfe4044fe44452460441c
8bd8 12 0 9 11 11 8104101fe010c104fc4004fc5846844fc
8bd9 12 0 9 11 11 8805fe080088caa4aa4cc488688514462
8bda 12 0 9 11 11 40a20a0fe088cea4aa4aa4a44e468a532
8bdb 12 0 9 11 11 8904900fc110c105fe410438454692410
8bdc 12 0 9 11 11 8904900fc110c105fe44844848a68a50e
8bdd 12 0 9 11 11 80c4f0010010cfe41041047c54464447c
8bde 12 0 9 11 11 9c245c084104dd645455455449e74053e
8bdf 12 0 9 11 11 80e4f0080080cfe4804be4a24a26a253e
8be0 12 0 9 11 11 810428044182c7c41041047c4106104fe
8be1 12 0 9 11 11 4402780881fec804bc4a44ac4a06a251e
8be2 12 0 9 11 11 84047e08217ac4a47a44a44a57a60240c
8be3 12 0 9 11 11 88248c0f0082c7e4004fe4825fe6824fe
8be4 12 0 9 11 11 8404780880fcc145fe4144fc410610470
8be5 12 0 9 11 11 4102fe020044cf84104224c44086344c2
8be6 12 0 9 11 11 4442280fe010e1027c2102102fe310210
8be7 12 0 9 11 11 8105fe10211ace042043e5e042062241e
8be8 12 0 9 11 11 8fe4820200fec404904fe4104fe610410
8be9 12 0 9 11 11 4ee2220aa066e222222662aa222322266
8beb 12 0 9 11 11 80a40a1fe008caa4aa5fa4a44a46aa532
8bec 12 0 9 11 11 4fe210010054e542542ba2922103102fe
8bed 12 0 9 11 11 8fe4200fc044c445fe4004fe4826824fe
8bee 12 0 9 11 11 8924540100fec824fe4824fe582682486
8bef 12 0 9 11 11 8fc4840840fcc004fc4105fe4106285c6
8bf0 12 0 9 11 11 8904fc110010dfe4004fc4844846844fc
8bf1 12 0 9 11 11 47c2100fe038c5459247c42442664258c
8bf2 12 0 9 11 11 8804fe1000fcca44945fe4a44946fe404
8bf3 12 0 9 11 11 95e484084144c4445e4c454444464459e
8bf4 12 0 9 11 11 8844480fc084c844844fc44854a68a50e
8bf5 12 0 9 11 11 8fc4280100fec924fe4924fe592692496
8bf6 12 0 9 11 11 8204440fa040c7c4904104fe428644482
8bf7 12 0 9 11 11 8104fc0100fcc105fe4844fc5846fc484
8bf8 12 0 9 11 11 8204fa024028dfe42047c5c447c64447c
8bf9 12 0 9 11 11 9f04ae0ea0aacaa4ea4aa4aa6f45aa432
8bfa 12 0 9 11 11 8445fe044020dfe4204404fe54264247e
8bfb 12 0 9 11 11 8104fc0101fec425284885fe410664582
8bfc 12 0 9 11 11 8fe4100220d4c584684cc45a52a6c8430
8bfd 12 0 9 11 11 8484481ce048c485ce4484485ce648448
8bfe 12 0 9 11 11 4fe2920fe092cfe4104fe438454692410
8bff 12 0 9 11 11 40e2f00100fec544924204fe4246384c6
8c00 12 0 9 11 11 8504960920d6c924924fe410528644482
8c01 12 0 9 11 11 8504480fe188cfe4884884fe5886884fe
8c02 12 0 9 11 11 410228044192c0847c4044085506c453a
8c03 12 0 9 11 11 8fe4920ba092cba4824ba4aa5ba682506
8c04 12 0 9 11 11 82043c044188c204ce4824ee4826824fe
8c05 12 0 9 11 11 8105fe0000fcc844844fc410694512430
8c06 12 0 9 11 11 8105fe0840fcc004fc4084105fe610430
8c07 12 0 9 11 11 4102fe000044e442aa2102fe210310210
8c08 12 0 9 11 11 410252094010c284c64104524946284c6
8c0a 12 0 9 11 11 8105fe1020fcc844fc4844fc4846845fe
8c0b 12 0 9 11 11 4442fe04407cc4447c4104fe438654492
8c0c 12 0 9 11 11 8444fe04407cc4447c4445fe4a86c44fe
8c0d 12 0 9 11 11 4542fe05405cc4047e4104fe438654492
8c0e 12 0 9 11 11 8485fe048020dfe4804fc4004a86aa52e
8c0f 12 0 9 11 11 4102fe0100fecd64ba4924fe438654492
8c10 12 0 9 11 11 8884ea08c0aacce4104fe4825fe6824fe
8c11 12 0 9 11 11 41c2100fe092cfc4924be4a04fe6a053e
8c12 12 0 9 11 11 8fc4840fc084cfc4404fe5124aa6fa406
8c13 12 0 9 11 11 9fe5121fe112dfe4844fc4844fc68448c
8c14 12 0 9 11 11 4ee2aa0ee000c7c4004fe44047c604418
8c15 12 0 9 11 11 43024808417ac004ea4aa4ea4aa6e24a6
8c16 12 0 9 11 11 80e5f20541fec205fe44047c6a45184e6
8c17 12 0 9 11 11 8784881fe092cfe4285ce4304cc63040c
8c19 12 0 9 11 11 8104fe044028cfe40047c44457c64447c
8c1a 12 0 9 11 11 8104fe044028cfe4884b248c4b268c570
8c1b 12 0 9 11 11 4102fe044028efe29227c25425435c210
8c1c 12 0 9 11 11 9084aa01c008dbe48849c4aa68854053e
8c1d 12 0 9 11 11 8104fe0820fec804fe4aa4aa5fe6aa52a
8c1f 12 0 9 11 11 8485fe0480fcc844fc4845fe430648586
8c20 12 0 9 11 11 4922540fe082e7c24424427c22834a28e
8c22 12 0 9 11 11 8444e40be0e4ca44f44ac5e44646a456c
8c23 12 0 9 11 11 4062f8092c544804fe4104fe4106924fe
8c24 12 0 9 11 11 8104fe0440fec824104fe42053e64258c
8c25 12 0 9 11 11 8824441fe000c445824004fe4aa6aa5fe
8c26 12 0 9 11 11 8885fe0501fcc545fe4545fc4506d8556
8c27 12 0 9 11 11 4202140a8132c645bc4004fe4aa6aa5fe
8c28 12 0 9 11 11 8444fe0440fec924924fe4104fe6104fe
8c29 12 0 9 11 11 47c24407c044cfe4aa4fe4444286104ee
8c2a 12 0 9 11 11 4102fe0440fec924ba4924ba4aa6ba486
8c2b 12 0 9 11 11 4242fe0000eacaa4ea4a64004fe6224cc
8c2c 12 0 9 11 11 4ee2220aa066caa43844459a46060c4f0
8c2d 12 0 9 11 11 4fe2280fe0aaefe24427c2442fe310210
8c2f 12 0 9 11 11 8484fe1880fec884fe4884fe4006aa4aa
8c30 12 0 9 11 11 93e48201217ed1257e55655657e73a556
8c31 12 0 9 11 11 8845fe0480ccdfe4004fc4845fc6844fc
8c32 12 0 9 11 11 87c4080fe032c545904fe4aa4de6aa4ba
8c33 12 0 9 11 11 8445f60441fed145b45f45545fa75a532
8c34 12 0 9 11 11 9084be02a07ed804bc4a44be4a26a257e
8c35 12 0 9 11 11 8784881fe0a4cc24884fe4804be6a253e
8c36 12 0 9 11 11 8aa4aa1581feca85ba4aa5b44a46aa5d2
8c37 12 0 9 11 11 110208c460a0318c063f82082082083f8
8c41 12 0 9 11 11 214fa2a88714222fc023efa28a28a2fbe
8c46 12 0 9 11 11 ffe0007fc4044047fc000208108110ffe
8c47 12 0 9 11 11 fbe008f88888888f880088884885c8e3e
8c49 12 0 9 11 11 fc8008fbe888888fbe0228a24945c8e36
8c4c 12 0 9 11 11 f100fee82a40a6eeaa0aaa6ea28b4ac8e
8c55 12 0 9 11 11 ffe040182e440681b0e280681a4e220c0
8c5a 12 0 9 11 11 efea10a22ed4a18a28ecca1aa2aac8a30
8c61 12 0 9 11 11 3f0410ffc4447fc1c2e64198e74192e60
8c62 12 0 9 11 11 244248ffe110ffe4449aa6701a8e260c0
8c6a 12 0 9 11 11 040ffe2083f8000ffe8c236ccb0328cc6
8c6b 12 0 9 11 11 f38148afe452f7e5306da42c4da42acd8
8c73 12 0 9 11 11 842bde94aa52d6a9ceb5adee94aa52ffe
8c78 12 1 9 9 11 030fc0248130fc0060190e301d0e100e0
8c79 12 0 9 11 11 140e4057e282d02322512b1250290260c
8c7a 12 0 9 11 11 104e0457e204d0c30c514b2454490461c
8c82 12 0 9 11 11 17ee12512222d4630057eb4254294267e
8c85 12 0 9 11 11 3a8d2854837edc8348d5836cd4a148648
8c89 12 0 9 11 11 240c7c684d48430a483866fca84284cfc
8c8a 12 0 9 11 11 17ee0851027ed4234257eb4254294267e
8c8c 12 0 9 11 11 110e7c54427cd4434457cb2852a94a68e
8c94 12 0 9 11 11 390d7e54a3d2d6a342d7e348d7e1486f6
8c98 12 0 9 11 11 248dfe648cfc484afc2847fea30248d86
8d1d 12 0 9 11 11 7fc4044444444444444444440a0318c06
8d1e 12 0 9 11 11 04007e0407fc4044444444440a0318c06
8d1f 12 0 9 11 11 2003f0410ffc4044444444440a0318c06
8d21 12 0 9 11 11 7fc040ffe0007fc4044444440a0318c06
8d22 12 0 9 11 11 f84884afea84a8ca8ca94aa424450489c
8d23 12 0 9 11 11 040ffe0407fc040ffe4044444441b0e0e
8d24 12 0 9 11 11 17e9429249181667fc4044444441b0e0e
8d25 12 0 9 11 11 fa08a0abeac4aa4aa4aa8aa82105288c6
8d26 12 0 9 11 11 fa48a4aa8ab0aa0afeaa8aa82245248b2
8d27 12 0 9 11 11 12222cef022221e7fc4044444441b0e0e
8d28 12 0 9 11 11 01c7e04207fe4205fc50452452445098c
8d29 12 0 9 11 11 f868b8aa0aa0abeaa2aa2ab42285548a2
8d2a 12 0 9 11 11 0e0318c463f80107fc4044444441b0e0e
8d2b 12 0 9 11 11 110208c063f81082187fc4444441b0e0e
8d2c 12 0 9 11 11 f868f8a90a88afea82a84a842085308ce
8d2d 12 0 9 11 11 fa08beac2a92a92a92aaaaaa27650288c
8d2e 12 0 9 11 11 f90888abeaa2aa2a80a80a802005008be
8d2f 12 0 9 11 11 3f8248ffe2483f80007fc4444441b0e0e
8d30 12 0 9 11 11 014ffe0107d0010ff045054854a286c62
8d31 12 0 9 11 11 f94892a9eaf0a90a9eaf0a9220c51a8e6
8d32 12 0 9 11 11 0407fc248ffe2087fc4044444441b0e0e
8d33 12 0 9 11 11 488ffe4884f84007fe4044444441b0e0e
8d34 12 0 9 11 11 f88888a8ea88a88a88abeaa22225228be
8d35 12 0 9 11 11 0407fc4447fc040ffe4044444441b0e0e
8d36 12 0 9 11 11 ffc884a84a84a84afcaa8aa822a54a88e
8d37 12 0 9 11 11 12423eee021220e7fc4044444441b0e0e
8d38 12 0 9 11 11 f7e8128a2fcc0003f82082482481b0e0e
8d39 12 0 9 11 11 120ffc124ffe922ffe4044444441b0e0e
8d3a 12 0 9 11 11 200fbe2a24a29be0007fc4444441b0e0e
8d3b 12 0 9 11 11 f90890aa4aa4afaa80abeaa22225228be
8d3c 12 0 9 11 11 f8a88aafea88aaaaaaafaaa422454a892
8d3e 12 0 9 11 11 ffe110ffe912ffe0007fc4444441b0e0e
8d3f 12 0 9 11 11 f908fea90aa0abeae2abeaa223e5228a6
8d41 12 0 9 11 11 2fc410dfe4104fc0007fc4444441b0e0e
8d42 12 0 9 11 11 f9089eaa2ad4a88a94ae2abe2225228be
8d43 12 0 9 11 11 f888beaa0aa4aa4abeaa4aa42245248de
8d44 12 0 9 11 11 44027e092228cc60007fc4444441b0e0e
8d45 12 0 9 11 11 f888fea90aa4af8a90aa2ac42085148a2
8d46 12 0 9 11 11 fbe8a2aa2abeaa4aa4ad2a8a20051088c
8d47 12 0 9 11 11 f8c88aafea88acaaaca88a9c22a548898
8d48 12 0 9 11 11 ffe880abca80afeaa8aa8aaa2a45b48a2
8d49 12 0 9 11 11 0407fc248ffe150e4e7fc4444441b0e0e
8d4a 12 0 9 11 11 f988a4ac2abca80a80afea8822c54a898
8d4b 12 0 9 11 11 f76904bfeb04b14b54b5cb5425455a8e2
8d4c 12 0 9 11 11 f908faa94a98afea90abeaa227e5228be
8d4d 12 0 9 11 11 040ffe248554ffe8027fc4444441b0e0e
8d4e 12 0 9 11 11 f908fca90afeaa2ad8aa8afe2105248c2
8d4f 12 0 9 11 11 248ffe802bfa2087fc4044444441b0e0e
8d50 12 0 9 11 11 fbe8a2abeaa2abea90a9eaaa24a5128a6
8d53 12 0 9 11 11 0207fe4247fe4245fc4887fe524450b8e
8d54 12 0 9 11 11 f888bea80aa2a94afea80abe2225228be
8d56 12 0 9 11 11 210fdc224ffeaa2aaafaa22a708ad4222
8d58 12 0 9 11 11 220fbe244fd4488bfe2082482481b0e0e
8d59 12 0 9 11 11 f8a8fea88abeaaaabeaaaa8427e52488c
8d5a 12 0 9 11 11 fa4afeaa8afeaaaafeaaaafe22856c8aa
8d5b 12 0 9 11 11 040ffe9127fc110ffe2087fca4a0a071c
8d5c 12 0 9 11 11 f8897e908bbea88afeaa2baa92a914fa2
8d5e 12 0 9 11 11 a28fbe248fbe5149a67fc4444441b0e0e
8d60 12 0 9 11 11 fa48fea92ad6afea80abcaa423c5248bc
8d61 12 0 9 11 11 e7ca88bfea94ae2a88afea800fe54297e
8d62 12 0 9 11 11 040ffe4007fc208ffeaaaeaaaaee4aaaa
8d63 12 0 9 11 11 210fbc564f988e6fbc888fbe222f88276
8d64 12 0 9 11 11 0407fc040040ffe110514512912210430
8d66 12 0 9 11 11 1107d011e124fd42946d4ab42884949a2
8d67 12 0 9 11 11 13e7e212212efe02be6b2aea2a44aa9b2
8d6b 12 0 9 11 11 208fbe208208fbe514514db6554514b2c
8d6d 12 0 9 11 11 210fba214218ffe5105bed6253e522b3e
8d70 12 0 9 11 11 0407fc040040ffe04024027c2405c083e
8d73 12 0 9 11 11 1027d2112112fd21125165da502b008fe
8d74 12 0 9 11 11 1107d0110118fd41125105d0510b008fe
8d75 12 0 9 11 11 1007c2122114fd41085145d2522b008fe
8d76 12 0 9 11 11 13e7c8108108fbe1085085c8508b008fe
8d77 12 0 9 11 11 13c784104104fbc1205225a251eb008fe
8d81 12 0 9 11 11 2187242ca210f64218a62b0ca70e009fe
8d84 12 0 9 11 11 13c7a412413cfa413c5245a457eb008fe
8d85 12 0 9 11 11 13e7d2112126fc013e5225e253eb008fe
8d8a 12 0 9 11 11 10a7be12812afaa12452c5b652ab008fe
8d8b 12 0 9 11 11 11079e122104fbe10253e58253eb008fe
8d94 12 0 9 11 11 2f274a27a25af7a29aa2ab42a86e009fe
8d9f 12 0 9 11 11 14a7ac10813efa213a52a5ba526b008fe
8da3 12 0 9 11 11 2f875027e252f7a254b74adaa12e009fe
8db1 12 0 9 11 11 25477e2a42fef542aaa7cb54a28ec49fe
8db3 12 0 9 11 11 7fc4044044047fc04024027c2405c083e
8db4 12 0 9 11 11 f48948948f48248248b48a84a84a84d02
8db5 12 0 9 11 11 f4094097ef42282222b12a12a02b02c0c
8db8 12 0 9 11 11 ffe1001fc204c180007fc4047fe240dfe
8dba 12 0 9 11 11 f1091097cf102102feb10a28a28b44c82
8dbc 12 0 9 11 11 f7e924924f242242feb24a24a44b44c84
8dbe 12 0 9 11 11 f10910910f5025e250b50a50a50b50cfe
8dbf 12 0 9 11 11 ffc944944f4824e242b62a54a48b54ca2
8dc3 12 0 9 11 11 f0c970910f102102feb10a28a28b44c82
8dc4 12 0 9 11 11 f10928944f8227c244b44a5ca40b42c3e
8dc6 12 0 9 11 11 f10910924f442fa200b7ea42a42b42c7e
8dcb 12 0 9 11 11 f289249fef2022023cb24a24a54b48cb6
8dcc 12 0 9 11 11 f5095097cf90210210afeb10a28b44c82
8dce 12 0 9 11 11 f109fe982f40244248b70a40a42b42c3e
8dcf 12 0 9 11 11 e80a8ebeaeaa2aa2aabaaaaaaaaaaad6e
8dd1 12 0 9 11 11 f4097e982f7a24a24ab7aa46a40b42c3e
8dd6 12 0 9 11 11 f7e910910f1022023eb62aa2a22b22c3e
8dd7 12 0 9 11 11 f2492495ef442c4254b4ca44a44b44c4c
8dda 12 0 9 11 11 eeeaaaaaaeaa2aa2febaaaaaaaabaac76
8ddb 12 0 9 11 11 f0897e94af4827e242b62a54a48b54ca2
8ddd 12 0 9 11 11 f7e940940f7e242242b42a7ea40b40c7e
8dde 12 0 9 11 11 f0c970940f902902feb10a54a52b92c30
8ddf 12 0 9 11 11 f7e94297ef4224227eb48a4aa44b54c62
8de3 12 0 9 11 11 f5095097cf902102feb28a28a4ab4ac8e
8de4 12 0 9 11 11 f109fe900f44282244b44a28a10b28cc6
8de8 12 0 9 11 11 f109fe928f442ba200b7ea20a3cb04c18
8dea 12 0 9 11 11 f2093c944f7e2c025eb52a56a50b52c8e
8deb 12 0 9 11 11 ffc2243b4c463f82083f804027c3c0c3e
8dec 12 0 9 11 11 f1097c910f102fe200b10a7ca10b10cfe
8def 12 0 9 11 11 f2093c944fa8210228bc6a7ca44b44c7c
8df3 12 0 9 11 11 f289289aaf6c228228b6caaaa28b4ac8e
8df5 12 0 9 11 11 f1491291ef7021021eb70a12a0cb1ace6
8df7 12 0 9 11 11 f20926978f2421a266b00afea28b4ac8e
8df8 12 0 9 11 11 f4894a96cf4825a26eb10a10afeb10c10
8df9 12 0 9 11 11 f8295c904f042de244b44a44a44ba0c9e
8dfa 12 0 9 11 11 f78948948f4828e210b10afea38b54c92
8dfb 12 0 9 11 11 f109fe944f28210228ac6b44a44b44c84
8dfd 12 0 9 11 11 f7c904904f7c240242b3ea20a54b4acba
8e05 12 0 9 11 11 20cf7024037ee482887fc4047fe240dfe
8e09 12 0 9 11 11 f1097e942f7e24227eb48a4aa44b54c62
8e0a 12 0 9 11 11 f7c928910f7e25227eb52a7ea52b52c56
8e0c 12 0 9 11 11 f0897e908f7e2102feb24a7eaa4b14c0c
8e0f 12 0 9 11 11 f089ea92cf4a298200b7ea42a7eb42c7e
8e14 12 0 9 11 11 f1091e910f7c24427cb44a7ca10b7ec10
8e1d 12 0 9 11 11 f7e94a97ef4a27e208b7ea18a2cb4ac08
8e1e 12 0 9 11 11 f7e942942f7e24827eb48a7ea62ba2cbe
8e1f 12 0 9 11 11 f4094e97afaa22a2fab2aa2aa5ab4ec80
8e22 12 0 9 11 11 f7e94297ef4227e220b7eaaaa4ab92c26
8e23 12 0 9 11 11 f1097c900f442282feb00a7ca44b44c7c
8e29 12 0 9 11 11 f069f8922f92244210afeb38a54b92c10
8e2a 12 0 9 11 11 f109fe982f0027c200afeb10a54b92c30
8e2c 12 0 9 11 11 e06af8a88efe2882beba2aaaaaaa94d22
8e2e 12 0 9 11 11 f0897e940f4824e248b48a5ea52b52c9e
8e2f 12 0 9 11 11 f1eaaabfae4a24c24abfaa4aaaea98d08
8e31 12 0 9 11 11 f0897e954f7e25425cb40a5ea52b4ccb2
8e35 12 0 9 11 11 f7c9109fef5427c254b7ca10a7cb10cfe
8e39 12 0 9 11 11 f5295297ef002fe210bfeaaaaaabaac86
8e3a 12 0 9 11 11 f089de94af7e28a2deb48a5eac8b68c9e
8e3d 12 0 9 11 11 f0e970910f7e25227eb10a7ea52b7ac46
8e40 12 0 9 11 11 f549fe954f5c24027eb10afea38b54c92
8e41 12 0 9 11 11 f1097e942f7e24027eb6aa6aa7eb6acaa
8e42 12 0 9 11 11 f7c9089fef322542b0b10afea38b54c92
8e44 12 0 9 11 11 f109fe944f282fe292b7ca54a54b5cc10
8e47 12 0 9 11 11 040ffe9127fc110ffe5149f225c3c0c3e
8e48 12 0 9 11 11 f069f8922f942202ceb82aeea82b82cfe
8e49 12 0 9 11 11 f449fe910ffe2102feb20a7ea88b08c7e
8e4a 12 0 9 11 11 f7a992954f282522feb10afea28a44f82
8e4b 12 0 9 11 11 f7c94497cf4427c300aeeaaaa66baac66
8e51 12 0 9 11 11 ffe94497cf4425e2e4b00aeeaaab44caa
8e52 12 0 9 11 11 f449fe944ffe2282febaaaaaad6b82c86
8e59 12 0 9 11 11 0127fe4927d44a87fa90e9f824c3c0c3e
8e66 12 0 9 11 11 e10a92afee002ee2aabeeaaaaeebaacb6
8e69 12 0 9 11 11 aa023efc4a94f98ae61081f824c3c0c3e
8e6c 12 0 9 11 11 f6a92c9aaf4427c282b7ca44a7cb28cfe
8e6d 12 0 9 11 11 f449fe992fd62fe200b7ca44a7cb44c7c
8e6f 12 0 9 11 11 f0e9f0954ffe254292bfea92afeb92cfe
8e70 12 0 9 11 11 efea80afae822be2aabbaa86aaabaacf6
8e72 12 0 9 11 11 f449fe928ffe2aa2aabdea82afeb44c2c
8e74 12 0 9 11 11 f4a9ea908ffe2a82a8be8a54af4b54ce6
8e76 12 0 9 11 11 ffe8888defaa2f22a4aa4b74a2aa4af52
8e7c 12 0 9 11 11 faa96c9fef442fe210afeb10afeb28cc6
8e7f 12 0 9 11 11 f109fe9aaf4429227cb54afea92bfec10
8e81 12 0 9 11 11 f7c94497cfee2aa2eeb10afea38b54c92
8e85 12 0 9 11 11 efeaaaafee402fe322afaaaaafab2acf6
8e87 12 0 9 11 11 f489fe948f202fa224bfea44afcb44c7c
8e8f 12 0 9 11 11 f249fe924f9e2422aabbeaeaabebaacbe
8e90 12 0 9 11 11 f549a8954ffe2922aabfea94adcb94cda
8e94 12 0 9 11 11 f089fe9aafbe2aa2feb94aeaabeb88d7e
8e9c 12 0 9 11 11 e94afeb44eee2442aabfea92a92b28cc6
8eab 12 0 9 11 11 0803f82083f82083fa20cff8048188e38
8eac 12 0 9 11 11 23e7824827be4a07a04bef8228248299c
8eaf 12 0 9 11 11 27e740564754554748548f54364540b7e
8eb2 12 0 9 11 11 27874854874858e710510ffe338554b92
8eba 12 0 9 11 11 29275451077e54277a56af6a37a542b46
8ece 12 0 9 11 11 040ffe4447fc4447fc040ffe4044047fc
8f66 12 0 9 11 11 080ffe1002404407fc040040ffe040040
8f67 12 0 9 11 11 220fa0420a20a20fa02203a0e2222221e
8f68 12 0 9 11 11 220f20420af8a28f28228328e4a24a28e
8f69 12 0 9 11 11 27cf10410a10a10f7e210310e10210210
8f6c 12 0 9 11 11 210f7c410a10afef2027c304e28210208
8f6d 12 0 9 11 11 27ef40440a5ea52f52256350e5225228e
8f6e 12 0 9 11 11 210f28444a82a40f44248370e4224223e
8f6f 12 0 9 11 11 220fa043ea42a54f902103a8e28244282
8f70 12 0 9 11 11 100ffe2407fc040ffe040fbe8a271c8a2
8f71 12 0 9 11 11 210f104fea10a10f1027c344e4424427c
8f72 12 0 9 11 11 2fef04404a74a54f54254374e0420421c
8f73 12 0 9 11 11 210f1e410a7ea42f4227e340e40240280
8f74 12 0 9 11 11 210f104fea92a92f922fe392e922922fe
8f75 12 0 9 11 11 27cf44444a44a44f7c200300e28244282
8f76 12 0 9 11 11 250f5047ca90a10f102fe310e28244282
8f77 12 0 9 11 11 20eef0410a92a54f102fe310e10210270
8f78 12 0 9 11 11 210f28444a8aa10f64208332ec42182e0
8f79 12 0 9 11 11 20cf70440a90a90ffe210354e52292230
8f7a 12 0 9 11 11 27ef12412a22a46f0027e342e4224227e
8f7b 12 0 9 11 11 27cf04408a10a68f8627c310e102102fe
8f7c 12 0 9 11 11 20af0a4fea08a08f78224324e2423a2c2
8f7d 12 0 9 11 11 1147d2110ffe210fd25147c810afd6122
8f7e 12 0 9 11 11 2fef10420a44afaf1021037ee102102fe
8f7f 12 0 9 11 11 20cf70410afea28f442a6324e24244284
8f81 12 0 9 11 11 210f28444a82a7cf1021037ce102102fe
8f82 12 0 9 11 11 220f3c444aa8a10f282c637ce4424427c
8f83 12 0 9 11 11 210f7e400a44a82f44244328e102282c6
8f84 12 0 9 11 11 2fef50474a54a54f74254354e742d4216
8f85 12 0 9 11 11 214efe410afea92ffe2923fee92292296
8f86 12 0 9 11 11 2fef28428afeaaafaa2aa3d6e82282286
8f87 12 0 9 11 11 208fbe208fbe514ffe2407fc040ffe040
8f88 12 0 9 11 11 0a07bc0a07bc0a0ffe2407fc040ffe040
8f89 12 0 9 11 11 27ea42a9077e220fc857e50857e588908
8f8a 12 0 9 11 11 27ef4247ea42a7ef0024a36ce4825a26e
8f8b 12 0 9 11 11 2fef824aaafea92ffe2a23a2eba282286
8f8d 12 0 9 11 11 2eef224aaa44aaaf002ee32aeaa2442aa
8f8e 12 0 9 11 11 252f524a4a52a52f002fe392efe2922fe
8f8f 12 0 9 11 11 210f7c410a7ca20ffe254392e7c2282c6
8f90 12 0 9 11 11 2fef0047ca44a7cf002fe392efe2922fe
8f91 12 0 9 11 11 27cf4447ca00afef4427c344e5e2e4204
8f93 12 0 9 11 11 210f28444abaa00fea2aa3eaeaa2e22a6
8f95 12 0 9 11 11 210f7c410afea44f4427c328eca254262
8f96 12 0 9 11 11 210ffe492a7ca10f7c2103fee4424427c
8f97 12 0 9 11 11 2fef824fea94afef942fe3a8eaa2a4332
8f99 12 0 9 11 11 448fe848e92add2eaa4ea6aace44aa4b2
8f9a 12 0 9 11 11 292f544fea54a92f4427e394e5422e2c4
8f9b 12 0 9 11 11 0800407fc208110ffe0400407fc040040
8f9c 12 0 9 11 11 040ffe0403f82087fc110ffe0407fc040
8f9e 12 0 9 11 11 190e0823e214f9427e208f888be888f88
8f9f 12 0 9 11 11 7904884be79441447e788688abe288388
8fa3 12 0 9 11 11 40827ef8857e54afca27e218fac24ac08
8fa8 12 0 9 11 11 228fbe4a44a4fbe2a8228fbe228448488
8fa9 12 0 9 11 11 490248fbe5145d4f7e248248f5e268448
8fab 12 0 9 11 11 248f9e5145f4f5e288288ffe408468588
8fb0 12 0 9 11 11 7fe4005fc4007fe510512514508564982
8fb1 12 0 9 11 11 7fe4007fe514548986008ffe208108038
8fb6 12 0 9 11 11 800400000000c00400400400400a009fe
8fb9 12 0 9 11 11 8204200fe022c2242244244248ca009fe
8fbd 12 0 9 11 11 9fc404008010c10410410410470a009fe
8fbe 12 0 9 11 11 8104100101fec10428428444482a009fe
8fc1 12 0 9 11 11 80c4f0010010dfe410410410410a009fe
8fc2 12 0 9 11 11 8fc410010010dfe410410410470a009fe
8fc4 12 0 9 11 11 8804fe1000fcc0843044048247ea009fe
8fc5 12 0 9 11 11 9f8408048048df844844a44a444a009fe
8fc7 12 0 9 11 11 8084081fe008c88448448408438a009fe
8fc8 12 0 9 11 11 9fe44004007cc44444484484518a009fe
8fce 12 0 9 11 11 84059e112112d12512552596410a109fe
8fd0 12 0 9 11 11 8fc4000001fec4044448449a5e2a009fe
8fd1 12 0 9 11 11 80c4f0080080cfe488488488508a009fe
8fd3 12 0 9 11 11 8fe444044084cfe41442444448ca009fe
8fd4 12 0 9 11 11 80e4f0080080cfe4c24a4498566a009fe
8fd5 12 0 9 11 11 8804fe110010c105fe410410410a009fe
8fd8 12 0 9 11 11 9fe410020020c684a4522420420a009fe
8fd9 12 0 9 11 11 8204101fe004c444284104284c6a009fe
8fdb 12 0 9 11 11 8484481fe048c485fe448448488a009fe
8fdc 12 0 9 11 11 8fc4000001fec4844848848a50ea009fe
8fdd 12 0 9 11 11 8205fe0200fcc205fe42242242ca209fe
8fde 12 0 9 11 11 8205fe040090c904fe4105fe410a109fe
8fdf 12 0 9 11 11 8fc4840840fcc80490488504502a009fe
8fe2 12 0 9 11 11 9fe42204218cc004fc4844844fca009fe
8fe4 12 0 9 11 11 8804fe1200bcce45a44ac48247ea009fe
8fe5 12 0 9 11 11 8fe4820820bacaa4aa4ba482486a009fe
8fe6 12 0 9 11 11 88048e1ea0aacaa4aa4aa4aa56ea009fe
8fe8 12 0 9 11 11 8204440840fac0247c44444447ca009fe
8fe9 12 0 9 11 11 8804fe082112c10494492512430a009fe
8fea 12 0 9 11 11 8104100fe092c924fe4924924fea009fe
8feb 12 0 9 11 11 8104200fc084c844fc4844844fca009fe
8fed 12 0 9 11 11 8904900fc110c105fe428444582a009fe
8fee 12 0 9 11 11 84047e0a0120c3e42042043e420a209fe
8ff0 12 0 9 11 11 8144120101fec10438454592410a009fe
8ff3 12 0 9 11 11 8fc404008034dc247c4104104fea009fe
8ff7 12 0 9 11 11 810492054010dfe438454592410a009fe
8ff8 12 0 9 11 11 8844481fe048c485fe448448488a009fe
8ff9 12 0 9 11 11 8204101fe048d4c54a64a448498a009fe
8ffd 12 0 9 11 11 8204fc0840fcc804fc4844844fca009fe
9000 12 0 9 11 11 8fc4840fc084cfc4a24944a84c6a009fe
9001 12 0 9 11 11 8444280fe010c104fe4104284c6a009fe
9002 12 0 9 11 11 80c4f00101fec104fc4844844fca009fe
9003 12 0 9 11 11 8505540d8050cd855445049251ea009fe
9004 12 0 9 11 11 82043c0c4038dc64105fe4904fea109fe
9005 12 0 9 11 11 81c5e01001fed0057c54454457ca009fe
9006 12 0 9 11 11 8444281fe010c924924fe410420a409fe
9009 12 0 9 11 11 8904fc110010dfe44844848a50ea009fe
900a 12 0 9 11 11 9c84480880accea5aa488488598a009fe
900b 12 0 9 11 11 8144fe0100fec924fe4924fe492a009fe
900d 12 0 9 11 11 8924540fe082cfe4824fe482486a009fe
900f 12 0 9 11 11 8fc4101fe054d924fc42644258ca009fe
9010 12 0 9 11 11 9fe4200521b4c585b4452592460a009fe
9011 12 0 9 11 11 8144fe010092c54438454492430a009fe
9012 12 0 9 11 11 8444280fe012cfe4904fe452496a009fe
9014 12 0 9 11 11 83844418207cc104fe4104544b2a009fe
9016 12 0 9 11 11 94848a15a06ccc85484544545a2a009fe
9017 12 0 9 11 11 9fe4000fc084cfc4004844485fea009fe
901a 12 0 9 11 11 8fc4280100fec924fe4924fe492a009fe
901b 12 0 9 11 11 95e484144044cde54444444459ea009fe
901d 12 0 9 11 11 8864981d009ec944d45944945a4a009fe
901e 12 0 9 11 11 8fc4840fc000dfe4104fc4105fea009fe
901f 12 0 9 11 11 8105fe0100fec924fe438454592a109fe
9020 12 0 9 11 11 8904fc110010dfe4004fc4844fca009fe
9021 12 0 9 11 11 8244440fec284c643c4c44184e6a009fe
9022 12 0 9 11 11 82043c0c4038dc64104fc4105fea109fe
9026 12 0 9 11 11 8fe4000ee0aacaa4ee4aa4aa4aaa009fe
902d 12 0 9 11 11 8205fc1040f8c884f84804fc484a849fe
902e 12 0 9 11 11 8204fc0241fec244fc5244a8526a609fe
902f 12 0 9 11 11 87c4480fe010cd4438454492430a009fe
9035 12 0 9 11 11 81047c0100fec4449247c4104fea009fe
9036 12 0 9 11 11 8fc4101fe054d924205fe424438ac49fe
9038 12 0 9 11 11 8784881fe092c924fe43445259ea009fe
903b 12 0 9 11 11 9fe54a1fe020c7e5c24244184e0a009fe
903c 12 0 9 11 11 8fe40007c044cfe4924fe4924fea009fe
903e 12 0 9 11 11 8384440fa1a2cea4aa4ea4a24a6a009fe
9041 12 0 9 11 11 9fc5101fe110d7c54457c54457ca009fe
9042 12 0 9 11 11 8844481fe060db24545b8454592a609fe
9044 12 0 9 11 11 8924fe0000fec104fe4aa4aa4aaa009fe
9047 12 0 9 11 11 8fc4940fc094cfc4105fe51257aa009fe
904d 12 0 9 11 11 8105fe1021fed005fe5aa6fe4aaa009fe
904f 12 0 9 11 11 8fc4840fc084cfe5124aa4fa406a009fe
9050 12 0 9 11 11 8ee4a20ee080cee48a4ea48449aa009fe
9051 12 0 9 11 11 8204fc0840fcc844845fe4104fca109fe
9052 12 0 9 11 11 8824441fe028cfe4aa4ce4824fea829fe
9053 12 0 9 11 11 8485fe0200fcc844fc4844844fca009fe
9057 12 0 9 11 11 8104fc0941fec004fc494494428ac49fe
9058 12 0 9 11 11 8485fe0481fec944fc4945fe484a009fe
905b 12 0 9 11 11 84059e10a152dfe4924fe4924fea009fe
9062 12 0 9 11 11 8fc4840fc084dfe4aa4664aa466a009fe
9063 12 0 9 11 11 8104fc0941fec004f84884fc484a849fe
9065 12 0 9 11 11 9fe4a2054cfe5105fe4105125fea009fe
9068 12 0 9 11 11 8485e804e1f2c4a5ea48a4e4524a6a9fe
906d 12 0 9 11 11 8285fe0280fecaa4fe4aa4fe444a449fe
906e 12 0 9 11 11 8105fe100144dfe54457c6004aaa009fe
9074 12 0 9 11 11 8924541fe054d924844fe55442eac49fe
9075 12 0 9 11 11 8445fe0280fecaa4de4825fe444a2c9fe
907d 12 0 9 11 11 83c4200fe092cfc4904ea51c46aa109fe
907f 12 0 9 11 11 9c857e154dd453e5c877e5485c8a009fe
9080 12 0 9 11 11 8885e812e1f2d2a5ea44a7f4524a6a9fe
9082 12 0 9 11 11 8ee52a1f6154dfe5545fe554554a009fe
9083 12 0 9 11 11 0209fe55209cc285fe45259c46aa909fe
9088 12 0 9 11 11 8485be0e21beca257e4d45544e6a009fe
908b 12 0 9 11 11 8544a80540fecaa4fe4d44944daa009fe
9091 12 1 9 10 11 7f04107f0000ff8888888ff88008047fc
9093 12 0 9 11 11 fbe0a28a28a452452222222252c4a0820
9095 12 1 9 10 11 4909204907f0410ff8888ff88008047fc
9097 12 0 9 11 11 7de112112114114ff211211211c110110
9099 12 0 9 11 11 21e112fd241441441241241241c7d0010
909b 12 0 9 11 11 01e7d21121141181141121d2e1201c010
909d 12 0 9 11 11 11e7d241241441441241241241c410810
90a1 12 0 9 11 11 21e112ff22142143d225225245c450990
90a2 12 0 9 11 11 fde492492494494fd249249249c490890
90a3 12 0 9 11 11 fde252252fd4254252fd225225c450990
90a6 12 0 9 11 11 11efd21121147d4112112fd211c210c10
90aa 12 0 9 11 11 fde492492894fd429229249249c890190
90ac 12 0 9 11 11 21e7924924945944127d205235cc50190
90ae 12 0 9 11 11 10e10afea92a92c92afea92a92e928fe8
90af 12 0 9 11 11 45e452ff24544544527d245245c4507d0
90b0 12 0 9 11 11 21e212492894f54012fd285285c850fd0
90b1 12 0 9 11 11 0de7124124147d449249249249c4d0f10
90b3 12 0 9 11 11 fee08a10a10a34c52a92a10a10e0e8f08
90b4 12 0 9 11 11 fee10a10afea92c92aaaac6a82e828868
90b5 12 0 9 11 11 fde2522524548d4012fd285285c850fd0
90b6 12 0 9 11 11 29e292292ed4298294292292692a9c2d0
90b8 12 0 9 11 11 0def12912914914fd291289289ca50d50
90b9 12 0 9 11 11 41e792892114fd4052052fd205c050fd0
90ba 12 0 9 11 11 29e292292ab4ab46d26d229229c2f0f10
90bb 12 0 9 11 11 11e292452834214112ff205249c3100d0
90be 12 0 9 11 11 51e5127d2914114ff211239255c930110
90c1 12 0 9 11 11 21efd22124147d4c527d24527dc4504d0
90c5 12 0 9 11 11 fde112212494f54112112fd211c1d0e10
90c7 12 0 9 11 11 40e7ea82a7aa4ac7aa4aa4aa7ae0280c8
90ca 12 0 9 11 11 10efea00a44a82c44a44a28a10e288c68
90ce 12 0 9 11 11 23efa28a2fa48a88a4fa2922922aacca0
90cf 12 0 9 11 11 11efd2112954594112fd211229c450810
90d0 12 0 9 11 11 10e28a44a83a7cc00a00afea20e448fa8
90d1 12 0 9 11 11 45e2927d2114114112fd211229c450810
90d3 12 0 9 11 11 fde852212fd4414912fd21121dcf10110
90d7 12 0 9 11 11 66e18ae6a10afec28a7eacaa4ae4e8088
90db 12 0 9 11 11 0def12a32554fd40921121d2f1c110710
90dc 12 0 9 11 11 51e7d2912114ff40127d245245c4507d0
90dd 12 0 9 11 11 11e7d2112114ff4252652a7225c4508d0
90e1 12 0 9 11 11 7de152ff21547d41122127d2c5c4507d0
90e2 12 0 9 11 11 7de4524527d4014fd21127d211c1d0e10
90e6 12 0 9 11 11 fee00aeeaaaaaacaaaeeaaaaaaeaa8aa8
90e7 12 0 9 11 11 7ce44a7ca00afec82a92a92a28e448828
90e8 12 0 9 11 11 11e7d2012454294ff20127d245c4507d0
90eb 12 0 9 11 11 20efea92afea92cfea28a48afee088088
90ed 12 0 9 11 11 11eff24527d40147d2092172f9c110310
90ef 12 0 9 11 11 10e52a94a10a28cc6a10a52a94e288c68
90f4 12 0 9 11 11 24e24affa24a24c6ca6eab5a24e248248
90f8 12 0 9 11 11 44e28afea92afec92afea10afee108108
90fd 12 0 9 11 11 21ef52292314fd42127d2c527dc4507d0
90fe 12 0 9 11 11 feea4abcaa4abcc90afea94a98ea48fe8
9102 12 0 9 11 11 eeeaaaeea00a7cc00afea40a7ce048188
9104 12 0 9 11 11 fee28afeaaaaaacfea10afea10e1e8e08
9119 12 0 9 11 11 7ce44a7ca10afec10afea82abaeaa8fe8
911e 12 0 9 11 11 49efd2492fd4954fd2112fd211c1d0e10
9122 12 0 9 11 11 fee10a5ca50afec40a7ea80afee028568
9123 12 0 9 11 11 11e7d2292ff44547d24527d211cff0110
912f 12 0 9 11 11 45eff21127d4114ff2552ff245c4507d0
9131 12 0 9 11 11 0eef0a54afea54c92afea92afee928fe8
9139 12 0 9 11 11 ffe512752554778d94312552552bbc110
9143 12 0 9 11 11 fee10afea92a54c00afeaaaaaaeaa8fe8
9146 12 0 9 11 11 aaefeaaaafeaaacffa44a7ca28e2e8f08
9149 12 0 9 11 11 ffe0a00a07fc4a452463c4047fc4047fc
914a 12 0 9 11 11 fbe504504f84a84a84d84884f84884f9c
914b 12 0 9 11 11 208110ffe0a07fc4a473c4047fc4047fc
914c 12 0 9 11 11 fa052053efa2ac2a92d8a88af82882f8c
914d 12 0 9 11 11 fbe502502f82a82abeda08a0fa28a2f9e
914e 12 0 9 11 11 f8450453ef84a84aa4d94894f84884f9c
914f 12 0 9 11 11 f8852852efbaaeaaaadae8a8fa28a2f9e
9150 12 0 9 11 11 fbe508508f88a88afed88888f88888f88
9152 12 0 9 11 11 9fe4480489fe54a14a18e5025fe9029fe
9157 12 0 9 11 11 fa2522514fb6aaaaaadaa8b6fb68a2fbe
915a 12 0 9 11 11 f94514522fa2ac0abed92892fa28a2fcc
915d 12 0 9 11 11 fbc500500f80afea90d908a4fa48caff2
915e 12 0 9 11 11 f90510510ffea90aa8da88a8fc48e4f92
9161 12 0 9 11 11 f9057e542fa0aa4aa8db08a0fa28a2f9e
9162 12 0 9 11 11 fa052053efd0a90a9ed90890f9e890f90
9163 12 0 9 11 11 fa452457efa4aa4aa4dbc8a4fa48a4fbc
9164 12 0 9 11 11 f8850853ef88a88a88dbe8a2fa28a2fbe
9165 12 0 9 11 11 f86538508f88afea88d988acfca888f88
9169 12 0 9 11 11 f9051e522fc2a94a88dbe8e2fa28a2fbe
916a 12 0 9 11 11 f9051e522fd4a88a94de28befa28a2fbe
916c 12 0 9 11 11 faa52a52afbaaeeaaadaa8aafaa8aafca
916e 12 0 9 11 11 fbe52253efa2abaaaadaa8aafba8a2fa6
916f 12 0 9 11 11 fa2524538fa2a9ea80dbe8a2fbe8a2fbe
9170 12 0 9 11 11 fa852853efc8a88afed94894fa48a4fc6
9171 12 0 9 11 11 12093e55210c370500ffe4a473c4047fc
9172 12 0 9 11 11 fbe522522fbea80afed888bef88888ffe
9174 12 0 9 11 11 f98524542fbca88a88dfe888fac8caf98
9175 12 0 9 11 11 f9057a514ffea90abcdc4888ffe888f98
9176 12 0 9 11 11 fa053e540fbcab4aacdfe8b4fac8bef84
9177 12 0 9 11 11 fa853e548f88afea80dbe8a2fa28a2fbe
9178 12 0 9 11 11 fa454457ef94a94ae6d9c8e4fa4898fe6
9179 12 0 9 11 11 f8c570502fd4aa8a84dfe884fc48a4f8c
917d 12 0 9 11 11 fbe514514fb6a94abeda08a0fa08a0fc0
917e 12 0 9 11 11 fbe50053efaaaaaaaadbe8aafaa8aafaa
917f 12 0 9 11 11 f8853e522fbeaa2abeda88aafa48acfb2
9185 12 0 9 11 11 f8853e500fa2a94afed808befa28a2fbe
9187 12 0 9 11 11 f9057e524fbca80abcd84888ffe888f98
9189 12 0 9 11 11 f8853e514f94aaaa80d888bef88888f88
918b 12 0 9 11 11 f9453e514f94afea80dbe8a2fbe8a2fbe
918c 12 0 9 11 11 fbe52253efa2abea80daa8bcfa88bafae
918d 12 0 9 11 11 fbe52253efa2abea80dfe8a8fae8d8f86
9190 12 0 9 11 11 f5e4524f2f5e952df2b1e912f129f2f26
9191 12 0 9 11 11 fbe50a52cfa8adeaa2dbe8a2fbe8a2fa6
9192 12 0 9 11 11 fbe52253efa2abeaa8dbe8c8fbe888fbe
919a 12 0 9 11 11 f084aa45cf089deb48d5c96af48940fbe
919b 12 0 9 11 11 fa457e524f98aa4ac2dbc888fbc888ffe
91a2 12 0 9 11 11 f9057e510fbeae2abed808befaa8aaffe
91a3 12 0 9 11 11 f102fe288fbea8aafed8a8befa28a2fbe
91aa 12 0 9 11 11 fb651255afb6adaa98da48cafb0884fb8
91ad 12 0 9 11 11 faa56c57efa4afea90dfe890ffe8a8fc6
91ae 12 0 9 11 11 f9453e564fbeaa4abeda48bef808aafaa
91af 12 0 9 11 11 f8857e524ffaa80aaadaa8cafbe8aaffe
91b4 12 0 9 11 11 f9453e52afbeaaaafeda28befa2894ffe
91b5 12 0 9 11 11 f9c2102fef92afca90d9e8eaf9c8eaf98
91ba 12 0 9 11 11 fbe50857ef88abeaaadbe888fbe880faa
91c7 12 0 9 11 11 01c7e0084448210040ffe150248c46040
91c9 12 0 9 11 11 190e102feb92692f922fe692792a922fe
91ca 12 0 9 11 11 1fee82244b386c6f1027c7106fea10210
91cc 12 0 9 11 11 7fc4444447fc4444447fc0407fc040ffe
91cd 12 0 9 11 11 7fc040ffe4447fc4447fc0407fc040ffe
91ce 12 0 9 11 11 fbea82f94a88afef8a20cf88208388c38
91cf 12 0 9 11 11 7fc4047fc404ffe4447fc4447fc040ffe
91d1 12 0 9 11 11 0400a0318c063f80400407fc248150ffe
91dc 12 0 9 11 11 318d160e0318c063f80407fc248150ffe
9274 12 0 9 11 11 12093e9509089041f02487fca4a150ffe
92c8 12 0 9 11 11 40c2708104fe290328df60407fc248ffe
933e 12 0 9 11 11 406fb8a20fbe224ee4358c467fc248ffe
936a 12 0 9 11 11 79011efe4554b080f6358c467fc248ffe
938f 12 0 9 11 11 4102fe8444fa254c963f8c467fc248ffe
93d6 12 0 9 11 11 040ffea10bdea10ffea487fca4a150ffe
946b 12 0 9 11 11 0e0358df62487fc208514aaa71caaafbe
9485 12 0 9 5 11 407880782020f820283020
9486 12 0 9 11 11 4207a0820fa0220220fa02202a232221e
9487 12 0 9 11 11 4fc604808e10420420e4044048268247e
9488 12 0 9 11 11 410710810f104fe410f10410510610410
9489 12 0 9 11 11 47e708808f08408408f08408508608438
948a 12 0 9 11 11 402792812792212212f9221228230220e
948b 12 0 9 11 11 410710810f10418414f12410510610410
948c 12 0 9 11 11 47e702804f08408408f08408508608438
948d 12 0 9 11 11 410710810f1047c410f104105106104fe
948e 12 0 9 11 11 40c770810f104104fef10410510610410
948f 12 0 9 11 11 482692892e92492492e92492492692502
9490 12 0 9 11 11 40278c83078020220cfb020028230c230
9492 12 0 9 11 11 4f8688888e884c84a8e8848848a68a50e
9493 12 0 9 11 11 44074087ef42482422f1241250260240c
9494 12 0 9 11 11 49e642802e82482482e8248248268248e
9495 12 0 9 11 11 420620820efe444444e884684106284c6
9497 12 0 9 11 11 4fe6828a2e92444444e444284106284c6
9499 12 0 9 11 11 4fe610810e9e490490efe40240260240c
949a 12 0 9 11 11 4fe608810e10434452e92410410610410
949b 12 0 9 11 11 410710810efe410428f28428544664492
949c 12 0 9 11 11 4fe680880efc484484e844fc4806804fe
949d 12 0 9 11 11 4106fe810e92492492efe41041061240e
949e 12 0 9 11 11 410610854e52452490e124044086304c0
949f 12 0 9 11 11 4106108fee92492492efe410410610410
94a0 12 0 9 11 11 4106108fee924924aaeaa4c6482682486
94a1 12 0 9 11 11 4fe682892e92492492e92492428644482
94a2 12 0 9 11 11 4fe682882ec64aa492eaa4c6482682486
94a3 12 0 9 11 11 40e6f0880e804fe4c2ea2494488694562
94a4 12 0 9 11 11 410628844e82410408efe402404608410
94a5 12 0 9 11 11 47e742842f7e442442f7e442542642486
94a6 12 0 9 11 11 44074087ef42494410f10428528644482
94a7 12 0 9 11 11 44067e882e02462412e0240a4326c240c
94a8 12 0 9 11 11 41077c844f4444c440f7e40257a60241c
94a9 12 0 9 11 11 44077e882f22422422f4a44a4f660240c
94aa 12 0 9 11 11 4206109fee00478448e4844844a68a50e
94ab 12 0 9 11 11 4206109fee4044047ce44444484684518
94ac 12 0 9 11 11 410610852e52494410e10428428644582
94ad 12 0 9 11 11 404724814f04444424f0641c564604404
94ae 12 0 9 11 11 4fc624824e244244fce444444446445fe
94af 12 0 9 11 11 4fe692892e924924fee8048048268247e
94b0 12 0 9 11 11 4fe610810e104104fee104144126104fe
94b1 12 0 9 11 11 41471281ef7041041ef7041250c61a4e6
94b2 12 0 9 11 11 4fe710810f1045045ef504505506504fe
94b3 12 0 9 11 11 4447448fef44444444f7c44454464447c
94b4 12 0 9 11 11 4107108fef10410410f7c44454464447c
94b5 12 0 9 11 11 4106108fee10438438e544544ba610410
94b6 12 0 9 11 11 4fe604804ef4494494e944f440460441c
94b7 12 0 9 11 11 4fe680880ebc4a44a4ea44bc4806804fe
94b8 12 0 9 11 11 4206fe820e505904fee92492492696410
94b9 12 0 9 11 11 4486449fee4044047ce444444a869056e
94ba 12 0 9 11 11 4146128fee90492492e944884aa6d64a2
94bb 12 0 9 11 11 41071081ef1041047ef4244254264247e
94bc 12 0 9 11 11 47e742842f7e442442f4247e54264247e
94bd 12 0 9 11 11 4fc684884e844fc484e844844fc6005fe
94be 12 0 9 11 11 4fe692892efe492492efe410410610410
94bf 12 0 9 11 11 4fe692892e924924fee924924926924fe
94c0 12 0 9 11 11 4106108fee92492492efe4924926924fe
94c1 12 0 9 11 11 4906908fce90510410efe410428644582
94c2 12 0 9 11 11 40871087ef42442442f7e44254264247e
94c3 12 0 9 11 11 410628844e82410408efe40444863040c
94c4 12 0 9 11 11 40c670840e904904fee10454452692430
94c5 12 0 9 11 11 43c724824f244c6400f7e44254264247e
94c6 12 0 9 11 11 4206ce8aaeaa4aa4aaeaa4ea4ae648488
94c8 12 0 9 11 11 4206108fee104fe492e92492496610410
94c9 12 0 9 11 11 4206108fee10420444ef84104246444fa
94ca 12 0 9 11 11 4106fe882e40444448e7044044264243e
94cb 12 0 9 11 11 420612802e244a44a8eaa53242066249e
94cc 12 0 9 11 11 4fe682882efe4804a0ea64b84a06a251e
94cd 12 0 9 11 11 4106fe892e904fe4c2ea2494488694562
94ce 12 0 9 11 11 4fe682844e384c6410e7c4104fe610410
94d0 12 0 9 11 11 4226f4828efe42047cec057c404604418
94d1 12 0 9 11 11 4206fa824e285fe420ec254c47064243e
94d2 12 0 9 11 11 4fe64487ce4444447ce4444445e6e4404
94d5 12 0 9 11 11 4206fe820e404fe542e7e44247e642446
94d6 12 0 9 11 11 40a60a8fee884ea4aaeaa4a44e468a532
94d7 12 0 9 11 11 4106fe810e92454410efe410428644582
94d8 12 0 9 11 11 5fe6aa8aaf2a5fc46aeaa4aa52e728468
94d9 12 0 9 11 11 4206268f8e2441a4e6e004fe42864a58e
94db 12 0 9 11 11 410692854e104fe402e024fe4026024fe
94dc 12 0 9 11 11 4fe6828bae824ba4aaeaa4aa4ba682486
94dd 12 0 9 11 11 47c644844e4447c400efe4824826824fe
94de 12 0 9 11 11 47c644844e7c4104fee92492492696410
94df 12 0 9 11 11 4fe682892e924fe492eaa4aa4c66824fe
94e0 12 0 9 11 11 4926928fee004fe402e024fe48068247e
94e1 12 0 9 11 11 4fa68a8aaeaa4aa4aaeaa4aa42265248e
94e2 12 0 9 11 11 4906908fcf104105fee10438454692410
94e3 12 0 9 11 11 4906908fcf104105fee4844848a68a50e
94e4 12 0 9 11 11 4c265c844e844de444e444c445e6a049e
94e5 12 0 9 11 11 40e6f0810efe410410efe4204246444fa
94e7 12 0 9 11 11 42862a84ced844a44ee104fe410610410
94e8 12 0 9 11 11 410628844e8247c410e1047c4106104fe
94ea 12 0 9 11 11 410628844e8247c400efe4824826824fe
94eb 12 0 9 11 11 4286288aae6c428428e6c4aa42864a58e
94ec 12 0 9 11 11 44067c884f48430448f864fc4846844fc
94ed 12 0 9 11 11 42063e842ea2414408e7e5c244264247e
94ee 12 0 9 11 11 440678888efc4145fee144fc410610470
94ef 12 0 9 11 11 440678888efe592492efe48048268247e
94f0 12 0 9 11 11 4106fe800e44482544e444284106284c6
94f1 12 0 9 11 11 4206108fee204504d2f54448448654462
94f2 12 0 9 11 11 4106fe844e284fe480e80480480680500
94f3 12 0 9 11 11 4206fe840e444845fae4844844868a50e
94f4 12 0 9 11 11 4bc644808e9045e40ae1244644a69248c
94f5 12 0 9 11 11 4106fe882e104104fee244444286184e6
94f6 12 0 9 11 11 4fc6848fce844844fce924944886a44c2
94f7 12 0 9 11 11 44064e9eaeaa4aa4aaf2a4aa44a6ae510
94f8 12 0 9 11 11 4106fe810efe4205fee444fe54462440c
94f9 12 0 9 11 11 4446fe844efe482420efe42242264258c
94fa 12 0 9 11 11 4146fe810efe4924fee924fe492692496
94fc 12 0 9 11 11 4106fe810e924544fee10438454692410
94fd 12 0 9 11 11 40a60a8fee08448428e8449458c6aa462
94fe 12 0 9 11 11 5086be810e245a44bee844be48474453e
94ff 12 0 9 11 11 42e6aa8aaea44aa420e104fc4106105fe
9500 12 0 9 11 11 492654810efe4824fee824fe482682486
9501 12 0 9 11 11 492654810efe482492e92492428644482
9502 12 0 9 11 11 4fe692892efe492492efe4104fe6105fe
9503 12 0 9 11 11 4fc684884efc4005fee104fc4106105fe
9504 12 0 9 11 11 4e86a88beeea4aa4aaeea4aa4ba5ca616
9505 12 0 9 11 11 47c644844e7c4104fee924aa4c6682486
9506 12 0 9 11 11 4906fc910e105fe400efc4844846844fc
9507 12 0 9 11 11 42c6ca848efe44844ae6a5c444464a4d2
9508 12 0 9 11 11 47c6108fee38454592e7c42442664258c
9509 12 0 9 11 11 410654854e544ba492e1047c4106104fe
950a 12 0 9 11 11 40c6f0802e94448404efe40444462440c
950b 12 0 9 11 11 42063c8c4e384d647ce1047c4106fe410
950c 12 0 9 11 11 4206108fee444285fee104104fe610410
950d 12 0 9 11 11 4106fe820e444fa400e54454454654496
950e 12 0 9 11 11 49e642882efe4aa4aaefe4aa4aa6ca486
950f 12 0 9 11 11 49e642802eba4aa4aaeba4aa4aa6ba486
9510 12 0 9 11 11 4846488fce84484484efc44844a68a50e
9511 12 0 9 11 11 4446288fee124fe490efe432452696410
9512 12 0 9 11 11 4206fc884efc4844fce924944886a44c2
9513 12 0 9 11 11 47c60487ce044fe482e7c4444286104ee
9514 12 0 9 11 11 4fc6848fce804fe482eba4aa4ba68250c
9515 12 0 9 11 11 4ee6a28a2eae4ca4aaeaa4ae4e2682486
9516 12 0 9 11 11 41077c810f7c4104fef4447c54467c444
9517 12 0 9 11 11 4206fa824e285fe420e7c5c447c64447c
9518 12 0 9 11 11 4446fe844e204fe420e404fe54264247e
9519 12 0 9 11 11 4486fc848e485fe400efc4844fc6844fc
951a 12 0 9 11 11 4446fe844e004fe492e924fe4926924fe
951b 12 0 9 11 11 4106fe828e4449247ce104444fe644484
951d 12 0 9 11 11 47c64487ce4447c400efe4084fe648418
951e 12 0 9 11 11 4fe6928fee924fe410efe438454692410
951f 12 0 9 11 11 4fc6848fce844fc400e8a4ec4886aa4ce
9521 12 0 9 11 11 4fc6848fce844fc440efe52a44a692426
9522 12 0 9 11 11 4fe692892efe4924baeaa4aa4ba6824fe
9523 12 0 9 11 11 4fe6aa8aaefe42043ee425a44146184e0
9524 12 0 9 11 11 40c670810efe4544fee544544fe61047c
9525 12 0 9 11 11 4506488fee885fe488e884fe4886884fe
9526 12 0 9 11 11 4206fe882efe4824fee104fe492696410
9528 12 0 9 11 11 4286c888ee8a4f64a4ea44a44aa6aa532
9529 12 0 9 11 11 4926548fee205fe444efa54845864243e
952a 12 0 9 11 11 44067e8aaf2a4524a6e0042449268a578
952b 12 0 9 11 11 4106fc800e844485fee004fc4846844fc
952c 12 0 9 11 11 410652894e104284c6e104524946284c6
952d 12 0 9 11 11 4106fe882e004fe410e5045e4506b048e
952e 12 0 9 11 11 4087be88aefe50a5bee884be5886c853e
952f 12 0 9 11 11 4fe682882efe4884fee884be4a26a253e
9530 12 0 9 11 11 47c608810efe410430e004fe4aa6aa5fe
9531 12 0 9 11 11 492692924e92492400efe4924fe6924fe
9534 12 0 9 11 11 4886ea88ceaa4ce410efe4824fe6824fe
9535 12 0 9 11 11 45065e96aec4458444efe54446465444c
9536 12 0 9 11 11 4fe6928fee924924fee2045454264a438
9537 12 0 9 11 11 4ee6aa8eee0047c400efe44047c604418
9538 12 0 9 11 11 40c670810efe410450e964924d66924fe
9539 12 0 9 11 11 4286c884ae5a5ec448ec84f4554654462
953a 12 0 9 11 11 4fc6109fee944fc494efc4104fc6105fe
953b 12 0 9 11 11 42e6ca88aeea4924e0e9e4925ea68449a
953c 12 0 9 11 11 450696892ed64924fee104fe4446385c6
953e 12 0 9 11 11 40e6f2854efe4204fee4047c4a47184e6
953f 12 0 9 11 11 4106fe800efe482482efe4285ca654462
9540 12 0 9 11 11 4106fe8a4efe4a44bce804bc4a4698566
9541 12 0 9 11 11 4286fe810e7c4104fee104fe4106284c6
9542 12 0 9 11 11 4926548fee38454492e204fe4246384c6
9544 12 0 9 11 11 4286fe82aefe4a84fee824924926284c6
9545 12 0 9 11 11 4fe6928fee804be4a2ebe4a24be6a253e
9546 12 0 9 11 11 4486fe848efc4844fce845fe430648586
9547 12 0 9 11 11 4106fe810e7c44447ce444444fe644482
9549 12 0 9 11 11 4fe60087ce4447c400efe4aa4fe692496
954a 12 0 9 11 11 4fe64487ce4445e4e4e004ee4aa6444aa
954c 12 0 9 11 11 4486fe988efe4884fee004fc42664258c
954d 12 0 9 11 11 41067c844e7c44447ce104fe438654492
954e 12 0 9 11 11 4386448bae0047c444efe4104fe610430
954f 12 0 9 11 11 4206de88aeaa4d6400efe4924fe6924fe
9550 12 0 9 11 11 4106fe844e7c4004fee824ba4aa6ba486
9551 12 0 9 11 11 4106fe844efe482410efe42043e64258c
9552 12 0 9 11 11 4826448fee00444482e004fe4aa6aa5fe
9553 12 0 9 11 11 4106fe882e7c41042aedc4284dc62a4d8
9554 12 0 9 11 11 4106fe88ae7044047ce484484fe644482
9556 12 0 9 11 11 4fe6288feeaa4fe400e7c4004fe6544b2
9557 12 0 9 11 11 4926548fee8247c444e7c41047c6104fe
9558 12 0 9 11 11 47c64487ce444fe4aaefe4444286104ee
9559 12 0 9 11 11 4fe6928fee924fe428ed04244fa6544b2
955b 12 0 9 11 11 4106fe894efe4944feed24fe4d26fe552
955c 12 0 9 11 11 4106fc848ffe4844fce844fc44868a50e
955d 12 0 9 11 11 4106fe844efe4924bae924ba4aa6ba486
9561 12 0 9 11 11 4fe6288feeaa4fe444e7c4444fe610410
9563 12 0 9 11 11 4106fe8aae7c4c657ce4447c410694532
9564 12 0 9 11 11 4aa66c8fee444fe410efe4104fe6284c6
9565 12 0 9 11 11 4786889fee924fe492efe44447c64447c
9566 12 0 9 11 11 4487f88aeeea4124eae2a47a5c464a4d2
9567 12 0 9 11 11 49e642892efe4924feed64d64fe6ba4d6
9568 12 0 9 11 11 4446fe828e6c4fe400e7c44447c64447c
9569 12 0 9 11 11 4106fe8aae4449247ce544fe4926fe410
956a 12 0 9 11 11 4dc65485cec84be4aaeea47e44864a4be
956b 12 0 9 11 11 4ea62c8aae4447c482e7c44447c6284fe
956d 12 0 9 11 11 4fe6108fee92454400efe4924fe6924fe
956f 12 0 9 11 11 4fe6aa8fee404fe522efa4aa4fa62a4f6
9570 12 0 9 11 11 4106fe8a4efe4aa4feeaa4fe4a86ec52a
9571 12 0 9 11 11 4106fc848efe4844fce844fc4506c453a
9572 12 0 9 11 11 4106fe882e6c4aa444eba4004fe6544b2
9576 12 0 9 11 11 4107fe8aaeee4444fee444fe42a6d4462
957f 12 0 9 11 11 2082102202c0200ffe240220210288306
95e8 12 0 9 11 11 9fe40200280280280280280280280280e
95e9 12 0 9 11 11 9fe402002802802bfa80280280280280e
95ea 12 0 9 11 11 9fe4020428428428a28a2912a0a80280e
95eb 12 0 9 11 11 9fe4021f28028029f2802802bfa80280e
95ed 12 0 9 11 11 9fe402022822bfa8228628a2b2286280e
95ee 12 0 9 11 11 9fe4020029f29129129129f280280280e
95ef 12 0 9 11 11 9fe4021f28129129fa80abea80a872806
95f0 12 0 9 11 11 9fe402002bfa8428429f2842842bfa806
95f1 12 0 9 11 11 9fe402042bfa8429f2842bfa84a85a846
95f2 12 0 9 11 11 9fe402042842bfa8428e2952a4a84280e
95f3 12 0 9 11 11 9fe402102902ffa902942a42a92c929ea
95f4 12 0 9 11 11 9fe4020029f29129129f29129129f2806
95f5 12 0 9 11 11 9fe402042bfa8129128a28428a2b1a806
95f6 12 0 9 11 11 9fe402042bfa8029e292292292aa3a806
95f7 12 0 9 11 11 9fe402082842802892a8aa82c92872806
95f8 12 0 9 11 11 9fe4023faa4abfaa4aa4abfa84284284e
95f9 12 0 9 11 11 9fe402042bfa842bfaa4aa4aa5a842846
95fa 12 0 9 11 11 9fe4020429f2842bfa8429f2842bfa806
95fb 12 0 9 11 11 9fe402002bfa9129f29129f291abf2816
95fc 12 0 9 11 11 9fe402022a22afa822e52a8aa02dfa806
95fd 12 0 9 11 11 9fe402042bfaa4aa4abfa842852bea806
95fe 12 0 9 11 11 9fe4021f29129f2802bfaa0aa0abfa806
9600 12 0 9 11 11 9fe40212a926a3aee2a2aa2aa12a2aac6
9601 12 0 9 11 11 9fe4820f2912aa28429b2e0e9f29129f6
9602 12 0 9 11 11 9fe402042bfa882922bca892b228d2b0a
9603 12 0 9 11 11 9fe4023faa4abfaa4aaeab5aa4abfa806
9604 12 0 9 11 11 9fe4021f2a12ffaa4abfaa4abfa84283a
9605 12 0 9 11 11 9fe4021128a29f29129129f28a292aa3a
9606 12 0 9 11 11 9fe402042bfaa0abfaa0abfaa52a22b9a
9608 12 0 9 11 11 9fe40202abfa822baaaaab92812baa846
9609 12 0 9 11 11 9fe4423fa912bfae4ebfaa4abfa84283a
960a 12 0 9 11 11 9fe4021f29129f2912bfaa0abfaa0abfa
960b 12 0 9 11 11 9fe48233aa0abbaa0abfa8a28aa92aa3a
960c 12 0 9 11 11 9fe40203abca952bfaa0a9f29128e2b1a
960d 12 0 9 11 11 9fe4123e2a22bfaa12bfa9129f29129f6
960e 12 0 9 11 11 9fe5021f2a128a2b3aa0abbaa0abfa806
960f 12 0 9 11 11 9fe40211292afc6a32b8aa82ab2a8ad86
9610 12 0 9 11 11 9fe5120a2bfaa4abfaa4abfa842bfa846
9611 12 0 9 11 11 9fe402042bfa842bfab5aaeabfa952a4a
9612 12 0 9 11 11 9fe4021f29129f29129f2852bfa8a2b1a
9614 12 0 9 11 11 9fe40201ace2a22cfaa228faa8acfa806
9615 12 0 9 11 11 9fe4023b2aaa912aea842bfa8a2b1a806
9616 12 0 9 11 11 9fe4421f2842bfa912bea802bfaaaaffe
9617 12 0 9 11 11 9fe4423fa8429f29129f2912bfa912a0a
9619 12 0 9 11 11 9fe402022aa2ffe926d52fd2912a2ac46
961a 12 0 9 11 11 9fe4023a28befcaaaabaaaaabd2eaa8c6
961c 12 0 9 11 11 0807fc4047fc4007fc4047fc040ffe040
961d 12 1 9 4 11 f99aa999e88
961f 12 0 9 11 11 f10910910a10a10910928928e44844882
9621 12 0 9 11 11 e0ca70a10a10c10afea10a10e10810810
9622 12 0 9 11 11 efea48a48a48c48a48a48a48e8a88a90e
962a 12 0 9 11 11 e0eaf0a80a80cfeac2aa2a94e88894962
962e 12 0 9 11 11 efca00a00a00dfea48a48a48e8a88a90e
9631 12 0 9 11 11 e24a24afea24c24a24afea24e24844884
9632 12 0 9 11 11 e20a10bfea40c40a7ca44a44e84884918
9633 12 0 9 11 11 f7e942942a42a4297e942942e4284287e
9634 12 0 9 11 11 f7e942942a7ea4294297e942e42882906
9635 12 0 9 11 11 e20afea40a90c90afea10a10efe810810
9636 12 0 9 11 11 e10a28a44b82c44a44a44a44e44844884
963b 12 0 9 11 11 efca84a84afcc84a84afca84e848849fe
963c 12 0 9 11 11 e40a40a7eaa0d20a3ea20a20e3e820820
963d 12 0 9 11 11 f1091091ea10a1091097e942e4284287e
963f 12 0 9 11 11 efea04a04af4c94a94a94af4e0480481c
9640 12 0 9 11 11 e10afea82a40c44a48a70a40e4284283e
9642 12 0 9 11 11 e10afea92a90cfeac2aa2a94e88894962
9644 12 0 9 11 11 e44a44abea84d84aa4a94a94e8488488c
9645 12 0 9 11 11 e7ca00a00afec10a10a94a92e92912830
9646 12 0 9 11 11 e10a10afea10c10afea10a92e928928fe
9647 12 0 9 11 11 e48a44bfea50c50a52a54a58e928b294e
9648 12 0 9 11 11 e20afea40a90c90afea10a54e52892830
9649 12 0 9 11 11 efca04a08a10c68b86a7ca10e108108fe
964b 12 0 9 11 11 e7ea08abeaaacaaab6aa2aa2ea68808fe
964c 12 0 9 11 11 efea10a20afec82a82afea82e828828fe
964d 12 0 9 11 11 e20a3cac4a38dc6a10bfea90e908fe810
9650 12 0 9 11 11 efca84afca84c84afca92a94e888a48c2
9654 12 0 9 11 11 e10afea20a44cf8a10a22ac4e088348c2
9655 12 0 9 11 11 e10afea10a92c54a10afea10e28844982
965b 12 0 9 11 11 e88aeea88c8aaeea10a10afec108108fe
965f 12 0 9 11 11 e10a5ea50a50cfea10a52a92e048188e0
9661 12 0 9 11 11 e10a7ca10a10cfea10a50a5ee508b090e
9662 12 0 9 11 11 e10afea82a7cc00a00afea28e2884a98e
9664 12 0 9 11 11 e38a44b82a7cc10a10afea10e94912830
9667 12 0 9 11 11 efea82afea82cfea10a10afee108108fe
9668 12 0 9 11 11 e7ca44a7ca00cfea82a92a92e28844882
9669 12 0 9 11 11 e10a28a44a82c7ca00aa2a54e548088fe
966a 12 0 9 11 11 e10afca00a84c48bfea00afce848848fc
966c 12 0 9 11 11 ff0aaeaeaaaacaaaeaaaaaaaef49aa832
9672 12 0 9 11 11 e0ca70a10afec54afea54a54efe81087c
9674 12 0 9 11 11 e20afea92afec92afea28a48efe808808
9675 12 0 9 11 11 e10a7ca10afec44aa2a3ca44ea88108ee
9676 12 0 9 11 11 e80afeb82afad22afaa22aaaefa80280c
9677 12 0 9 11 11 e20a3ca44b88c20acea82aeee828828fe
9685 12 0 9 11 11 efea92afea92cfea10afea92e968fa886
9686 12 0 9 11 11 e3cac4a38ac6c38a90afeb10efe8109fe
9688 12 0 9 11 11 efea92afea92cfea00bfea90e8a8a48c2
968b 12 0 9 11 11 e10afea20a7ed88a7ea44a7ce4487c844
968d 12 0 9 11 11 e20afca84afcc84a84bfea10efc8109fe
968f 12 0 9 11 11 e10b7ea90a3cc64bbcaa4abcea494093e
9690 12 0 9 11 11 e3ca44afea02cfea02afea20e548ca97a
9694 12 0 9 11 11 efea00a7ca44c7ca00afeaaaefe892896
9697 12 0 9 11 11 e40afcaa4afcca4afca28a54e5c89291e
9698 12 0 9 11 11 e82a44afea00c44a82a00afeeaa8aa9fe
9699 12 0 9 11 11 e54a92a20cfea82afea82afec10894932
969c 12 0 9 11 11 e10afca48bfec84afca84afce109fe810
96a7 12 0 9 11 11 f14abea10d68a9aa6cb9aaeac98940a3e
96b0 12 0 9 11 11 efea82afea82cfea44aaabeee008a4912
96b3 12 0 9 11 11 e20afec48bbea44e7c8441b0e8e2a8594
96b6 12 0 9 11 11 0407fc044ffe0447fc2441680d0348cc6
96b9 12 0 9 11 11 2402207fec207fc4204207fc4204207fe
96bc 12 0 9 11 11 2407fcc407fc4407fc4407fc040ffe040
96bd 12 0 9 11 11 2207fec207fc4207fe0007f810e202c1c
96be 12 0 9 11 11 028f2817e9c857e54824827e54854887e
96c0 12 0 9 11 11 0402484c48321c0e203fe2203fc2203fe
96c1 12 0 9 11 11 7fe4004a84be5485fe74857e54854897e
96c4 12 0 9 11 11 428428f7e4c857e548548a7eac8ac837e
96c5 12 0 9 11 11 f9451453e964fbe32452453e92492433e
96c6 12 0 9 11 11 2407fcc407fc4407fc040ffe150248c46
96c7 12 0 9 11 11 0207fe4027fe4905fe7105fe5105109fe
96c9 12 0 9 11 11 428728a7e2c827ef4824827e54854887e
96cc 12 0 9 11 11 2942942beaa4bfeaa4aa4abeaa4ba4cfe
96cd 12 0 9 11 11 040ffe22447e8c8e7e44897ef48248c7e
96ce 12 0 9 11 11 72852857e7c857e54874857e5c8e4807e
96cf 12 0 9 11 11 42872897e2c8f7e148148f7e148148f7e
96d2 12 0 9 11 11 4147948be52427e5248a4ffe8a48a4fbe
96d5 12 0 9 11 11 fd4a54f5ea74f5e854f54d5ef548548de
96e8 12 0 9 11 11 ffe040040ffe842a5294a842a5294a842
96e9 12 0 9 11 11 7fc040ffe842b5a000ffe2003fc004038
96ea 12 0 9 11 11 7fc040ffe842b5a0407fc0047fc0047fc
96ef 12 0 9 11 11 7fc040ffe842b5a000040ffe2081f0e0e
96f3 12 0 9 11 11 7fc040ffe842b5a0007fe4205fe442b8c
96f6 12 0 9 11 11 7fc040ffeb5a0e0318c460207fc088070
96f7 12 0 9 11 11 7fc040ffe842b5a0007fc4447fc4447fc
96f9 12 0 9 11 11 7fc040ffe842b5a0003fc624bec2021fe
96fe 12 0 9 11 11 7fc040ffea521fc6083f8c463fc104618
9700 12 0 9 11 11 7fc040ffe842b5a000ffe080ffe912916
9701 12 0 9 11 11 7fc040ffeb5a040ffe2081f0e0e208408
9704 12 0 9 11 11 7fc040ffea4a1507fc4047fc4047fc404
9706 12 0 9 11 11 7fc040ffe952efc2104fee10afe6009fe
9707 12 0 9 11 11 7fc040ffeb5a0407fe4007fe514548986
9708 12 0 9 11 11 7fc040ffea4a4102fe8104fe092296c10
9709 12 0 9 11 11 7fc040ffeb5a4407fea447fe2243fe004
970d 12 0 9 11 11 7fc040ffeb5a0402207fec207fc4207fe
970e 12 0 9 11 11 7fc040ffeb5a040ffe110ffe1081f0e0e
970f 12 0 9 11 11 7fc040ffe94a0a0fbe0a07bc0a0f3e120
9713 12 0 9 11 11 7fc040ffea4a7bc4047bc4047fc112e1e
9716 12 0 9 11 11 7fc040ffe842b5a040208fbe20871caaa
971c 12 0 9 11 11 7fc040ffe842b5a00023efa223e722abe
971e 12 0 9 11 11 7fc040ffeb5a0407bc4847bc424798466
972a 12 0 9 11 11 7fc040ffe94a4401fa9224940fe4109fe
972d 12 0 9 11 11 7fc040ffeb5a0404fc2840fed124aa6fc
9730 12 0 9 11 11 7fc040ffe94a490fde4a4fd44947884b6
9732 12 0 9 11 11 7fc040ffea4af7c9c4f382c6b7ca44f7c
9738 12 0 9 11 11 7fc040ffe952280ffe2927de552fde122
9739 12 0 9 11 11 7fc040ffe9527884be79447e788abe388
973e 12 0 9 11 11 7fc040ffea4a4fe692cfe692afe210cfe
9752 12 0 9 11 11 0407fc0407fc040ffe2083f82083f8208
9753 12 0 9 11 11 23efa222afaa22afea4aa79049a7aa4ce
9756 12 0 9 11 11 41027cf1007c9105fe54427c344c7c044
9759 12 0 9 11 11 210f9c224fbe20affe48a7be488788498
975b 12 0 9 11 11 208fbe222f8023efc84a87ae4a87d8486
975e 12 0 9 11 11 110110f1e110110f1e110110f1e110110
9760 12 0 9 11 11 4407fc840ffe4047fc110f1e110f1e110
9761 12 0 9 11 11 0207fe4887fe5dc6aa4507de4507de850
9762 12 0 9 11 11 ffe040080ffe9129f29129129f2912ffe
9765 12 0 9 11 11 7fe4247fe4885746225fc5545745549fc
9769 12 0 9 11 11 110ffe1101f00407fc4447fc040ffe040
9773 12 0 9 11 11 506fb852072023efa4aa4fa4224fa4244
9774 12 0 9 11 11 528fa852876a22cfb8aa8fa822afaa22e
9776 12 0 9 11 11 53efaa52a72a22afbeaa0fa0222fa221e
977c 12 0 9 11 11 53efa252272223efa2aa2fa223ef8027e
9785 12 0 9 11 11 508f8853e72a22afaaafef88208f94262
978b 12 0 9 11 11 508fbe50870823ef80a88fbe208f8823e
978d 12 0 9 11 11 510ffe542710210ffeaa4fc4228f98266
9791 12 0 9 11 11 544fa450471e264fa4aaafaa232fa025e
9792 12 0 9 11 11 506fb850877e214fa2ad4f94214fa4244
9794 12 0 9 11 11 510f9c52477e22afaaabef8821afaa24e
9798 12 0 9 11 11 54afac50873e222fbeaa2fbe222fa2226
97a0 12 0 9 11 11 520fbe52275623af92afefba256f9220c
97a3 12 0 9 11 11 53cf8857e71a22cfd8a88ffe218fac24a
97ab 12 0 9 11 11 520fbe54277a202fbaa82fba22afba206
97ad 12 0 9 11 11 53efa853e76a23efaaabefa8228fb022e
97af 12 0 9 11 11 524ffe52477e210faeae2fa423efa422c
97b2 12 0 9 11 11 514ffe51477e214ffeaaafbe22affe222
97b4 12 0 9 11 11 524ffe52477e220fbeaeafbe22afbe22a
97e6 12 0 9 11 11 040040ffe0407fc040ffe04204204c040
97e7 12 0 9 11 11 23e20afca22afaa22afca24a2522d2226
97e9 12 0 9 11 11 208f8823ef888bef888bef8a20af8e208
97ea 12 0 9 11 11 f888bef888bef8803ef8a20eb88e009fe
97eb 12 0 9 11 11 47c444f7c444f7c400f7c5545547544fe
97ec 12 0 9 11 11 406478f1244af10466f4257654274247e
97ed 12 0 9 11 11 110f1e110110f1e110110f1e110110ffe
97f3 12 0 9 11 11 0407fc208110ffe0003f82083f82083f8
97f5 12 0 9 11 11 220fbe542502f9200af8288afb2882f8c
97f6 12 0 9 11 11 27ef92512522fc6000fbe8a2fa28a2fbe
9875 12 0 9 11 11 ffe0407fc4044444444444440a0318c06
9876 12 0 9 11 11 efe4104fe482492492492492428444c82
9877 12 0 9 11 11 8fe8108fee82892892892a92c28044082
9878 12 0 9 11 11 fbe20823e22222afea22a22a208214222
9879 12 0 9 11 11 0fee104fe482492492492692c28044082
987a 12 0 9 11 11 8bea88abeaa2aaaaaaaaaaaaa88a948a2
987b 12 0 9 11 11 2fe4108fe082292492892092228444882
987c 12 0 9 11 11 efe4104fe482e92492492492628c44082
987d 12 0 9 11 11 73e00803efa252a52a52a52a588514822
987e 12 0 9 11 11 fbe808bbeaa2aaabaaa2aa2aa88b14a22
987f 12 0 9 11 11 23ef8823eaa2aaaaaafaa22a288314222
9880 12 0 9 11 11 1be60843e4227aa52a52a52a508514922
9881 12 0 9 11 11 53e5088be8a206afaa4aa4aa4884949a2
9882 12 0 9 11 11 53e5088be8a206a42a42a52a908a94ca2
9883 12 0 9 11 11 43e208fbe02272a52a52a52a588514822
9884 12 0 9 11 11 fbe08853e222faa2aa32a22a208214622
9885 12 0 9 11 11 23e38823e7a24aa4aa7aa42a408414822
9886 12 0 9 11 11 23e20853e8e222a12afaa0aa508214122
9887 12 0 9 11 11 23ef88abea22faa8aacaaaaa908a94c22
9888 12 0 9 11 11 fbe08813e222daa02afaa22a208394c22
9889 12 0 9 11 11 23e208ffe22222afaa02afaa888894fa2
988a 12 0 9 11 11 23ef8823eaa272a22afaa22a508494822
988c 12 0 9 11 11 23e20853e8e272a02afaa8aa888894fa2
988f 12 0 9 11 11 13efc823e4a2f2a22a46a8aa108294c62
9890 12 0 9 11 11 fbe90893eba2aaaaaaaaabaa908914fa2
9891 12 0 9 11 11 23eb88a3ea22faa22a6aaaaa108214c22
9893 12 0 9 11 11 1bee0823efa272aaaa72a52a508594922
9894 12 0 9 11 11 33e48887e222faa12a22afaa888894fa2
9896 12 0 9 11 11 9bee088be7a20aaf2a22afaa208714aa2
9897 12 0 9 11 11 fbea88fbeaa2faa22afaa22a708a94222
9898 12 0 9 11 11 fbe888fbe8a2faa02af88214ba2e009fe
989a 12 0 9 11 11 fbea88fbe022faa02afaa42a788094322
989b 12 0 9 11 11 abea88fbe022faa42afaaaaaa88a94aa2
989c 12 0 9 11 11 23ef8853e222faa92aa2a8aab08894b22
989d 12 0 9 11 11 13efc8a7e3a2caa32acea7aa4884947a2
989e 12 0 9 11 11 ffe4887be4a25eaeaa02aeeaaa8454aa2
989f 12 0 9 11 11 4befc84befe22aafeaaaaaaad68834862
98a0 12 0 9 11 11 23efc823e7a24aa7aa4aa4aafc8494862
98a1 12 0 9 11 11 7be48833efe2aaa46aaaa10afe8554922
98a2 12 0 9 11 11 fbe888fbe8a2faa22afea4aa788554b22
98a4 12 0 9 11 11 13efc8abeba28aafaa4aa7aa4885d4e22
98a5 12 0 9 11 11 fde108ffe92256a02afea10afe8ab4aa2
98a6 12 0 9 11 11 13e5c853efe252a3fce4a3f8288ffe020
98a7 12 0 9 11 11 53ef8853eaa2faa52afaa92af88914fa2
98ce 12 0 9 11 11 7fc4044145144a44444444a4514406802
98d1 12 0 9 11 11 fa08be9c2dbaaaaabaaa4da2c9e84083e
98d2 12 0 9 11 11 8fc484ecc0aca94a94aac4ac6c4886102
98d3 12 0 9 11 11 fbc8a49bcda4abcaa4afed94ca284083e
98d5 12 0 9 11 11 fae8ca9eedcaafea88afeda2c9c86283e
98d8 12 0 9 11 11 ffe2a2fe6ab6fea02a7aa036ff6522b42
98d9 12 0 9 11 11 2befa22265368aa52a56afb6536aa2a42
98da 12 0 9 11 11 f888aa994da2a94adeab4d94caa84083e
98de 12 0 9 11 11 ff001201401801401201001000a00a004
98df 12 0 9 11 11 0e0318c463f82083f82083fa224298306
98e7 12 0 9 11 11 43874459297cd44b7c14427c24a4448f2
990d 12 0 9 11 11 7fe4245fe4485b64485fe4844fc48a8e6
9910 12 0 9 11 11 7be402794c983e6208ffc20a3f8224f9e
992e 12 0 9 11 11 f9846678acb43f8e0e3f82083fa21438e
9955 12 0 9 11 11 7be4a0ffe4aabfc2087fca0a3f8224f9e
9963 12 0 9 5 11 4078489020202020283020
9965 12 0 9 11 11 47874894824844844844844854a64a48e
9967 12 0 9 11 11 4fc608a100204fe42a44a49241262244c
9968 12 0 9 11 11 4106fea100924924924fe41051061240e
9969 12 0 9 11 11 44077c9802784004f840840850a60a404
996a 12 0 9 11 11 40c6f0a100104105fe4104104106104fc
996b 12 0 9 11 11 40c7709102104104fe410428528644482
996c 12 0 9 11 11 44067ea800204204fe42242244264248c
996d 12 0 9 11 11 40e6f0a800804fe4c24a2494488694562
996e 12 0 9 11 11 44074097e242494410410428528644482
996f 12 0 9 11 11 428624a3e1e042043e5e04244186325ce
9970 12 0 9 11 11 44067ea900104fe492492492492696410
9971 12 0 9 11 11 44067ea8207a44a44a47a44654064243e
9972 12 0 9 11 11 47e70297a20247a44a44a44a57a60240e
9974 12 0 9 11 11 4107109242444fa40047e44254264247e
9975 12 0 9 11 11 4fe644a7c04444447c44444445e6e4404
9976 12 0 9 11 11 420626af802441a4e64004fe42864a58e
9977 12 0 9 11 11 410620afe0824ba4aa4aa4aa4ba682486
997a 12 0 9 11 11 4106fea000444825444444284106284c6
997c 12 0 9 11 11 442624afe0244244244fe424424644484
997d 12 0 9 11 11 4106fea100fe48247c4084104fe610430
997f 12 0 9 11 11 42c6caa481fe44844a46a5c444464a4d2
9980 12 0 9 11 11 438644a8207c4104104fe410454692430
9981 12 0 9 11 11 40e6f0aa20524544204fe4244686184e6
9984 12 0 9 11 11 4fc684afc0844fc40048a4ec4886aa4ce
9985 12 0 9 11 11 42063ca441884204ce4824ee4826824fe
9986 12 0 9 11 11 4106fea8207c44447c44047e54264247e
9987 12 0 9 11 11 4106fea5409247c44447c44447c6004fe
9988 12 0 9 11 11 4106fca940fc4105fe4844944946284c6
998a 12 0 9 11 11 450696a920d64924fe4104fe4446385c6
998b 12 0 9 11 11 478688afe1924fe4285ce4304cc63040c
998d 12 0 9 11 11 4486fea480fc4844fc4845fe430648586
998f 12 0 9 11 11 4206dea8a0aa4d64004fe4924fe6924fe
9990 12 0 9 11 11 4446fea100fe4204fe45459447c6244fe
9991 12 0 9 11 11 4446fea440fe4924924fe4104fe6104fe
9992 12 0 9 11 11 47c74497c2444fe4aa4fe4445286104ee
9993 12 0 9 11 11 4a87f8aae1f240a4ea4aa4ea4a46ea4b2
9994 12 0 9 11 11 4ee6aaaee0984f64284fe4284fe644482
9995 12 0 9 11 11 4106fea540fe4aa4ee4444fe42a6d4462
9996 12 0 9 11 11 208110ffe0407fc4047fc4047fc4047fc
9997 12 0 9 11 11 4284fe410f7c54457c54454457c5029fe
9998 12 0 9 11 11 a0aafef0840af7a954f74904fea912f62
9999 12 0 9 11 11 03c7c0040ffe150248ffe2083f82083f8
99a5 12 0 9 11 11 1a0e3e264fbc724abcf908bcfe4898fe6
99a8 12 0 9 11 11 fbc224ffeaa4fd8864ffe444bfa2083f8
9a6c 12 0 9 11 11 7f80082082082083fe002002ff200201c
9a6d 12 0 9 11 11 f3e122922922922fa2094294c88094362
9a6e 12 0 9 11 11 e10210a10afea10f28128328d44144682
9a6f 12 0 9 11 11 e4224aa4aa4aa4af4a14a34ad4a14a682
9a70 12 0 9 11 11 e10250a56a7aad2f52156350d4214263e
9a71 12 0 9 11 11 e7e240a64a54a54f48148354d6414067e
9a73 12 0 9 11 11 f22114908914922f800a2294c88094362
9a74 12 0 9 11 11 f1010893e922922fbe0a02a0ca00a0340
9a75 12 0 9 11 11 e7c244a44a7ca44f4417c344d441446fe
9a76 12 0 9 11 11 e102fea92a92a92ffe110350d2015068e
9a77 12 0 9 11 11 efe2aaaaaaaaaaafaa0ae2c2c8208237e
9a78 12 0 9 11 11 e24224a5eac4a44f5414c344d4414464c
9a79 12 0 9 11 11 e4027ea82a02a7af4a14a34ad7a10260c
9a7a 12 0 9 11 11 e2023ca44a88a7ef0210237ed0210267e
9a7b 12 0 9 11 11 e20210afea10a10f1017c310d101106fe
9a7c 12 0 9 11 11 e102fea82a40a44f48170340d4214263e
9a7d 12 0 9 11 11 200fbe4a231cca27f80082083fe002fec
9a7e 12 0 9 11 11 200fbe2a24a2bfe0082083fe002ff200c
9a7f 12 0 9 11 11 efe282a44a38ac6f1017c310dfe110610
9a80 12 0 9 11 11 e10210a24a44afaf0017e342d4214267e
9a81 12 0 9 11 11 e20226af8a24a1af6610037ed2814a68e
9a82 12 0 9 11 11 fbe8a2fbe0007f80082083fe002ff200c
9a84 12 0 9 11 11 e0c270a10afea28f441a6324d24144684
9a85 12 0 9 11 11 e2822aa4cad8a4af4e1103fed10110610
9a86 12 0 9 11 11 e2023ca44aa8a10f281c637cd4414467c
9a87 12 0 9 11 11 e102fea20a44af8f101223c4d081346c2
9a88 12 0 9 11 11 e42224afea24a24f241fe324d24144684
9a8a 12 0 9 11 11 efe200aeeaaaaaafaa1ee3aadaa1aa6aa
9a8b 12 0 9 11 11 e102fca94afca94ffe14037cd04104618
9a8c 12 0 9 11 11 e10228a44a82a7cf001a2354d541086fe
9a8f 12 0 9 11 11 f241445fe528a44fa293c3c4d481386c6
9a90 12 0 9 11 11 e442fea44a7ca44f7c1443fed00144682
9a91 12 0 9 11 11 e102fea10a28a44ffe104374d5417460c
9a92 12 0 9 11 11 efe292afea92afef101fe338d54192610
9a93 12 0 9 11 11 e28228a7eac8a7ef4814837ed4814867e
9a96 12 0 9 11 11 e20244afaa10afef2814439ad6010c670
9a97 12 0 9 11 11 e1027ea42a7ea40f7e16a36ad7e16a6aa
9a98 12 0 9 11 11 e10a5ec50afee548087f82083fe002fec
9a9a 12 0 9 11 11 efe292a44a38ac6f1017e352d7e1146fa
9a9b 12 0 9 11 11 79011efe45549883367f82083fe002fec
9a9d 12 0 9 11 11 e2025ea4aa6aa56f0017e352d7e15267e
9a9f 12 0 9 11 11 e0827ea42a7ea40f7e14a36ed5a16e69a
9aa0 12 0 9 11 11 efe228afeaaaafef0017c300dfe1546b2
9aa1 12 0 9 11 11 efe292afea92afef281d0324dfa1546b2
9aa4 12 0 9 11 11 efe2a2aeaaaaaecfb291c370d9a154692
9aa5 12 0 9 11 11 e2a2eca2aafea54f7c1543fed281fe644
9aa7 12 0 9 11 11 e103feaaaaeea44ffe1443fed2a1d4662
9aa8 12 0 9 11 11 3f82083c8248ffea0a3f82083f8208218
9ab0 12 0 9 11 11 7bc4a45a44a4fc68407be4a27a44984e6
9ab1 12 0 9 11 11 710528544f828a4724524724524724544
9ab7 12 0 9 11 11 7884886befc88487884be7a24a27a24be
9ab8 12 0 9 11 11 70857e510fa48f8710522744508714562
9aba 12 0 9 11 11 706578540fc08fe74055e75255275259e
9abc 12 0 9 11 11 72053e542fa48987245c277e54274257e
9ac0 12 0 9 11 11 72057e552ffe8d277e5287485fe708508
9ac1 12 0 9 11 11 73e52a53efaa8be70857e71852c74a508
9ac2 12 0 9 11 11 7105fe522fbc8c47385c677c54474457c
9ac5 12 0 9 11 11 74a52c57ef988ac74a51077e514718566
9acb 12 0 9 11 11 70857e542fa48fe72457e74254a71856e
9acc 12 0 9 11 11 71057e54afb08a073e52472457e724542
9ad1 12 0 9 11 11 77e55257efa08be75257e75657e71657a
9ad3 12 0 9 11 11 70459e548f1e9e475e55275e5527a051e
9ad8 12 0 9 11 11 040ffe2083f8000ffe8029f29129f2806
9adf 12 0 9 11 11 7c24047d84007c2404fd8200482884f58
9ae1 12 0 9 11 11 7c64187c6418fc6498ffe110110212c1e
9ae6 12 0 9 11 11 7c64187c6418fe04864787860f8f820fe
9aeb 12 0 9 11 11 7c6418fc6498f46018ffe0823fee043fc
9aed 12 0 9 11 11 7c64187c6418fe649875011e5d0512fde
9aef 12 0 9 11 11 7c6418fc6498f460587fc444ffe40441c
9afb 12 0 9 11 11 7c6418fc6498f46058ffe040ffe4047fc
9b03 12 0 9 11 11 7c6418fc6498ffe8023f8000ffe248cc6
9b08 12 0 9 11 11 7c6418fc6498f46248ffe228664a0a1f8
9b0f 12 0 9 11 11 7c6418fc6498f46188e1a22cf88714aa2
9b13 12 0 9 11 11 7c6418fc6498ffea023fc210ffe208c06
9b1f 12 0 9 11 11 7c64187c04067fc4a4ffe1081f8e2439e
9b23 12 0 9 11 11 7c6418fc6498f467fc4a47fc5544cc772
9b2f 12 0 9 11 11 a4a912ce6912a4affe40041e7e04023fe
9b32 12 0 9 11 11 ffe0003f82083f8000ffe912bfa842846
9b3b 12 0 9 11 11 d564429f4ce6552ffe208ffe912bfa846
9b3c 12 0 9 11 11 0807fc4447fc4447fc0a80b413c222c3e
9b41 12 0 9 11 11 424f94a84fa4a94f862bc5445c45029fe
9b42 12 0 9 11 11 040efc0a40fcfa44fc428954b5cd5209e
9b43 12 0 9 11 11 428fa4afefa0aa0fbc2a45345a85549fe
9b44 12 0 9 11 11 4408fcea4afcaa4efca28a54a5ce9211e
9b45 12 0 9 11 11 408f9ca88fbea88f9c2aa5485c85029fe
9b47 12 0 9 11 11 7fe4247fe4885fc7265fc5245fc452b9e
9b48 12 0 9 11 11 44afaca88fbeaa2fbe2a257e5e25009fe
9b49 12 0 9 11 11 47efa8afefaaaaafaa2d65825865009fe
9b4d 12 0 9 11 11 43efa2ab6fbeaaafbe2aa56e5e25009fe
9b4f 12 0 9 11 11 1a0e7c254ffc754afc414faa4ac72a8ce
9b51 12 0 9 11 11 408fbea94faaabef882be56a5b65009fe
9b54 12 0 9 11 11 0207fe4887fe5dc6aa5fc5245fc452b9e
9c7c 12 0 9 11 11 2003f0410ffc4447fc4444447fc000ffe
9c7f 12 0 9 11 11 414712910ffea90fa8aa8fa804a34ac8e
9c81 12 0 9 11 11 3f0410ffc4447fc444ffe2083f82083f8
9c82 12 0 9 11 11 41070897ef90a90f9ea92f920221a2e4c
9c85 12 0 9 11 11 42872497efa0aa0fbeaa2fa2054348cb6
9c86 12 0 9 11 11 47e70894afaca88ffea88f88008188e08
9c87 12 0 9 11 11 40870890ef88a88f88abefa20221a2e3e
9c88 12 0 9 11 11 40870e908fbeaa2fa2abefa00201a0e40
9c8b 12 0 9 11 11 41471492efa4ae4fb4aacfa40241a4e2c
9c8d 12 0 9 11 11 42073e942fbaaaafaaabafa60201a2e1e
9c8e 12 0 9 11 11 484248ffea023f0410ffc4447fc444ffe
9c90 12 0 9 11 11 410710924fa4afaf80abefa20221a2e3e
9c91 12 0 9 11 11 40873e908f88abef80a88fbe008188e3e
9c92 12 0 9 11 11 40870897ef88a88fbea80fbe0221a2e3e
9c94 12 0 9 11 11 41077e910fa0afefa2abefa203e1a2e26
9c95 12 0 9 11 11 4fe710920ffeaaafaaaaafaa0aa3aac86
9c9a 12 0 9 11 11 40877e922f94a88f94ae2fa20221a2e42
9c9b 12 0 9 11 11 40877e900fa4ac2fa4aa4f94008194e62
9c9c 12 0 9 11 11 42271493ef88a88fbea88f8803e188e08
9c9f 12 0 9 11 11 43e70293ef82abef84afef84024194e0c
9ca0 12 0 9 11 11 43e70893efaaabefaaabef88028190e6e
9ca1 12 0 9 11 11 4fe600aeefaaaaafaaaeefaa0aa3aacaa
9ca2 12 0 9 11 11 48475e908f94af4fbeaa4fbe0243a4c5e
9ca3 12 0 9 11 11 42e6aaaaafa4aaafa0a90ffc010310cfe
9ca4 12 0 9 11 11 43e72a92afbeaaafaaabef8803e188e7e
9ca5 12 0 9 11 11 4046e4abefa4aa4ff4aacfa40a43e4c0c
9ca6 12 0 9 11 11 41071e922fd4a98fe6a88fbe0081ace5a
9ca8 12 0 9 11 11 21095449220ccf01107fcc447fc444ffe
9ca9 12 0 9 11 11 41077e942fbca80f80afefa802834ac8e
9cab 12 0 9 11 11 6eeaaa4aafeaaaafaaaeaf8a0aa3aecd8
9cad 12 0 9 11 11 40873e908fbea88ffeaa2fbe0221bee22
9cae 12 0 9 11 11 40873e908ffeaa4fd2a9efa2054188e76
9cb1 12 0 9 11 11 414714976f94a94ff6a94f94076194e14
9cb2 12 0 9 11 11 43e72293efa2abef80aaafbc0281bae2e
9cb3 12 0 9 11 11 43c72493cfa4abcf80abefa203e1a2e3e
9cb4 12 0 9 11 11 4fe692a92ffea92fbaaaafaa0ba382cfe
9cb5 12 0 9 11 11 410726922fb6aa2fa2abef940141a4e46
9cb6 12 0 9 11 11 410728944f92a88ffca84f88050344cba
9cb7 12 0 9 11 11 4fe692abaf92abaf82abafaa0ba382c86
9cb8 12 0 9 11 11 40873e900fbeaa2fa2abef8802a1aae18
9cbb 12 0 9 11 11 42a72a954faaaaaf80abefaa03e1aae3e
9cbc 12 0 9 11 11 40873e914ffea94fbeaa2faa02a194e62
9cbd 12 0 9 11 11 42a77e92afaeaa0fbea88ffe01c1aae4a
9cc3 12 0 9 11 11 43e72a93efaaaaafbea90faa0621a4e1c
9cc4 12 0 9 11 11 47e75a97ef80abcf80afefa003e182e0c
9cc5 12 0 9 11 11 4286c8a4af5aaecf48ac8f74054354c62
9cc6 12 0 9 11 11 42073e964fbcaa4fbca90fbc064198e66
9cc7 12 0 9 11 11 40873e922fbeaa2fa2afef8803e188e7e
9cca 12 0 9 11 11 4106fea82ffea80ffeaaafaa0fe3aacaa
9ccb 12 0 9 11 11 47e752924f98ae6f88abefaa03e18ae7e
9ccd 12 0 9 11 11 41077a914ffeab4fdaabefa203e1a2e3e
9cce 12 0 9 11 11 43e72293efa2abef80af6fda03635ac36
9cd0 12 0 9 11 11 706978252fd4aa0fbea88fbe00834ac7e
9cd3 12 0 9 11 11 4546fca56faaafafaaafafaa07a1aae36
9cd4 12 0 9 11 11 4fe628afefaaafef80abcf8007e354cb2
9cd5 12 0 9 11 11 47e70897efcaaacf88abef8203e182e3e
9cd6 12 0 9 11 11 aa023efc4a94bf8426ffc4447fc000ffe
9cd7 12 0 9 11 11 43c72493cfa4afefaaafefc2024198e66
9cd8 12 0 9 11 11 3e855efea5447fa2107fcc447fc444ffe
9cd9 12 0 9 11 11 41077e954ffead4ffead2ffe05237ec92
9cdd 12 0 9 11 11 42477e908fbea88ffeaaaffe0221a2e3e
9cde 12 0 9 11 11 44a72c97efacacafa4abefd40341aee44
9cdf 12 0 9 11 11 4446fea28ffeaaafaaadef820fe344c2c
9ce2 12 0 9 11 11 41473e92afbeaaaffeaa2fbe022194e7e
9e1f 12 0 9 11 11 0803f82082882582003fe002ff200201c
9e20 12 0 9 11 11 41047c444f5454c54057e58257a40281c
9e21 12 0 9 11 11 010f7c14495454c54027e20257a50281c
9e22 12 0 9 11 11 048ffe0200923fe2882483fe002ff200c
9e23 12 0 9 11 11 010f7c94495494c94097e902f7a00201c
9e25 12 0 9 11 11 f9083cca4ab4aac92093ea82cba802f8c
9e26 12 0 9 11 11 f9053c524934fac32053e50297a90230c
9e29 12 0 9 11 11 21023cfa4ab4aac22053e50257a58290c
9e2a 12 0 9 11 11 21023cfa423422c220fbe8828fa882f8c
9e2b 12 0 9 11 11 110fbc22453452c7a013e5025ba94230c
9e2c 12 0 9 11 11 2103bc2247b44ac4a07be40247a40280c
9e2d 12 0 9 11 11 f90abcaa4fb4aacaa0fbe20227a20220c
9e2f 12 0 9 11 11 0403f8248ffe110e8e3f82483fe002fec
9e31 12 0 9 11 11 190e3ca24a34a2cfa0a3ea0297ad02a8c
9e32 12 0 9 11 11 4107bc8a40b4eacaa0abea82efa08230c
9e33 12 0 9 11 11 2003bcca42ac122e9e3f82483fe002fec
9e35 12 0 9 11 11 410f7e942d20b24828fb00a02a2ca231e
9e36 12 0 9 11 11 20849230c410fbe000ffe2483fe002fec
9e38 12 0 9 11 11 f9023c424fb4aacaa0abea82afaa8298c
9e39 12 0 9 11 11 190e3c224234fec22023ef828fa882f8c
9e3d 12 0 9 11 11 21023c5248f472c020fbe8828fa882f8c
9e3f 12 0 9 11 11 80841c1d489c49409009e4c25ba80280c
9e41 12 0 9 11 11 210fbc224fb48ac72013e382e7a20260c
9e42 12 0 9 11 11 fe400eeeaaaeaaaaa8eeeaa2abaaa2aac
9e43 12 0 9 11 11 f908bcfa4034fac8a0fbe882ffa88298c
9e44 12 0 9 11 11 5107bc924134fec020fbe8828fa882f8c
9e45 12 0 9 11 11 290d7c524ff452c52073ed424ba482d4c
9e47 12 0 9 11 11 9c845c15495cfd4950b5edc297e9428cc
9e48 12 0 9 11 11 89053cfa42b4faca20fbe2826fab8220c
9e49 12 0 9 11 11 ed00bcfe40b42acaa0bbea82abab42c4c
9e4a 12 0 9 11 11 510fbc524534fec020fbe882ffa882f8c
9e4b 12 0 9 11 11 510fbc524034facaa0abef82afaa82f8c
9e4e 12 0 9 11 11 410fbcaa4fb4aacfa053e902fba10210c
9e4f 12 0 9 11 11 ee4aaeaaaeeeaaaaa8eeeaa2abaaa276c
9e51 12 0 9 11 11 210ffc4a47b402c7a013e382e7a20260c
9e55 12 0 9 11 11 5c855ef525da556f509de94297af422cc
9e57 12 0 9 11 11 f90abcfa4034fac020fbe4027ba08230c
9e58 12 0 9 11 11 71053c524fb48ac72053e70257a70250c
9e5a 12 0 9 11 11 44829eff249a916b5049e48293ab42dac
9e5b 12 0 9 11 11 f90abcfa4834bacaa0bbea82bfaa82b8c
9e5c 12 0 9 11 11 79013efd4548b360803f82483fe002fec
9e63 12 0 9 11 11 488fdc514fdc554ff055efc253ad8254c
9e64 12 0 9 11 11 210fbcaa45347acd207be5027ba50278c
9e66 12 0 9 11 11 fc8b5cb54b5c494b5021efc22be302ccc
9e67 12 0 9 11 11 110fbc824ab4fecaa0abeb8283ad4254c
9e68 12 0 9 11 11 ec825cb546dcb5431049e94263a08270c
9e6a 12 0 9 11 11 510fbc924fb492cfa093ef8207aa82a8c
9e6b 12 0 9 11 11 114fd24be790aaa64e3f82483fe002fec
9e6c 12 0 9 11 11 7c809cff433c554910fded42bfad42f4c
9e70 12 0 9 11 11 0207fe4a857e74857e4a44fe4025fa806
9e73 12 0 9 11 11 510fbc524ab4fac520fbe902fba902f8c
9e7e 12 0 9 11 11 22437e208ffe888dfea90abedc8888fbe
9e7f 12 0 9 11 11 0207fe4907fe4927fe5105d451855298e
9e82 12 0 9 11 11 0207fe4927fe5105dc5127fe89089231e
9e88 12 0 9 11 11 0207fe4947fc51455a7fe4205fc420bfe
9e8b 12 0 9 11 11 0207fe4927fe5107de5244a8bfe924222
9e92 12 0 9 11 11 124ffeaa4ffcaa4ffc82497ed80924dc2
9e93 12 0 9 11 11 110ffe5349527fe4927fea10bde2107de
9e9d 12 0 9 11 11 0207fe4947fc4aa5fe54457e7e4554acc
9e9f 12 0 9 11 11 24afaca7efacacafa483e954db492edc4
9ea6 12 0 9 11 11 0407fc0407fc040ffe0801fc7080f0f0e
9eb4 12 0 9 11 11 220fbe722ad653aa9247e7baad6112e8c
9eb8 12 0 9 11 11 208f8823ef88208fbe408794a94122ec2
9ebb 12 0 9 11 11 0207fe4884887fe4885985dc6aa488888
9ebd 12 0 9 11 11 0207fe4887fe4885aa6aa4909208443fe
9ebe 12 0 9 11 11 0207fe4887fe5dc6aa43c5c047c5c283e
9ec4 12 0 9 11 11 1107fc110ffe0407fc4447fc4447fcc06
9ec9 12 0 9 11 11 248ffe9127fc110ffe4447fc4447fcc06
9ecd 12 0 9 11 11 03c7c0040ffe248c461b0e4e2481506cc
9ece 12 0 9 11 11 fa023efaa74aa922461b0e4e2481506cc
9ecf 12 0 9 11 11 188e0820efc8688a4823eaa2722ae263e
9ed1 12 0 9 11 11 7fc4445544447fc0407fc040ffe524892
9ed4 12 0 9 11 11 f88a88f94ae2f88204fbe202f84004a88
9ed8 12 0 9 11 11 fca94adc897efc8108fc8114fd4014aa2
9edb 12 0 9 11 11 12423eee02127fe4447fc040ffe524892
9edc 12 0 9 11 11 f88aaafaaaaafbe208f8822afaa02aabe
9edd 12 0 9 11 11 f48a48f5ea8afaa2caf4a24af8a0aaad6
9edf 12 0 9 11 11 f90a9efe2a94f88270f9e262f94008ab0
9ee0 12 0 9 11 11 f88a88ffea88f8823ef8023efa2022abe
9ee2 12 0 9 11 11 f90aa4dfe8a8aaefc021efe2024a98ae6
9ee5 12 0 9 11 11 f88abef80abefa2222fbe208faa02aa98
9ee9 12 0 9 11 11 f90afcf90afefa2258fa827ef90024ac2
9eea 12 0 9 11 11 f90aa4ffaa88ffe214fa224cfb0006ab8
9eef 12 0 9 11 11 f88abef94a94ffe200fbe222fbe022abe
9ef9 12 0 9 11 11 4a42a8ffe2481507fc44455464c44444c
9efb 12 0 9 11 11 d9253efd0290a6afaaaaafa4ac4a8aab2
9efc 12 0 9 11 11 50adbe508fbe22aabefaaabefaaaaaaaa
9efe 12 1 9 10 11 7f04107f0080ff8888ff8888ff808407c
9f0b 12 0 9 11 11 3f8000ffe110ffe2087fc4447fc04203e
9f0d 12 0 9 11 11 7bc4a47fc248ffe2087fc4447fc04203e
9f0e 12 0 9 11 11 3f8208bfaa0abfaa0affe0a0fbe4a28a2
9f10 12 0 9 11 11 7f810e202df61105f45147fc0a0fbe4a2
9f13 12 0 9 11 11 208fc823ef88008fbe8a2fa2514588e76
9f19 12 0 9 11 11 208fbe208fbe894ffe4447fc484ffe010
9f20 12 1 9 10 11 f78808f78808ff8000aa8998aa8998ee4
9f2c 12 0 9 11 11 588888dbe8aafaa02aabefaaaaafaaa7e
9f2f 12 0 9 11 11 5be888dbc894f9407ea80fbeaa2fa2a7e
9f39 12 0 9 11 11 5bc8a4dbc8a4ffe042a90ffea94f98a66
9f3b 12 0 9 11 11 0803f82083f82087fc4447fc444ffe208
9f3d 12 0 9 11 11 220720520ff8aa8fa8aa8fa802afaa54e
9f3e 12 0 9 11 11 23e708508f88abef88a88f88008f88508
9f44 12 0 9 11 11 20877e52cfcaabcfa4abcfa403cf8057e
9f50 12 0 9 11 11 040ffe2081100e0318c06208208208408
9f51 12 0 9 11 11 040ffe1100e0318ca65b44a45b44a49f4
9f7f 12 0 9 11 11 04027c240240ffe0004444444a45147fc
9f80 12 0 9 11 11 210b90a12a14f98010ab0ad0d92892f8e
9f83 12 0 9 11 11 23cba4a24a3cfa4024abcaa4da48a4ffe
9f84 12 0 9 11 11 208b88a14a62f88004abea82d94888f84
9f85 12 0 9 11 11 220bbea42a3afaa02aabaaa6da08a2f9e
9f86 12 0 9 11 11 27eb92a12a22fc6000abeaa2da28a2fbe
9f87 12 0 9 11 11 228ba8a28a2afba02caa8aa8daa8bafce
9f88 12 0 9 11 11 23eba2a3ea22fa203eaa8aaada48b4fa2
9f89 12 0 9 11 11 23eb88a3ca14f9407ea80abeda28a2fbe
9f8a 12 0 9 11 11 23eba2a22a22fbe008aa8aaeda88d8f86
9f8b 12 0 9 11 11 206bb8a08a3efaa03ea88abedaa8bafa6
9f8c 12 0 9 11 11 23eba2a3ea20fbe024abaaa8dbe8a8fde
9f99 12 0 9 11 11 090088ffe0a00a012412823022246289e
9f9a 12 0 9 11 11 088ffe128232cde1107fc110ffe208c06
9f9b 12 0 9 11 11 0e0318ce63f82083f8090ffe128232cde
9f9f 12 0 9 11 11 2003f0410ffc4447fc4444447fc04203e
9fa0 12 0 9 11 11 0e0318df6aaaeee000ffe912ffe912916
ff01 12 1 8 3 9 4eee44404
ff05 12 2 8 7 9 44a448081020244a44
ff08 12 7 9 3 11 24488888442
ff09 12 1 9 3 11 84422222448
ff0b 12 2 7 7 7 101010fe101010
ff0c 12 2 2 2 4 cc48
ff0d 12 2 4 7 1 fe
ff0f 12 0 9 11 11 002004008010020040080100200400800
ff1a 12 2 7 2 8 cc0000cc
ff1b 12 2 7 2 9 cc000cc48
ff1f 12 0 8 5 9 708888081020200020
ff5e 12 0 5 11 3 382444838
